#include "icons.h"

const uint8_t ICON_TERMINAL[] = {
    0x4C, 0x49, 0x43, 0x32, 0x30, 0x30, 0x00, 0x00,
    0x00, 0x00, 0x00, 0x00, 0x00, 0x00, 0x00, 0x00, 0x00, 0x00, 0x00, 0x00,
    0x00, 0x00, 0x00, 0x00, 0x00, 0x00, 0x00, 0x00, 0x00, 0x00, 0x00, 0x00,
    0x00, 0x00, 0x00, 0x00, 0x00, 0x00, 0x00, 0x00, 0x00, 0x00, 0x00, 0x00,
    0x00, 0x00, 0x00, 0x00, 0x00, 0x00, 0x00, 0x00, 0x00, 0x00, 0x00, 0x00,
    0x00, 0x00, 0x00, 0x00, 0x00, 0x00, 0x00, 0x00, 0x00, 0x00, 0x00, 0x00,
    0x00, 0x00, 0x00, 0x00, 0x00, 0x00, 0x00, 0x00, 0x00, 0x00, 0x00, 0x00,
    0x00, 0x00, 0x00, 0x00, 0x00, 0x00, 0x00, 0x00, 0x00, 0x00, 0x00, 0x00,
    0x00, 0x00, 0x00, 0x00, 0x00, 0x00, 0x00, 0x00, 0x00, 0x00, 0x00, 0x00,
    0x00, 0x00, 0x00, 0x00, 0x00, 0x00, 0x00, 0x00, 0x00, 0x00, 0x00, 0x00,
    0x00, 0x00, 0x00, 0x00, 0x00, 0x00, 0x00, 0x00, 0x00, 0x00, 0x00, 0x00,
    0x00, 0x00, 0x00, 0x00, 0x00, 0x00, 0x00, 0x00, 0x00, 0x00, 0x00, 0x00,
    0x00, 0x00, 0x00, 0x00, 0x00, 0x00, 0x00, 0x00, 0x00, 0x00, 0x00, 0x00,
    0x00, 0x00, 0x00, 0x00, 0x00, 0x00, 0x00, 0x00, 0x00, 0x00, 0x00, 0x00,
    0x00, 0x00, 0x00, 0x00, 0x00, 0x00, 0x00, 0x00, 0x00, 0x00, 0x00, 0x00,
    0x00, 0x00, 0x00, 0x00, 0x00, 0x00, 0x00, 0x00, 0x00, 0x00, 0x00, 0x00,
    0x00, 0x00, 0x00, 0x00, 0x00, 0x00, 0x00, 0x00, 0x00, 0x00, 0x00, 0x00,
    0x00, 0x00, 0x00, 0x00, 0x00, 0x00, 0x00, 0x00, 0x00, 0x00, 0x00, 0x00,
    0x00, 0x00, 0x00, 0x00, 0x00, 0x00, 0x00, 0x00, 0x00, 0x00, 0x00, 0x00,
    0x00, 0x00, 0x00, 0x00, 0x00, 0x00, 0x00, 0x00, 0x00, 0x00, 0x00, 0x00,
    0x00, 0x00, 0x00, 0x00, 0x00, 0x00, 0x00, 0x00, 0x00, 0x00, 0x00, 0x00,
    0x00, 0x00, 0x00, 0x00, 0x00, 0x00, 0x00, 0x00, 0x00, 0x00, 0x00, 0x00,
    0x00, 0x00, 0x00, 0x00, 0x00, 0x00, 0x00, 0x00, 0x00, 0x00, 0x00, 0x00,
    0x00, 0x00, 0x00, 0x00, 0x00, 0x00, 0x00, 0x00, 0x00, 0x00, 0x00, 0x00,
    0x00, 0x00, 0x00, 0x00, 0x00, 0x00, 0x00, 0x00, 0x00, 0x00, 0x00, 0x00,
    0x00, 0x00, 0x00, 0x00, 0x00, 0x00, 0x00, 0x00, 0x00, 0x00, 0x00, 0x00,
    0x00, 0x00, 0x00, 0x00, 0x00, 0x00, 0x00, 0x00, 0x00, 0x00, 0x00, 0x00,
    0x00, 0x00, 0x00, 0x00, 0x00, 0x00, 0x00, 0x00, 0x00, 0x00, 0x00, 0x00,
    0x00, 0x00, 0x00, 0x00, 0x00, 0x00, 0x00, 0x00, 0x00, 0x00, 0x00, 0x00,
    0x00, 0x00, 0x00, 0x00, 0x00, 0x00, 0x00, 0x00, 0x00, 0x00, 0x00, 0x00,
    0x00, 0x00, 0x00, 0x00, 0x00, 0x00, 0x00, 0x00, 0x00, 0x00, 0x00, 0x00,
    0x00, 0x00, 0x00, 0x00, 0x00, 0x00, 0x00, 0x00, 0x00, 0x00, 0x00, 0x00,
    0x00, 0x00, 0x00, 0x00, 0x00, 0x00, 0x00, 0x00, 0x00, 0x00, 0x00, 0x00,
    0x00, 0x00, 0x00, 0x00, 0x00, 0x00, 0x00, 0x00, 0x00, 0x00, 0x00, 0x00,
    0x00, 0x00, 0x00, 0x00, 0x00, 0x00, 0x00, 0x00, 0x00, 0x00, 0x00, 0x00,
    0x00, 0x00, 0x00, 0x00, 0x00, 0x00, 0x00, 0x00, 0x00, 0x00, 0x00, 0x00,
    0x00, 0x00, 0x00, 0x00, 0x00, 0x00, 0x00, 0x00, 0x00, 0x00, 0x00, 0x00,
    0x00, 0x00, 0x00, 0x00, 0x00, 0x00, 0x00, 0x00, 0x00, 0x00, 0x00, 0x00,
    0x00, 0x00, 0x00, 0x00, 0x00, 0x00, 0x00, 0x00, 0x00, 0x00, 0x00, 0x00,
    0x00, 0x00, 0x00, 0x00, 0x00, 0x00, 0x00, 0x00, 0x00, 0x00, 0x00, 0x00,
    0x00, 0x00, 0x00, 0x00, 0x00, 0x00, 0x00, 0x00, 0x00, 0x00, 0x00, 0x00,
    0x00, 0x00, 0x00, 0x00, 0x00, 0x00, 0x00, 0x00, 0x00, 0x00, 0x00, 0x00,
    0x00, 0x00, 0x00, 0x00, 0x00, 0x00, 0x00, 0x00, 0x00, 0x00, 0x00, 0x00,
    0x00, 0x00, 0x00, 0x00, 0x00, 0x00, 0x00, 0x00, 0x00, 0x00, 0x00, 0x00,
    0x00, 0x00, 0x00, 0x00, 0x00, 0x00, 0x00, 0x00, 0x00, 0x00, 0x00, 0x00,
    0x00, 0x00, 0x00, 0x00, 0x00, 0x00, 0x00, 0x00, 0x00, 0x00, 0x00, 0x00,
    0x00, 0x00, 0x00, 0x00, 0x00, 0x00, 0x00, 0x00, 0x00, 0x00, 0x00, 0x00,
    0x00, 0x00, 0x00, 0x00, 0x00, 0x00, 0x00, 0x00, 0x00, 0x00, 0x00, 0x00,
    0x00, 0x00, 0x00, 0x00, 0x00, 0x00, 0x00, 0x00, 0x00, 0x00, 0x00, 0x00,
    0x00, 0x00, 0x00, 0x00, 0x00, 0x00, 0x00, 0x00, 0x00, 0x00, 0x00, 0x00,
    0x00, 0x00, 0x00, 0x00, 0x00, 0x00, 0x00, 0x00, 0x00, 0x00, 0x00, 0x00,
    0x00, 0x00, 0x00, 0x00, 0x00, 0x00, 0x00, 0x00, 0x00, 0x00, 0x00, 0x00,
    0x77, 0x7B, 0x85, 0x52, 0x7E, 0x82, 0x8B, 0xB5, 0x7E, 0x82, 0x8B, 0xE1,
    0x75, 0x79, 0x83, 0xFF, 0x75, 0x79, 0x83, 0xFF, 0x75, 0x79, 0x83, 0xFF,
    0x75, 0x79, 0x83, 0xFF, 0x75, 0x79, 0x83, 0xFF, 0x75, 0x79, 0x83, 0xFF,
    0x75, 0x79, 0x83, 0xFF, 0x75, 0x79, 0x83, 0xFF, 0x75, 0x79, 0x83, 0xFF,
    0x75, 0x79, 0x83, 0xFF, 0x75, 0x79, 0x83, 0xFF, 0x75, 0x79, 0x83, 0xFF,
    0x75, 0x79, 0x83, 0xFF, 0x75, 0x79, 0x83, 0xFF, 0x75, 0x79, 0x83, 0xFF,
    0x75, 0x79, 0x83, 0xFF, 0x75, 0x79, 0x83, 0xFF, 0x75, 0x79, 0x83, 0xFF,
    0x75, 0x79, 0x83, 0xFF, 0x75, 0x79, 0x83, 0xFF, 0x75, 0x79, 0x83, 0xFF,
    0x75, 0x79, 0x83, 0xFF, 0x75, 0x79, 0x83, 0xFF, 0x75, 0x79, 0x83, 0xFF,
    0x7E, 0x82, 0x8B, 0xE1, 0x7E, 0x82, 0x8B, 0xB5, 0x77, 0x7B, 0x85, 0x52,
    0x00, 0x00, 0x00, 0x00, 0x00, 0x00, 0x00, 0x00, 0x00, 0x00, 0x00, 0x00,
    0x00, 0x00, 0x00, 0x00, 0x00, 0x00, 0x00, 0x00, 0x00, 0x00, 0x00, 0x00,
    0x00, 0x00, 0x00, 0x00, 0x00, 0x00, 0x00, 0x00, 0x00, 0x00, 0x00, 0x00,
    0x00, 0x00, 0x00, 0x00, 0x00, 0x00, 0x00, 0x00, 0x00, 0x00, 0x00, 0x00,
    0x00, 0x00, 0x00, 0x00, 0x00, 0x00, 0x00, 0x00, 0x00, 0x00, 0x00, 0x00,
    0x00, 0x00, 0x00, 0x00, 0x73, 0x77, 0x81, 0x33, 0x7C, 0x80, 0x89, 0xD3,
    0x65, 0x6A, 0x75, 0xFF, 0x47, 0x4C, 0x59, 0xFF, 0x3B, 0x41, 0x4F, 0xFF,
    0x3B, 0x41, 0x4F, 0xFF, 0x3B, 0x41, 0x4F, 0xFF, 0x3B, 0x41, 0x4F, 0xFF,
    0x3B, 0x41, 0x4F, 0xFF, 0x3B, 0x41, 0x4F, 0xFF, 0x3B, 0x41, 0x4F, 0xFF,
    0x3B, 0x41, 0x4F, 0xFF, 0x3B, 0x41, 0x4F, 0xFF, 0x3B, 0x41, 0x4F, 0xFF,
    0x3B, 0x41, 0x4F, 0xFF, 0x3B, 0x41, 0x4F, 0xFF, 0x3B, 0x41, 0x4F, 0xFF,
    0x3B, 0x41, 0x4F, 0xFF, 0x3B, 0x41, 0x4F, 0xFF, 0x3B, 0x41, 0x4F, 0xFF,
    0x3B, 0x41, 0x4F, 0xFF, 0x3B, 0x41, 0x4F, 0xFF, 0x3B, 0x41, 0x4F, 0xFF,
    0x3B, 0x41, 0x4F, 0xFF, 0x3B, 0x41, 0x4F, 0xFF, 0x3B, 0x41, 0x4F, 0xFF,
    0x3B, 0x41, 0x4F, 0xFF, 0x3B, 0x41, 0x4F, 0xFF, 0x3B, 0x41, 0x4F, 0xFF,
    0x3B, 0x41, 0x4F, 0xFF, 0x47, 0x4C, 0x59, 0xFF, 0x65, 0x6A, 0x75, 0xFF,
    0x7C, 0x80, 0x89, 0xD3, 0x73, 0x77, 0x81, 0x33, 0x00, 0x00, 0x00, 0x00,
    0x00, 0x00, 0x00, 0x00, 0x00, 0x00, 0x00, 0x00, 0x00, 0x00, 0x00, 0x00,
    0x00, 0x00, 0x00, 0x00, 0x00, 0x00, 0x00, 0x00, 0x00, 0x00, 0x00, 0x00,
    0x00, 0x00, 0x00, 0x00, 0x00, 0x00, 0x00, 0x00, 0x00, 0x00, 0x00, 0x00,
    0x00, 0x00, 0x00, 0x00, 0x00, 0x00, 0x00, 0x00, 0x00, 0x00, 0x00, 0x00,
    0x71, 0x75, 0x7F, 0x56, 0x72, 0x76, 0x80, 0xF6, 0x45, 0x4A, 0x57, 0xFF,
    0x3A, 0x40, 0x4E, 0xFF, 0x3A, 0x40, 0x4E, 0xFF, 0x3A, 0x40, 0x4E, 0xFF,
    0x3A, 0x40, 0x4E, 0xFF, 0x3A, 0x40, 0x4E, 0xFF, 0x3A, 0x40, 0x4E, 0xFF,
    0x3A, 0x40, 0x4E, 0xFF, 0x3A, 0x40, 0x4E, 0xFF, 0x3A, 0x40, 0x4E, 0xFF,
    0x3A, 0x40, 0x4E, 0xFF, 0x3A, 0x40, 0x4E, 0xFF, 0x3A, 0x40, 0x4E, 0xFF,
    0x3A, 0x40, 0x4E, 0xFF, 0x3A, 0x40, 0x4E, 0xFF, 0x3A, 0x40, 0x4E, 0xFF,
    0x3A, 0x40, 0x4E, 0xFF, 0x3A, 0x40, 0x4E, 0xFF, 0x3A, 0x40, 0x4E, 0xFF,
    0x3A, 0x40, 0x4E, 0xFF, 0x3A, 0x40, 0x4E, 0xFF, 0x3A, 0x40, 0x4E, 0xFF,
    0x3A, 0x40, 0x4E, 0xFF, 0x3A, 0x40, 0x4E, 0xFF, 0x3A, 0x40, 0x4E, 0xFF,
    0x3A, 0x40, 0x4E, 0xFF, 0x3A, 0x40, 0x4E, 0xFF, 0x3A, 0x40, 0x4E, 0xFF,
    0x3A, 0x40, 0x4E, 0xFF, 0x3A, 0x40, 0x4E, 0xFF, 0x3A, 0x40, 0x4E, 0xFF,
    0x45, 0x4A, 0x57, 0xFF, 0x72, 0x76, 0x80, 0xF6, 0x71, 0x75, 0x7F, 0x56,
    0x00, 0x00, 0x00, 0x00, 0x00, 0x00, 0x00, 0x00, 0x00, 0x00, 0x00, 0x00,
    0x00, 0x00, 0x00, 0x00, 0x00, 0x00, 0x00, 0x00, 0x00, 0x00, 0x00, 0x00,
    0x00, 0x00, 0x00, 0x00, 0x00, 0x00, 0x00, 0x00, 0x00, 0x00, 0x00, 0x00,
    0x00, 0x00, 0x00, 0x00, 0x00, 0x00, 0x00, 0x00, 0x6A, 0x6E, 0x78, 0x42,
    0x6D, 0x71, 0x7B, 0xF8, 0x3D, 0x42, 0x50, 0xFF, 0x39, 0x3F, 0x4D, 0xFF,
    0x39, 0x3F, 0x4D, 0xFF, 0x39, 0x3F, 0x4D, 0xFF, 0x39, 0x3F, 0x4D, 0xFF,
    0x39, 0x3F, 0x4D, 0xFF, 0x39, 0x3F, 0x4D, 0xFF, 0x39, 0x3F, 0x4D, 0xFF,
    0x39, 0x3F, 0x4D, 0xFF, 0x39, 0x3F, 0x4D, 0xFF, 0x39, 0x3F, 0x4D, 0xFF,
    0x39, 0x3F, 0x4D, 0xFF, 0x39, 0x3F, 0x4D, 0xFF, 0x39, 0x3F, 0x4D, 0xFF,
    0x39, 0x3F, 0x4D, 0xFF, 0x39, 0x3F, 0x4D, 0xFF, 0x39, 0x3F, 0x4D, 0xFF,
    0x39, 0x3F, 0x4D, 0xFF, 0x39, 0x3F, 0x4D, 0xFF, 0x39, 0x3F, 0x4D, 0xFF,
    0x39, 0x3F, 0x4D, 0xFF, 0x39, 0x3F, 0x4D, 0xFF, 0x39, 0x3F, 0x4D, 0xFF,
    0x39, 0x3F, 0x4D, 0xFF, 0x39, 0x3F, 0x4D, 0xFF, 0x39, 0x3F, 0x4D, 0xFF,
    0x39, 0x3F, 0x4D, 0xFF, 0x39, 0x3F, 0x4D, 0xFF, 0x39, 0x3F, 0x4D, 0xFF,
    0x39, 0x3F, 0x4D, 0xFF, 0x39, 0x3F, 0x4D, 0xFF, 0x39, 0x3F, 0x4D, 0xFF,
    0x39, 0x3F, 0x4D, 0xFF, 0x3D, 0x42, 0x50, 0xFF, 0x6D, 0x71, 0x7B, 0xF8,
    0x6A, 0x6E, 0x78, 0x42, 0x00, 0x00, 0x00, 0x00, 0x00, 0x00, 0x00, 0x00,
    0x00, 0x00, 0x00, 0x00, 0x00, 0x00, 0x00, 0x00, 0x00, 0x00, 0x00, 0x00,
    0x00, 0x00, 0x00, 0x00, 0x00, 0x00, 0x00, 0x00, 0x00, 0x00, 0x00, 0x00,
    0x00, 0x00, 0x00, 0x00, 0x46, 0x49, 0x4F, 0x0B, 0x70, 0x74, 0x7D, 0xE3,
    0x3F, 0x44, 0x51, 0xFF, 0x38, 0x3E, 0x4C, 0xFF, 0x38, 0x3E, 0x4C, 0xFF,
    0x38, 0x3E, 0x4C, 0xFF, 0x38, 0x3E, 0x4C, 0xFF, 0x38, 0x3E, 0x4C, 0xFF,
    0x38, 0x3E, 0x4C, 0xFF, 0x38, 0x3E, 0x4C, 0xFF, 0x38, 0x3E, 0x4C, 0xFF,
    0x38, 0x3E, 0x4C, 0xFF, 0x38, 0x3E, 0x4C, 0xFF, 0x38, 0x3E, 0x4C, 0xFF,
    0x38, 0x3E, 0x4C, 0xFF, 0x38, 0x3E, 0x4C, 0xFF, 0x38, 0x3E, 0x4C, 0xFF,
    0x38, 0x3E, 0x4C, 0xFF, 0x38, 0x3E, 0x4C, 0xFF, 0x38, 0x3E, 0x4C, 0xFF,
    0x38, 0x3E, 0x4C, 0xFF, 0x38, 0x3E, 0x4C, 0xFF, 0x38, 0x3E, 0x4C, 0xFF,
    0x38, 0x3E, 0x4C, 0xFF, 0x38, 0x3E, 0x4C, 0xFF, 0x38, 0x3E, 0x4C, 0xFF,
    0x38, 0x3E, 0x4C, 0xFF, 0x38, 0x3E, 0x4C, 0xFF, 0x38, 0x3E, 0x4C, 0xFF,
    0x38, 0x3E, 0x4C, 0xFF, 0x38, 0x3E, 0x4C, 0xFF, 0x38, 0x3E, 0x4C, 0xFF,
    0x38, 0x3E, 0x4C, 0xFF, 0x38, 0x3E, 0x4C, 0xFF, 0x38, 0x3E, 0x4C, 0xFF,
    0x38, 0x3E, 0x4C, 0xFF, 0x38, 0x3E, 0x4C, 0xFF, 0x3F, 0x44, 0x51, 0xFF,
    0x70, 0x74, 0x7D, 0xE3, 0x46, 0x49, 0x4F, 0x0B, 0x00, 0x00, 0x00, 0x00,
    0x00, 0x00, 0x00, 0x00, 0x00, 0x00, 0x00, 0x00, 0x00, 0x00, 0x00, 0x00,
    0x00, 0x00, 0x00, 0x00, 0x00, 0x00, 0x00, 0x00, 0x00, 0x00, 0x00, 0x00,
    0x00, 0x00, 0x00, 0x02, 0x62, 0x65, 0x6E, 0x83, 0x53, 0x58, 0x63, 0xFF,
    0x38, 0x3D, 0x4B, 0xFF, 0x38, 0x3D, 0x4B, 0xFF, 0x38, 0x3D, 0x4B, 0xFF,
    0x38, 0x3D, 0x4B, 0xFF, 0x38, 0x3D, 0x4B, 0xFF, 0x38, 0x3D, 0x4B, 0xFF,
    0x38, 0x3D, 0x4B, 0xFF, 0x38, 0x3D, 0x4B, 0xFF, 0x38, 0x3D, 0x4B, 0xFF,
    0x38, 0x3D, 0x4B, 0xFF, 0x38, 0x3D, 0x4B, 0xFF, 0x38, 0x3D, 0x4B, 0xFF,
    0x38, 0x3D, 0x4B, 0xFF, 0x38, 0x3D, 0x4B, 0xFF, 0x38, 0x3D, 0x4B, 0xFF,
    0x38, 0x3D, 0x4B, 0xFF, 0x38, 0x3D, 0x4B, 0xFF, 0x38, 0x3D, 0x4B, 0xFF,
    0x38, 0x3D, 0x4B, 0xFF, 0x38, 0x3D, 0x4B, 0xFF, 0x38, 0x3D, 0x4B, 0xFF,
    0x38, 0x3D, 0x4B, 0xFF, 0x38, 0x3D, 0x4B, 0xFF, 0x38, 0x3D, 0x4B, 0xFF,
    0x38, 0x3D, 0x4B, 0xFF, 0x38, 0x3D, 0x4B, 0xFF, 0x38, 0x3D, 0x4B, 0xFF,
    0x38, 0x3D, 0x4B, 0xFF, 0x38, 0x3D, 0x4B, 0xFF, 0x38, 0x3D, 0x4B, 0xFF,
    0x38, 0x3D, 0x4B, 0xFF, 0x38, 0x3D, 0x4B, 0xFF, 0x38, 0x3D, 0x4B, 0xFF,
    0x38, 0x3D, 0x4B, 0xFF, 0x38, 0x3D, 0x4B, 0xFF, 0x38, 0x3D, 0x4B, 0xFF,
    0x53, 0x58, 0x63, 0xFF, 0x62, 0x65, 0x6E, 0x83, 0x00, 0x00, 0x00, 0x02,
    0x00, 0x00, 0x00, 0x00, 0x00, 0x00, 0x00, 0x00, 0x00, 0x00, 0x00, 0x00,
    0x00, 0x00, 0x00, 0x00, 0x00, 0x00, 0x00, 0x00, 0x00, 0x00, 0x00, 0x00,
    0x00, 0x00, 0x00, 0x0E, 0x68, 0x6C, 0x76, 0xD9, 0x3A, 0x3F, 0x4C, 0xFF,
    0x37, 0x3C, 0x4A, 0xFF, 0x37, 0x3C, 0x4A, 0xFF, 0x37, 0x3C, 0x4A, 0xFF,
    0x37, 0x3C, 0x4A, 0xFF, 0x37, 0x3C, 0x4A, 0xFF, 0x37, 0x3C, 0x4A, 0xFF,
    0x37, 0x3C, 0x4A, 0xFF, 0x37, 0x3C, 0x4A, 0xFF, 0x37, 0x3C, 0x4A, 0xFF,
    0x37, 0x3C, 0x4A, 0xFF, 0x37, 0x3C, 0x4A, 0xFF, 0x37, 0x3C, 0x4A, 0xFF,
    0x37, 0x3C, 0x4A, 0xFF, 0x37, 0x3C, 0x4A, 0xFF, 0x37, 0x3C, 0x4A, 0xFF,
    0x37, 0x3C, 0x4A, 0xFF, 0x37, 0x3C, 0x4A, 0xFF, 0x37, 0x3C, 0x4A, 0xFF,
    0x37, 0x3C, 0x4A, 0xFF, 0x37, 0x3C, 0x4A, 0xFF, 0x37, 0x3C, 0x4A, 0xFF,
    0x37, 0x3C, 0x4A, 0xFF, 0x37, 0x3C, 0x4A, 0xFF, 0x37, 0x3C, 0x4A, 0xFF,
    0x37, 0x3C, 0x4A, 0xFF, 0x37, 0x3C, 0x4A, 0xFF, 0x37, 0x3C, 0x4A, 0xFF,
    0x37, 0x3C, 0x4A, 0xFF, 0x37, 0x3C, 0x4A, 0xFF, 0x37, 0x3C, 0x4A, 0xFF,
    0x37, 0x3C, 0x4A, 0xFF, 0x37, 0x3C, 0x4A, 0xFF, 0x37, 0x3C, 0x4A, 0xFF,
    0x37, 0x3C, 0x4A, 0xFF, 0x37, 0x3C, 0x4A, 0xFF, 0x37, 0x3C, 0x4A, 0xFF,
    0x3A, 0x3F, 0x4C, 0xFF, 0x68, 0x6C, 0x76, 0xD9, 0x00, 0x00, 0x00, 0x0E,
    0x00, 0x00, 0x00, 0x00, 0x00, 0x00, 0x00, 0x00, 0x00, 0x00, 0x00, 0x00,
    0x00, 0x00, 0x00, 0x00, 0x00, 0x00, 0x00, 0x00, 0x00, 0x00, 0x00, 0x04,
    0x26, 0x28, 0x2C, 0x28, 0x5E, 0x62, 0x6D, 0xFE, 0x36, 0x3C, 0x49, 0xFF,
    0x36, 0x3C, 0x49, 0xFF, 0x36, 0x3C, 0x49, 0xFF, 0x36, 0x3C, 0x49, 0xFF,
    0x36, 0x3C, 0x49, 0xFF, 0x36, 0x3C, 0x49, 0xFF, 0x36, 0x3C, 0x49, 0xFF,
    0x36, 0x3C, 0x49, 0xFF, 0x36, 0x3C, 0x49, 0xFF, 0x36, 0x3C, 0x49, 0xFF,
    0x36, 0x3C, 0x49, 0xFF, 0x36, 0x3C, 0x49, 0xFF, 0x36, 0x3C, 0x49, 0xFF,
    0x36, 0x3C, 0x49, 0xFF, 0x36, 0x3C, 0x49, 0xFF, 0x36, 0x3C, 0x49, 0xFF,
    0x36, 0x3C, 0x49, 0xFF, 0x36, 0x3C, 0x49, 0xFF, 0x36, 0x3C, 0x49, 0xFF,
    0x36, 0x3C, 0x49, 0xFF, 0x36, 0x3C, 0x49, 0xFF, 0x36, 0x3C, 0x49, 0xFF,
    0x36, 0x3C, 0x49, 0xFF, 0x36, 0x3C, 0x49, 0xFF, 0x36, 0x3C, 0x49, 0xFF,
    0x36, 0x3C, 0x49, 0xFF, 0x36, 0x3C, 0x49, 0xFF, 0x36, 0x3C, 0x49, 0xFF,
    0x36, 0x3C, 0x49, 0xFF, 0x36, 0x3C, 0x49, 0xFF, 0x36, 0x3C, 0x49, 0xFF,
    0x36, 0x3C, 0x49, 0xFF, 0x36, 0x3C, 0x49, 0xFF, 0x36, 0x3C, 0x49, 0xFF,
    0x36, 0x3C, 0x49, 0xFF, 0x36, 0x3C, 0x49, 0xFF, 0x36, 0x3C, 0x49, 0xFF,
    0x36, 0x3C, 0x49, 0xFF, 0x5E, 0x62, 0x6D, 0xFE, 0x26, 0x28, 0x2C, 0x28,
    0x00, 0x00, 0x00, 0x04, 0x00, 0x00, 0x00, 0x00, 0x00, 0x00, 0x00, 0x00,
    0x00, 0x00, 0x00, 0x00, 0x00, 0x00, 0x00, 0x00, 0x00, 0x00, 0x00, 0x0C,
    0x43, 0x46, 0x4D, 0x55, 0x53, 0x57, 0x62, 0xFF, 0x35, 0x3B, 0x48, 0xFF,
    0x35, 0x3B, 0x48, 0xFF, 0x35, 0x3B, 0x48, 0xFF, 0x35, 0x3B, 0x48, 0xFF,
    0x35, 0x3B, 0x48, 0xFF, 0x35, 0x3B, 0x48, 0xFF, 0x35, 0x3B, 0x48, 0xFF,
    0x35, 0x3B, 0x48, 0xFF, 0x35, 0x3B, 0x48, 0xFF, 0x35, 0x3B, 0x48, 0xFF,
    0x35, 0x3B, 0x48, 0xFF, 0x35, 0x3B, 0x48, 0xFF, 0x35, 0x3B, 0x48, 0xFF,
    0x35, 0x3B, 0x48, 0xFF, 0x35, 0x3B, 0x48, 0xFF, 0x35, 0x3B, 0x48, 0xFF,
    0x35, 0x3B, 0x48, 0xFF, 0x35, 0x3B, 0x48, 0xFF, 0x35, 0x3B, 0x48, 0xFF,
    0x35, 0x3B, 0x48, 0xFF, 0x35, 0x3B, 0x48, 0xFF, 0x35, 0x3B, 0x48, 0xFF,
    0x35, 0x3B, 0x48, 0xFF, 0x35, 0x3B, 0x48, 0xFF, 0x35, 0x3B, 0x48, 0xFF,
    0x35, 0x3B, 0x48, 0xFF, 0x35, 0x3B, 0x48, 0xFF, 0x35, 0x3B, 0x48, 0xFF,
    0x35, 0x3B, 0x48, 0xFF, 0x35, 0x3B, 0x48, 0xFF, 0x35, 0x3B, 0x48, 0xFF,
    0x35, 0x3B, 0x48, 0xFF, 0x35, 0x3B, 0x48, 0xFF, 0x35, 0x3B, 0x48, 0xFF,
    0x35, 0x3B, 0x48, 0xFF, 0x35, 0x3B, 0x48, 0xFF, 0x35, 0x3B, 0x48, 0xFF,
    0x35, 0x3B, 0x48, 0xFF, 0x53, 0x57, 0x62, 0xFF, 0x43, 0x46, 0x4D, 0x55,
    0x00, 0x00, 0x00, 0x0C, 0x00, 0x00, 0x00, 0x00, 0x00, 0x00, 0x00, 0x00,
    0x00, 0x00, 0x00, 0x00, 0x00, 0x00, 0x00, 0x01, 0x00, 0x00, 0x00, 0x14,
    0x45, 0x48, 0x4F, 0x66, 0x4D, 0x52, 0x5D, 0xFF, 0x34, 0x3A, 0x47, 0xFF,
    0x34, 0x3A, 0x47, 0xFF, 0x34, 0x3A, 0x47, 0xFF, 0x34, 0x3A, 0x47, 0xFF,
    0x34, 0x3A, 0x47, 0xFF, 0x34, 0x3A, 0x47, 0xFF, 0x34, 0x3A, 0x47, 0xFF,
    0x34, 0x3A, 0x47, 0xFF, 0x34, 0x3A, 0x47, 0xFF, 0x34, 0x3A, 0x47, 0xFF,
    0x34, 0x3A, 0x47, 0xFF, 0x34, 0x3A, 0x47, 0xFF, 0x34, 0x3A, 0x47, 0xFF,
    0x34, 0x3A, 0x47, 0xFF, 0x34, 0x3A, 0x47, 0xFF, 0x34, 0x3A, 0x47, 0xFF,
    0x34, 0x3A, 0x47, 0xFF, 0x34, 0x3A, 0x47, 0xFF, 0x34, 0x3A, 0x47, 0xFF,
    0x34, 0x3A, 0x47, 0xFF, 0x34, 0x3A, 0x47, 0xFF, 0x34, 0x3A, 0x47, 0xFF,
    0x34, 0x3A, 0x47, 0xFF, 0x34, 0x3A, 0x47, 0xFF, 0x34, 0x3A, 0x47, 0xFF,
    0x34, 0x3A, 0x47, 0xFF, 0x34, 0x3A, 0x47, 0xFF, 0x34, 0x3A, 0x47, 0xFF,
    0x34, 0x3A, 0x47, 0xFF, 0x34, 0x3A, 0x47, 0xFF, 0x34, 0x3A, 0x47, 0xFF,
    0x34, 0x3A, 0x47, 0xFF, 0x34, 0x3A, 0x47, 0xFF, 0x34, 0x3A, 0x47, 0xFF,
    0x34, 0x3A, 0x47, 0xFF, 0x34, 0x3A, 0x47, 0xFF, 0x34, 0x3A, 0x47, 0xFF,
    0x34, 0x3A, 0x47, 0xFF, 0x4D, 0x52, 0x5D, 0xFF, 0x45, 0x48, 0x4F, 0x66,
    0x00, 0x00, 0x00, 0x14, 0x00, 0x00, 0x00, 0x01, 0x00, 0x00, 0x00, 0x00,
    0x00, 0x00, 0x00, 0x00, 0x00, 0x00, 0x00, 0x04, 0x00, 0x00, 0x00, 0x16,
    0x41, 0x44, 0x4C, 0x68, 0x4B, 0x4F, 0x5B, 0xFF, 0x34, 0x39, 0x46, 0xFF,
    0x34, 0x39, 0x46, 0xFF, 0x34, 0x39, 0x46, 0xFF, 0x34, 0x39, 0x46, 0xFF,
    0x34, 0x39, 0x46, 0xFF, 0x34, 0x39, 0x46, 0xFF, 0x34, 0x39, 0x46, 0xFF,
    0x34, 0x39, 0x46, 0xFF, 0x34, 0x39, 0x46, 0xFF, 0x34, 0x39, 0x46, 0xFF,
    0x34, 0x39, 0x46, 0xFF, 0x34, 0x39, 0x46, 0xFF, 0x34, 0x39, 0x46, 0xFF,
    0x34, 0x39, 0x46, 0xFF, 0x34, 0x39, 0x46, 0xFF, 0x34, 0x39, 0x46, 0xFF,
    0x34, 0x39, 0x46, 0xFF, 0x34, 0x39, 0x46, 0xFF, 0x34, 0x39, 0x46, 0xFF,
    0x34, 0x39, 0x46, 0xFF, 0x34, 0x39, 0x46, 0xFF, 0x34, 0x39, 0x46, 0xFF,
    0x34, 0x39, 0x46, 0xFF, 0x34, 0x39, 0x46, 0xFF, 0x34, 0x39, 0x46, 0xFF,
    0x34, 0x39, 0x46, 0xFF, 0x34, 0x39, 0x46, 0xFF, 0x34, 0x39, 0x46, 0xFF,
    0x34, 0x39, 0x46, 0xFF, 0x34, 0x39, 0x46, 0xFF, 0x34, 0x39, 0x46, 0xFF,
    0x34, 0x39, 0x46, 0xFF, 0x34, 0x39, 0x46, 0xFF, 0x34, 0x39, 0x46, 0xFF,
    0x34, 0x39, 0x46, 0xFF, 0x34, 0x39, 0x46, 0xFF, 0x34, 0x39, 0x46, 0xFF,
    0x34, 0x39, 0x46, 0xFF, 0x4B, 0x4F, 0x5B, 0xFF, 0x41, 0x44, 0x4C, 0x68,
    0x00, 0x00, 0x00, 0x16, 0x00, 0x00, 0x00, 0x04, 0x00, 0x00, 0x00, 0x00,
    0x00, 0x00, 0x00, 0x00, 0x00, 0x00, 0x00, 0x06, 0x00, 0x00, 0x00, 0x18,
    0x3E, 0x41, 0x49, 0x68, 0x48, 0x4D, 0x58, 0xFF, 0x33, 0x38, 0x45, 0xFF,
    0x33, 0x38, 0x45, 0xFF, 0x33, 0x38, 0x45, 0xFF, 0x33, 0x38, 0x45, 0xFF,
    0x33, 0x38, 0x45, 0xFF, 0x33, 0x38, 0x45, 0xFF, 0x33, 0x38, 0x45, 0xFF,
    0x33, 0x38, 0x45, 0xFF, 0x33, 0x38, 0x45, 0xFF, 0x33, 0x38, 0x45, 0xFF,
    0x33, 0x38, 0x45, 0xFF, 0x33, 0x38, 0x45, 0xFF, 0x33, 0x38, 0x45, 0xFF,
    0x33, 0x38, 0x45, 0xFF, 0x33, 0x38, 0x45, 0xFF, 0x33, 0x38, 0x45, 0xFF,
    0x33, 0x38, 0x45, 0xFF, 0x33, 0x38, 0x45, 0xFF, 0x33, 0x38, 0x45, 0xFF,
    0x33, 0x38, 0x45, 0xFF, 0x33, 0x38, 0x45, 0xFF, 0x33, 0x38, 0x45, 0xFF,
    0x33, 0x38, 0x45, 0xFF, 0x33, 0x38, 0x45, 0xFF, 0x33, 0x38, 0x45, 0xFF,
    0x33, 0x38, 0x45, 0xFF, 0x33, 0x38, 0x45, 0xFF, 0x33, 0x38, 0x45, 0xFF,
    0x33, 0x38, 0x45, 0xFF, 0x33, 0x38, 0x45, 0xFF, 0x33, 0x38, 0x45, 0xFF,
    0x33, 0x38, 0x45, 0xFF, 0x33, 0x38, 0x45, 0xFF, 0x33, 0x38, 0x45, 0xFF,
    0x33, 0x38, 0x45, 0xFF, 0x33, 0x38, 0x45, 0xFF, 0x33, 0x38, 0x45, 0xFF,
    0x33, 0x38, 0x45, 0xFF, 0x48, 0x4D, 0x58, 0xFF, 0x3E, 0x41, 0x49, 0x68,
    0x00, 0x00, 0x00, 0x18, 0x00, 0x00, 0x00, 0x06, 0x00, 0x00, 0x00, 0x00,
    0x00, 0x00, 0x00, 0x00, 0x00, 0x00, 0x00, 0x07, 0x00, 0x00, 0x00, 0x18,
    0x3C, 0x3F, 0x46, 0x68, 0x46, 0x4B, 0x56, 0xFF, 0x32, 0x37, 0x44, 0xFF,
    0x32, 0x37, 0x44, 0xFF, 0x32, 0x37, 0x44, 0xFF, 0x32, 0x37, 0x44, 0xFF,
    0x32, 0x37, 0x44, 0xFF, 0x32, 0x37, 0x44, 0xFF, 0x32, 0x37, 0x44, 0xFF,
    0x32, 0x37, 0x44, 0xFF, 0x32, 0x37, 0x44, 0xFF, 0x32, 0x37, 0x44, 0xFF,
    0x32, 0x37, 0x44, 0xFF, 0x32, 0x37, 0x44, 0xFF, 0x32, 0x37, 0x44, 0xFF,
    0x32, 0x37, 0x44, 0xFF, 0x32, 0x37, 0x44, 0xFF, 0x32, 0x37, 0x44, 0xFF,
    0x32, 0x37, 0x44, 0xFF, 0x32, 0x37, 0x44, 0xFF, 0x32, 0x37, 0x44, 0xFF,
    0x32, 0x37, 0x44, 0xFF, 0x32, 0x37, 0x44, 0xFF, 0x32, 0x37, 0x44, 0xFF,
    0x32, 0x37, 0x44, 0xFF, 0x32, 0x37, 0x44, 0xFF, 0x32, 0x37, 0x44, 0xFF,
    0x32, 0x37, 0x44, 0xFF, 0x32, 0x37, 0x44, 0xFF, 0x32, 0x37, 0x44, 0xFF,
    0x32, 0x37, 0x44, 0xFF, 0x32, 0x37, 0x44, 0xFF, 0x32, 0x37, 0x44, 0xFF,
    0x32, 0x37, 0x44, 0xFF, 0x32, 0x37, 0x44, 0xFF, 0x32, 0x37, 0x44, 0xFF,
    0x32, 0x37, 0x44, 0xFF, 0x32, 0x37, 0x44, 0xFF, 0x32, 0x37, 0x44, 0xFF,
    0x32, 0x37, 0x44, 0xFF, 0x46, 0x4B, 0x56, 0xFF, 0x3C, 0x3F, 0x46, 0x68,
    0x00, 0x00, 0x00, 0x18, 0x00, 0x00, 0x00, 0x07, 0x00, 0x00, 0x00, 0x00,
    0x00, 0x00, 0x00, 0x00, 0x00, 0x00, 0x00, 0x07, 0x00, 0x00, 0x00, 0x18,
    0x39, 0x3C, 0x44, 0x67, 0x44, 0x48, 0x53, 0xFF, 0x31, 0x36, 0x43, 0xFF,
    0x31, 0x36, 0x43, 0xFF, 0x31, 0x36, 0x43, 0xFF, 0x31, 0x36, 0x43, 0xFF,
    0x31, 0x36, 0x43, 0xFF, 0x31, 0x36, 0x43, 0xFF, 0x31, 0x36, 0x43, 0xFF,
    0x31, 0x36, 0x43, 0xFF, 0x31, 0x36, 0x43, 0xFF, 0x31, 0x36, 0x43, 0xFF,
    0x31, 0x36, 0x43, 0xFF, 0x31, 0x36, 0x43, 0xFF, 0x31, 0x36, 0x43, 0xFF,
    0x31, 0x36, 0x43, 0xFF, 0x31, 0x36, 0x43, 0xFF, 0x31, 0x36, 0x43, 0xFF,
    0x31, 0x36, 0x43, 0xFF, 0x31, 0x36, 0x43, 0xFF, 0x31, 0x36, 0x43, 0xFF,
    0x31, 0x36, 0x43, 0xFF, 0x31, 0x36, 0x43, 0xFF, 0x31, 0x36, 0x43, 0xFF,
    0x31, 0x36, 0x43, 0xFF, 0x31, 0x36, 0x43, 0xFF, 0x31, 0x36, 0x43, 0xFF,
    0x31, 0x36, 0x43, 0xFF, 0x31, 0x36, 0x43, 0xFF, 0x31, 0x36, 0x43, 0xFF,
    0x31, 0x36, 0x43, 0xFF, 0x31, 0x36, 0x43, 0xFF, 0x31, 0x36, 0x43, 0xFF,
    0x31, 0x36, 0x43, 0xFF, 0x31, 0x36, 0x43, 0xFF, 0x31, 0x36, 0x43, 0xFF,
    0x31, 0x36, 0x43, 0xFF, 0x31, 0x36, 0x43, 0xFF, 0x31, 0x36, 0x43, 0xFF,
    0x31, 0x36, 0x43, 0xFF, 0x44, 0x48, 0x53, 0xFF, 0x39, 0x3C, 0x44, 0x67,
    0x00, 0x00, 0x00, 0x18, 0x00, 0x00, 0x00, 0x07, 0x00, 0x00, 0x00, 0x00,
    0x00, 0x00, 0x00, 0x00, 0x00, 0x00, 0x00, 0x07, 0x00, 0x00, 0x00, 0x18,
    0x37, 0x3A, 0x41, 0x66, 0x41, 0x46, 0x51, 0xFF, 0x31, 0x35, 0x42, 0xFF,
    0x31, 0x35, 0x42, 0xFF, 0x31, 0x35, 0x42, 0xFF, 0x31, 0x35, 0x42, 0xFF,
    0x31, 0x35, 0x42, 0xFF, 0x31, 0x35, 0x42, 0xFF, 0x31, 0x35, 0x42, 0xFF,
    0x31, 0x35, 0x42, 0xFF, 0x31, 0x35, 0x42, 0xFF, 0x31, 0x35, 0x42, 0xFF,
    0x60, 0x95, 0x72, 0xFF, 0x50, 0x76, 0x63, 0xFF, 0x31, 0x35, 0x42, 0xFF,
    0x31, 0x35, 0x42, 0xFF, 0x31, 0x35, 0x42, 0xFF, 0x31, 0x35, 0x42, 0xFF,
    0x31, 0x35, 0x42, 0xFF, 0x31, 0x35, 0x42, 0xFF, 0x31, 0x35, 0x42, 0xFF,
    0x31, 0x35, 0x42, 0xFF, 0x31, 0x35, 0x42, 0xFF, 0x31, 0x35, 0x42, 0xFF,
    0x31, 0x35, 0x42, 0xFF, 0x31, 0x35, 0x42, 0xFF, 0x31, 0x35, 0x42, 0xFF,
    0x31, 0x35, 0x42, 0xFF, 0x31, 0x35, 0x42, 0xFF, 0x31, 0x35, 0x42, 0xFF,
    0x31, 0x35, 0x42, 0xFF, 0x31, 0x35, 0x42, 0xFF, 0x31, 0x35, 0x42, 0xFF,
    0x31, 0x35, 0x42, 0xFF, 0x31, 0x35, 0x42, 0xFF, 0x31, 0x35, 0x42, 0xFF,
    0x31, 0x35, 0x42, 0xFF, 0x31, 0x35, 0x42, 0xFF, 0x31, 0x35, 0x42, 0xFF,
    0x31, 0x35, 0x42, 0xFF, 0x41, 0x46, 0x51, 0xFF, 0x37, 0x3A, 0x41, 0x66,
    0x00, 0x00, 0x00, 0x18, 0x00, 0x00, 0x00, 0x07, 0x00, 0x00, 0x00, 0x00,
    0x00, 0x00, 0x00, 0x00, 0x00, 0x00, 0x00, 0x07, 0x00, 0x00, 0x00, 0x18,
    0x34, 0x37, 0x3E, 0x66, 0x3F, 0x43, 0x4E, 0xFF, 0x30, 0x35, 0x41, 0xFF,
    0x30, 0x35, 0x41, 0xFF, 0x30, 0x35, 0x41, 0xFF, 0x30, 0x35, 0x41, 0xFF,
    0x30, 0x35, 0x41, 0xFF, 0x30, 0x35, 0x41, 0xFF, 0x30, 0x35, 0x41, 0xFF,
    0x30, 0x35, 0x41, 0xFF, 0x30, 0x35, 0x41, 0xFF, 0x5B, 0x8C, 0x6D, 0xFF,
    0x8C, 0xF0, 0xA0, 0xFF, 0x8C, 0xF0, 0xA0, 0xFF, 0x54, 0x7F, 0x67, 0xFF,
    0x30, 0x35, 0x41, 0xFF, 0x30, 0x35, 0x41, 0xFF, 0x30, 0x35, 0x41, 0xFF,
    0x30, 0x35, 0x41, 0xFF, 0x30, 0x35, 0x41, 0xFF, 0x30, 0x35, 0x41, 0xFF,
    0x30, 0x35, 0x41, 0xFF, 0x30, 0x35, 0x41, 0xFF, 0x30, 0x35, 0x41, 0xFF,
    0x30, 0x35, 0x41, 0xFF, 0x30, 0x35, 0x41, 0xFF, 0x30, 0x35, 0x41, 0xFF,
    0x30, 0x35, 0x41, 0xFF, 0x30, 0x35, 0x41, 0xFF, 0x30, 0x35, 0x41, 0xFF,
    0x30, 0x35, 0x41, 0xFF, 0x30, 0x35, 0x41, 0xFF, 0x30, 0x35, 0x41, 0xFF,
    0x30, 0x35, 0x41, 0xFF, 0x30, 0x35, 0x41, 0xFF, 0x30, 0x35, 0x41, 0xFF,
    0x30, 0x35, 0x41, 0xFF, 0x30, 0x35, 0x41, 0xFF, 0x30, 0x35, 0x41, 0xFF,
    0x30, 0x35, 0x41, 0xFF, 0x3F, 0x43, 0x4E, 0xFF, 0x34, 0x37, 0x3E, 0x66,
    0x00, 0x00, 0x00, 0x18, 0x00, 0x00, 0x00, 0x07, 0x00, 0x00, 0x00, 0x00,
    0x00, 0x00, 0x00, 0x00, 0x00, 0x00, 0x00, 0x07, 0x00, 0x00, 0x00, 0x18,
    0x31, 0x34, 0x3C, 0x65, 0x3C, 0x41, 0x4C, 0xFF, 0x2F, 0x34, 0x40, 0xFF,
    0x2F, 0x34, 0x40, 0xFF, 0x2F, 0x34, 0x40, 0xFF, 0x2F, 0x34, 0x40, 0xFF,
    0x2F, 0x34, 0x40, 0xFF, 0x2F, 0x34, 0x40, 0xFF, 0x2F, 0x34, 0x40, 0xFF,
    0x2F, 0x34, 0x40, 0xFF, 0x2F, 0x34, 0x40, 0xFF, 0x4B, 0x6C, 0x5C, 0xFF,
    0x89, 0xEA, 0x9D, 0xFF, 0x8C, 0xF0, 0xA0, 0xFF, 0x8C, 0xF0, 0xA0, 0xFF,
    0x5A, 0x8B, 0x6C, 0xFF, 0x2F, 0x34, 0x40, 0xFF, 0x2F, 0x34, 0x40, 0xFF,
    0x2F, 0x34, 0x40, 0xFF, 0x2F, 0x34, 0x40, 0xFF, 0x2F, 0x34, 0x40, 0xFF,
    0x2F, 0x34, 0x40, 0xFF, 0x2F, 0x34, 0x40, 0xFF, 0x2F, 0x34, 0x40, 0xFF,
    0x2F, 0x34, 0x40, 0xFF, 0x2F, 0x34, 0x40, 0xFF, 0x2F, 0x34, 0x40, 0xFF,
    0x2F, 0x34, 0x40, 0xFF, 0x2F, 0x34, 0x40, 0xFF, 0x2F, 0x34, 0x40, 0xFF,
    0x2F, 0x34, 0x40, 0xFF, 0x2F, 0x34, 0x40, 0xFF, 0x2F, 0x34, 0x40, 0xFF,
    0x2F, 0x34, 0x40, 0xFF, 0x2F, 0x34, 0x40, 0xFF, 0x2F, 0x34, 0x40, 0xFF,
    0x2F, 0x34, 0x40, 0xFF, 0x2F, 0x34, 0x40, 0xFF, 0x2F, 0x34, 0x40, 0xFF,
    0x2F, 0x34, 0x40, 0xFF, 0x3C, 0x41, 0x4C, 0xFF, 0x31, 0x34, 0x3C, 0x65,
    0x00, 0x00, 0x00, 0x18, 0x00, 0x00, 0x00, 0x07, 0x00, 0x00, 0x00, 0x00,
    0x00, 0x00, 0x00, 0x00, 0x00, 0x00, 0x00, 0x07, 0x00, 0x00, 0x00, 0x18,
    0x2F, 0x32, 0x39, 0x64, 0x3A, 0x3E, 0x49, 0xFF, 0x2E, 0x33, 0x3F, 0xFF,
    0x2E, 0x33, 0x3F, 0xFF, 0x2E, 0x33, 0x3F, 0xFF, 0x2E, 0x33, 0x3F, 0xFF,
    0x2E, 0x33, 0x3F, 0xFF, 0x2E, 0x33, 0x3F, 0xFF, 0x2E, 0x33, 0x3F, 0xFF,
    0x2E, 0x33, 0x3F, 0xFF, 0x2E, 0x33, 0x3F, 0xFF, 0x2E, 0x33, 0x3F, 0xFF,
    0x45, 0x62, 0x57, 0xFF, 0x87, 0xE6, 0x9B, 0xFF, 0x8C, 0xF0, 0xA0, 0xFF,
    0x8C, 0xF0, 0xA0, 0xFF, 0x60, 0x97, 0x72, 0xFF, 0x2E, 0x33, 0x3F, 0xFF,
    0x2E, 0x33, 0x3F, 0xFF, 0x2E, 0x33, 0x3F, 0xFF, 0x2E, 0x33, 0x3F, 0xFF,
    0x2E, 0x33, 0x3F, 0xFF, 0x2E, 0x33, 0x3F, 0xFF, 0x2E, 0x33, 0x3F, 0xFF,
    0x2E, 0x33, 0x3F, 0xFF, 0x2E, 0x33, 0x3F, 0xFF, 0x2E, 0x33, 0x3F, 0xFF,
    0x2E, 0x33, 0x3F, 0xFF, 0x2E, 0x33, 0x3F, 0xFF, 0x2E, 0x33, 0x3F, 0xFF,
    0x2E, 0x33, 0x3F, 0xFF, 0x2E, 0x33, 0x3F, 0xFF, 0x2E, 0x33, 0x3F, 0xFF,
    0x2E, 0x33, 0x3F, 0xFF, 0x2E, 0x33, 0x3F, 0xFF, 0x2E, 0x33, 0x3F, 0xFF,
    0x2E, 0x33, 0x3F, 0xFF, 0x2E, 0x33, 0x3F, 0xFF, 0x2E, 0x33, 0x3F, 0xFF,
    0x2E, 0x33, 0x3F, 0xFF, 0x3A, 0x3E, 0x49, 0xFF, 0x2F, 0x32, 0x39, 0x64,
    0x00, 0x00, 0x00, 0x18, 0x00, 0x00, 0x00, 0x07, 0x00, 0x00, 0x00, 0x00,
    0x00, 0x00, 0x00, 0x00, 0x00, 0x00, 0x00, 0x07, 0x00, 0x00, 0x00, 0x18,
    0x2C, 0x2F, 0x36, 0x64, 0x37, 0x3C, 0x47, 0xFF, 0x2D, 0x32, 0x3E, 0xFF,
    0x2D, 0x32, 0x3E, 0xFF, 0x2D, 0x32, 0x3E, 0xFF, 0x2D, 0x32, 0x3E, 0xFF,
    0x2D, 0x32, 0x3E, 0xFF, 0x2D, 0x32, 0x3E, 0xFF, 0x2D, 0x32, 0x3E, 0xFF,
    0x2D, 0x32, 0x3E, 0xFF, 0x2D, 0x32, 0x3E, 0xFF, 0x2D, 0x32, 0x3E, 0xFF,
    0x2D, 0x32, 0x3E, 0xFF, 0x40, 0x58, 0x51, 0xFF, 0x86, 0xE3, 0x99, 0xFF,
    0x8C, 0xF0, 0xA0, 0xFF, 0x8C, 0xF0, 0xA0, 0xFF, 0x66, 0xA4, 0x78, 0xFF,
    0x2D, 0x32, 0x3E, 0xFF, 0x2D, 0x32, 0x3E, 0xFF, 0x2D, 0x32, 0x3E, 0xFF,
    0x2D, 0x32, 0x3E, 0xFF, 0x2D, 0x32, 0x3E, 0xFF, 0x2D, 0x32, 0x3E, 0xFF,
    0x2D, 0x32, 0x3E, 0xFF, 0x2D, 0x32, 0x3E, 0xFF, 0x2D, 0x32, 0x3E, 0xFF,
    0x2D, 0x32, 0x3E, 0xFF, 0x2D, 0x32, 0x3E, 0xFF, 0x2D, 0x32, 0x3E, 0xFF,
    0x2D, 0x32, 0x3E, 0xFF, 0x2D, 0x32, 0x3E, 0xFF, 0x2D, 0x32, 0x3E, 0xFF,
    0x2D, 0x32, 0x3E, 0xFF, 0x2D, 0x32, 0x3E, 0xFF, 0x2D, 0x32, 0x3E, 0xFF,
    0x2D, 0x32, 0x3E, 0xFF, 0x2D, 0x32, 0x3E, 0xFF, 0x2D, 0x32, 0x3E, 0xFF,
    0x2D, 0x32, 0x3E, 0xFF, 0x37, 0x3C, 0x47, 0xFF, 0x2C, 0x2F, 0x36, 0x64,
    0x00, 0x00, 0x00, 0x18, 0x00, 0x00, 0x00, 0x07, 0x00, 0x00, 0x00, 0x00,
    0x00, 0x00, 0x00, 0x00, 0x00, 0x00, 0x00, 0x07, 0x00, 0x00, 0x00, 0x18,
    0x29, 0x2C, 0x33, 0x63, 0x35, 0x39, 0x44, 0xFF, 0x2D, 0x31, 0x3D, 0xFF,
    0x2D, 0x31, 0x3D, 0xFF, 0x2D, 0x31, 0x3D, 0xFF, 0x2D, 0x31, 0x3D, 0xFF,
    0x2D, 0x31, 0x3D, 0xFF, 0x2D, 0x31, 0x3D, 0xFF, 0x2D, 0x31, 0x3D, 0xFF,
    0x2D, 0x31, 0x3D, 0xFF, 0x2D, 0x31, 0x3D, 0xFF, 0x2D, 0x31, 0x3D, 0xFF,
    0x2D, 0x31, 0x3D, 0xFF, 0x2D, 0x31, 0x3D, 0xFF, 0x3C, 0x51, 0x4D, 0xFF,
    0x82, 0xDD, 0x96, 0xFF, 0x8C, 0xF0, 0xA0, 0xFF, 0x8C, 0xF0, 0xA0, 0xFF,
    0x63, 0x9F, 0x76, 0xFF, 0x2D, 0x31, 0x3D, 0xFF, 0x2D, 0x31, 0x3D, 0xFF,
    0x2D, 0x31, 0x3D, 0xFF, 0x2D, 0x31, 0x3D, 0xFF, 0x2D, 0x31, 0x3D, 0xFF,
    0x2D, 0x31, 0x3D, 0xFF, 0x2D, 0x31, 0x3D, 0xFF, 0x2D, 0x31, 0x3D, 0xFF,
    0x2D, 0x31, 0x3D, 0xFF, 0x2D, 0x31, 0x3D, 0xFF, 0x2D, 0x31, 0x3D, 0xFF,
    0x2D, 0x31, 0x3D, 0xFF, 0x2D, 0x31, 0x3D, 0xFF, 0x2D, 0x31, 0x3D, 0xFF,
    0x2D, 0x31, 0x3D, 0xFF, 0x2D, 0x31, 0x3D, 0xFF, 0x2D, 0x31, 0x3D, 0xFF,
    0x2D, 0x31, 0x3D, 0xFF, 0x2D, 0x31, 0x3D, 0xFF, 0x2D, 0x31, 0x3D, 0xFF,
    0x2D, 0x31, 0x3D, 0xFF, 0x35, 0x39, 0x44, 0xFF, 0x29, 0x2C, 0x33, 0x63,
    0x00, 0x00, 0x00, 0x18, 0x00, 0x00, 0x00, 0x07, 0x00, 0x00, 0x00, 0x00,
    0x00, 0x00, 0x00, 0x00, 0x00, 0x00, 0x00, 0x07, 0x00, 0x00, 0x00, 0x18,
    0x26, 0x29, 0x30, 0x62, 0x32, 0x37, 0x42, 0xFF, 0x2C, 0x30, 0x3C, 0xFF,
    0x2C, 0x30, 0x3C, 0xFF, 0x2C, 0x30, 0x3C, 0xFF, 0x2C, 0x30, 0x3C, 0xFF,
    0x2C, 0x30, 0x3C, 0xFF, 0x2C, 0x30, 0x3C, 0xFF, 0x2C, 0x30, 0x3C, 0xFF,
    0x2C, 0x30, 0x3C, 0xFF, 0x2C, 0x30, 0x3C, 0xFF, 0x2C, 0x30, 0x3C, 0xFF,
    0x2C, 0x30, 0x3C, 0xFF, 0x2C, 0x30, 0x3C, 0xFF, 0x2C, 0x30, 0x3C, 0xFF,
    0x3C, 0x50, 0x4C, 0xFF, 0x89, 0xE9, 0x9D, 0xFF, 0x8C, 0xF0, 0xA0, 0xFF,
    0x42, 0x5D, 0x53, 0xFF, 0x2C, 0x30, 0x3C, 0xFF, 0x2C, 0x30, 0x3C, 0xFF,
    0x2C, 0x30, 0x3C, 0xFF, 0x2C, 0x30, 0x3C, 0xFF, 0x2C, 0x30, 0x3C, 0xFF,
    0x2C, 0x30, 0x3C, 0xFF, 0x2C, 0x30, 0x3C, 0xFF, 0x2C, 0x30, 0x3C, 0xFF,
    0x2C, 0x30, 0x3C, 0xFF, 0x2C, 0x30, 0x3C, 0xFF, 0x2C, 0x30, 0x3C, 0xFF,
    0x2C, 0x30, 0x3C, 0xFF, 0x2C, 0x30, 0x3C, 0xFF, 0x2C, 0x30, 0x3C, 0xFF,
    0x2C, 0x30, 0x3C, 0xFF, 0x2C, 0x30, 0x3C, 0xFF, 0x2C, 0x30, 0x3C, 0xFF,
    0x2C, 0x30, 0x3C, 0xFF, 0x2C, 0x30, 0x3C, 0xFF, 0x2C, 0x30, 0x3C, 0xFF,
    0x2C, 0x30, 0x3C, 0xFF, 0x32, 0x37, 0x42, 0xFF, 0x26, 0x29, 0x30, 0x62,
    0x00, 0x00, 0x00, 0x18, 0x00, 0x00, 0x00, 0x07, 0x00, 0x00, 0x00, 0x00,
    0x00, 0x00, 0x00, 0x00, 0x00, 0x00, 0x00, 0x07, 0x00, 0x00, 0x00, 0x18,
    0x23, 0x26, 0x2E, 0x62, 0x30, 0x34, 0x3F, 0xFF, 0x2B, 0x2F, 0x3B, 0xFF,
    0x2B, 0x2F, 0x3B, 0xFF, 0x2B, 0x2F, 0x3B, 0xFF, 0x2B, 0x2F, 0x3B, 0xFF,
    0x2B, 0x2F, 0x3B, 0xFF, 0x2B, 0x2F, 0x3B, 0xFF, 0x2B, 0x2F, 0x3B, 0xFF,
    0x2B, 0x2F, 0x3B, 0xFF, 0x2B, 0x2F, 0x3B, 0xFF, 0x2B, 0x2F, 0x3B, 0xFF,
    0x2B, 0x2F, 0x3B, 0xFF, 0x2B, 0x2F, 0x3B, 0xFF, 0x30, 0x39, 0x40, 0xFF,
    0x74, 0xBF, 0x87, 0xFF, 0x8C, 0xF0, 0xA0, 0xFF, 0x8C, 0xF0, 0xA0, 0xFF,
    0x68, 0xA8, 0x7A, 0xFF, 0x2B, 0x2F, 0x3B, 0xFF, 0x2B, 0x2F, 0x3B, 0xFF,
    0x2B, 0x2F, 0x3B, 0xFF, 0x2B, 0x2F, 0x3B, 0xFF, 0x2B, 0x2F, 0x3B, 0xFF,
    0x2B, 0x2F, 0x3B, 0xFF, 0x2B, 0x2F, 0x3B, 0xFF, 0x2B, 0x2F, 0x3B, 0xFF,
    0x2B, 0x2F, 0x3B, 0xFF, 0x2B, 0x2F, 0x3B, 0xFF, 0x2B, 0x2F, 0x3B, 0xFF,
    0x2B, 0x2F, 0x3B, 0xFF, 0x2B, 0x2F, 0x3B, 0xFF, 0x2B, 0x2F, 0x3B, 0xFF,
    0x2B, 0x2F, 0x3B, 0xFF, 0x2B, 0x2F, 0x3B, 0xFF, 0x2B, 0x2F, 0x3B, 0xFF,
    0x2B, 0x2F, 0x3B, 0xFF, 0x2B, 0x2F, 0x3B, 0xFF, 0x2B, 0x2F, 0x3B, 0xFF,
    0x2B, 0x2F, 0x3B, 0xFF, 0x30, 0x34, 0x3F, 0xFF, 0x23, 0x26, 0x2E, 0x62,
    0x00, 0x00, 0x00, 0x18, 0x00, 0x00, 0x00, 0x07, 0x00, 0x00, 0x00, 0x00,
    0x00, 0x00, 0x00, 0x00, 0x00, 0x00, 0x00, 0x07, 0x00, 0x00, 0x00, 0x18,
    0x21, 0x23, 0x2B, 0x61, 0x2D, 0x32, 0x3D, 0xFF, 0x2A, 0x2F, 0x3A, 0xFF,
    0x2A, 0x2F, 0x3A, 0xFF, 0x2A, 0x2F, 0x3A, 0xFF, 0x2A, 0x2F, 0x3A, 0xFF,
    0x2A, 0x2F, 0x3A, 0xFF, 0x2A, 0x2F, 0x3A, 0xFF, 0x2A, 0x2F, 0x3A, 0xFF,
    0x2A, 0x2F, 0x3A, 0xFF, 0x2A, 0x2F, 0x3A, 0xFF, 0x2A, 0x2F, 0x3A, 0xFF,
    0x2A, 0x2F, 0x3A, 0xFF, 0x31, 0x3B, 0x41, 0xFF, 0x78, 0xC9, 0x8B, 0xFF,
    0x8C, 0xF0, 0xA0, 0xFF, 0x8C, 0xF0, 0xA0, 0xFF, 0x78, 0xC9, 0x8B, 0xFF,
    0x31, 0x3B, 0x41, 0xFF, 0x2A, 0x2F, 0x3A, 0xFF, 0x2A, 0x2F, 0x3A, 0xFF,
    0x2A, 0x2F, 0x3A, 0xFF, 0x2A, 0x2F, 0x3A, 0xFF, 0x2A, 0x2F, 0x3A, 0xFF,
    0x2A, 0x2F, 0x3A, 0xFF, 0x2A, 0x2F, 0x3A, 0xFF, 0x2A, 0x2F, 0x3A, 0xFF,
    0x2A, 0x2F, 0x3A, 0xFF, 0x2A, 0x2F, 0x3A, 0xFF, 0x2A, 0x2F, 0x3A, 0xFF,
    0x2A, 0x2F, 0x3A, 0xFF, 0x2A, 0x2F, 0x3A, 0xFF, 0x2A, 0x2F, 0x3A, 0xFF,
    0x2A, 0x2F, 0x3A, 0xFF, 0x2A, 0x2F, 0x3A, 0xFF, 0x2A, 0x2F, 0x3A, 0xFF,
    0x2A, 0x2F, 0x3A, 0xFF, 0x2A, 0x2F, 0x3A, 0xFF, 0x2A, 0x2F, 0x3A, 0xFF,
    0x2A, 0x2F, 0x3A, 0xFF, 0x2D, 0x32, 0x3D, 0xFF, 0x21, 0x23, 0x2B, 0x61,
    0x00, 0x00, 0x00, 0x18, 0x00, 0x00, 0x00, 0x07, 0x00, 0x00, 0x00, 0x00,
    0x00, 0x00, 0x00, 0x00, 0x00, 0x00, 0x00, 0x07, 0x00, 0x00, 0x00, 0x18,
    0x1E, 0x20, 0x28, 0x60, 0x2B, 0x2F, 0x3A, 0xFF, 0x29, 0x2E, 0x39, 0xFF,
    0x29, 0x2E, 0x39, 0xFF, 0x29, 0x2E, 0x39, 0xFF, 0x29, 0x2E, 0x39, 0xFF,
    0x29, 0x2E, 0x39, 0xFF, 0x29, 0x2E, 0x39, 0xFF, 0x29, 0x2E, 0x39, 0xFF,
    0x29, 0x2E, 0x39, 0xFF, 0x29, 0x2E, 0x39, 0xFF, 0x29, 0x2E, 0x39, 0xFF,
    0x33, 0x41, 0x43, 0xFF, 0x7B, 0xCF, 0x8F, 0xFF, 0x8C, 0xF0, 0xA0, 0xFF,
    0x8C, 0xF0, 0xA0, 0xFF, 0x73, 0xBF, 0x86, 0xFF, 0x2E, 0x37, 0x3E, 0xFF,
    0x29, 0x2E, 0x39, 0xFF, 0x29, 0x2E, 0x39, 0xFF, 0x29, 0x2E, 0x39, 0xFF,
    0x29, 0x2E, 0x39, 0xFF, 0x29, 0x2E, 0x39, 0xFF, 0x29, 0x2E, 0x39, 0xFF,
    0x29, 0x2E, 0x39, 0xFF, 0x29, 0x2E, 0x39, 0xFF, 0x29, 0x2E, 0x39, 0xFF,
    0x29, 0x2E, 0x39, 0xFF, 0x29, 0x2E, 0x39, 0xFF, 0x29, 0x2E, 0x39, 0xFF,
    0x29, 0x2E, 0x39, 0xFF, 0x29, 0x2E, 0x39, 0xFF, 0x29, 0x2E, 0x39, 0xFF,
    0x29, 0x2E, 0x39, 0xFF, 0x29, 0x2E, 0x39, 0xFF, 0x29, 0x2E, 0x39, 0xFF,
    0x29, 0x2E, 0x39, 0xFF, 0x29, 0x2E, 0x39, 0xFF, 0x29, 0x2E, 0x39, 0xFF,
    0x29, 0x2E, 0x39, 0xFF, 0x2B, 0x2F, 0x3A, 0xFF, 0x1E, 0x20, 0x28, 0x60,
    0x00, 0x00, 0x00, 0x18, 0x00, 0x00, 0x00, 0x07, 0x00, 0x00, 0x00, 0x00,
    0x00, 0x00, 0x00, 0x00, 0x00, 0x00, 0x00, 0x07, 0x00, 0x00, 0x00, 0x18,
    0x1B, 0x1E, 0x25, 0x60, 0x29, 0x2D, 0x38, 0xFF, 0x29, 0x2D, 0x38, 0xFF,
    0x29, 0x2D, 0x38, 0xFF, 0x29, 0x2D, 0x38, 0xFF, 0x29, 0x2D, 0x38, 0xFF,
    0x29, 0x2D, 0x38, 0xFF, 0x29, 0x2D, 0x38, 0xFF, 0x29, 0x2D, 0x38, 0xFF,
    0x29, 0x2D, 0x38, 0xFF, 0x29, 0x2D, 0x38, 0xFF, 0x36, 0x47, 0x46, 0xFF,
    0x7F, 0xD6, 0x92, 0xFF, 0x8C, 0xF0, 0xA0, 0xFF, 0x8C, 0xF0, 0xA0, 0xFF,
    0x6E, 0xB5, 0x81, 0xFF, 0x2C, 0x33, 0x3B, 0xFF, 0x29, 0x2D, 0x38, 0xFF,
    0x29, 0x2D, 0x38, 0xFF, 0x29, 0x2D, 0x38, 0xFF, 0x29, 0x2D, 0x38, 0xFF,
    0x38, 0x3C, 0x47, 0xFF, 0x58, 0x5D, 0x67, 0xFF, 0x58, 0x5D, 0x67, 0xFF,
    0x58, 0x5D, 0x67, 0xFF, 0x58, 0x5D, 0x67, 0xFF, 0x58, 0x5D, 0x67, 0xFF,
    0x58, 0x5D, 0x67, 0xFF, 0x58, 0x5D, 0x67, 0xFF, 0x58, 0x5D, 0x67, 0xFF,
    0x50, 0x54, 0x5F, 0xFF, 0x29, 0x2D, 0x38, 0xFF, 0x29, 0x2D, 0x38, 0xFF,
    0x29, 0x2D, 0x38, 0xFF, 0x29, 0x2D, 0x38, 0xFF, 0x29, 0x2D, 0x38, 0xFF,
    0x29, 0x2D, 0x38, 0xFF, 0x29, 0x2D, 0x38, 0xFF, 0x29, 0x2D, 0x38, 0xFF,
    0x29, 0x2D, 0x38, 0xFF, 0x29, 0x2D, 0x38, 0xFF, 0x1B, 0x1E, 0x25, 0x60,
    0x00, 0x00, 0x00, 0x18, 0x00, 0x00, 0x00, 0x07, 0x00, 0x00, 0x00, 0x00,
    0x00, 0x00, 0x00, 0x00, 0x00, 0x00, 0x00, 0x07, 0x00, 0x00, 0x00, 0x18,
    0x1B, 0x1D, 0x24, 0x60, 0x28, 0x2C, 0x37, 0xFF, 0x28, 0x2C, 0x37, 0xFF,
    0x28, 0x2C, 0x37, 0xFF, 0x28, 0x2C, 0x37, 0xFF, 0x28, 0x2C, 0x37, 0xFF,
    0x28, 0x2C, 0x37, 0xFF, 0x28, 0x2C, 0x37, 0xFF, 0x28, 0x2C, 0x37, 0xFF,
    0x28, 0x2C, 0x37, 0xFF, 0x28, 0x2C, 0x37, 0xFF, 0x64, 0xA3, 0x77, 0xFF,
    0x8C, 0xF0, 0xA0, 0xFF, 0x8C, 0xF0, 0xA0, 0xFF, 0x69, 0xAB, 0x7B, 0xFF,
    0x29, 0x2F, 0x39, 0xFF, 0x28, 0x2C, 0x37, 0xFF, 0x28, 0x2C, 0x37, 0xFF,
    0x28, 0x2C, 0x37, 0xFF, 0x28, 0x2C, 0x37, 0xFF, 0x28, 0x2C, 0x37, 0xFF,
    0xCD, 0xD3, 0xDC, 0xFF, 0xE6, 0xEC, 0xF5, 0xFF, 0xE6, 0xEC, 0xF5, 0xFF,
    0xE6, 0xEC, 0xF5, 0xFF, 0xE6, 0xEC, 0xF5, 0xFF, 0xE6, 0xEC, 0xF5, 0xFF,
    0xE6, 0xEC, 0xF5, 0xFF, 0xE6, 0xEC, 0xF5, 0xFF, 0xE6, 0xEC, 0xF5, 0xFF,
    0xE6, 0xEC, 0xF5, 0xFF, 0x6E, 0x73, 0x7D, 0xFF, 0x28, 0x2C, 0x37, 0xFF,
    0x28, 0x2C, 0x37, 0xFF, 0x28, 0x2C, 0x37, 0xFF, 0x28, 0x2C, 0x37, 0xFF,
    0x28, 0x2C, 0x37, 0xFF, 0x28, 0x2C, 0x37, 0xFF, 0x28, 0x2C, 0x37, 0xFF,
    0x28, 0x2C, 0x37, 0xFF, 0x28, 0x2C, 0x37, 0xFF, 0x1B, 0x1D, 0x24, 0x60,
    0x00, 0x00, 0x00, 0x18, 0x00, 0x00, 0x00, 0x07, 0x00, 0x00, 0x00, 0x00,
    0x00, 0x00, 0x00, 0x00, 0x00, 0x00, 0x00, 0x07, 0x00, 0x00, 0x00, 0x18,
    0x1A, 0x1D, 0x24, 0x60, 0x27, 0x2B, 0x36, 0xFF, 0x27, 0x2B, 0x36, 0xFF,
    0x27, 0x2B, 0x36, 0xFF, 0x27, 0x2B, 0x36, 0xFF, 0x27, 0x2B, 0x36, 0xFF,
    0x27, 0x2B, 0x36, 0xFF, 0x27, 0x2B, 0x36, 0xFF, 0x27, 0x2B, 0x36, 0xFF,
    0x27, 0x2B, 0x36, 0xFF, 0x27, 0x2B, 0x36, 0xFF, 0x2A, 0x31, 0x39, 0xFF,
    0x71, 0xBC, 0x84, 0xFF, 0x63, 0xA1, 0x75, 0xFF, 0x27, 0x2B, 0x36, 0xFF,
    0x27, 0x2B, 0x36, 0xFF, 0x27, 0x2B, 0x36, 0xFF, 0x27, 0x2B, 0x36, 0xFF,
    0x27, 0x2B, 0x36, 0xFF, 0x27, 0x2B, 0x36, 0xFF, 0x27, 0x2B, 0x36, 0xFF,
    0xC3, 0xC8, 0xD1, 0xFF, 0xE6, 0xEC, 0xF5, 0xFF, 0xE6, 0xEC, 0xF5, 0xFF,
    0xE6, 0xEC, 0xF5, 0xFF, 0xE6, 0xEC, 0xF5, 0xFF, 0xE6, 0xEC, 0xF5, 0xFF,
    0xE6, 0xEC, 0xF5, 0xFF, 0xE6, 0xEC, 0xF5, 0xFF, 0xE6, 0xEC, 0xF5, 0xFF,
    0xE6, 0xEC, 0xF5, 0xFF, 0x63, 0x68, 0x72, 0xFF, 0x27, 0x2B, 0x36, 0xFF,
    0x27, 0x2B, 0x36, 0xFF, 0x27, 0x2B, 0x36, 0xFF, 0x27, 0x2B, 0x36, 0xFF,
    0x27, 0x2B, 0x36, 0xFF, 0x27, 0x2B, 0x36, 0xFF, 0x27, 0x2B, 0x36, 0xFF,
    0x27, 0x2B, 0x36, 0xFF, 0x27, 0x2B, 0x36, 0xFF, 0x1A, 0x1D, 0x24, 0x60,
    0x00, 0x00, 0x00, 0x18, 0x00, 0x00, 0x00, 0x07, 0x00, 0x00, 0x00, 0x00,
    0x00, 0x00, 0x00, 0x00, 0x00, 0x00, 0x00, 0x07, 0x00, 0x00, 0x00, 0x18,
    0x19, 0x1C, 0x23, 0x60, 0x26, 0x2A, 0x35, 0xFF, 0x26, 0x2A, 0x35, 0xFF,
    0x26, 0x2A, 0x35, 0xFF, 0x26, 0x2A, 0x35, 0xFF, 0x26, 0x2A, 0x35, 0xFF,
    0x26, 0x2A, 0x35, 0xFF, 0x26, 0x2A, 0x35, 0xFF, 0x26, 0x2A, 0x35, 0xFF,
    0x26, 0x2A, 0x35, 0xFF, 0x26, 0x2A, 0x35, 0xFF, 0x26, 0x2A, 0x35, 0xFF,
    0x29, 0x30, 0x38, 0xFF, 0x26, 0x2A, 0x35, 0xFF, 0x26, 0x2A, 0x35, 0xFF,
    0x26, 0x2A, 0x35, 0xFF, 0x26, 0x2A, 0x35, 0xFF, 0x26, 0x2A, 0x35, 0xFF,
    0x26, 0x2A, 0x35, 0xFF, 0x26, 0x2A, 0x35, 0xFF, 0x26, 0x2A, 0x35, 0xFF,
    0x28, 0x2C, 0x36, 0xFF, 0x56, 0x5B, 0x65, 0xFF, 0x56, 0x5B, 0x65, 0xFF,
    0x56, 0x5B, 0x65, 0xFF, 0x56, 0x5B, 0x65, 0xFF, 0x56, 0x5B, 0x65, 0xFF,
    0x56, 0x5B, 0x65, 0xFF, 0x56, 0x5B, 0x65, 0xFF, 0x56, 0x5B, 0x65, 0xFF,
    0x40, 0x44, 0x4E, 0xFF, 0x26, 0x2A, 0x35, 0xFF, 0x26, 0x2A, 0x35, 0xFF,
    0x26, 0x2A, 0x35, 0xFF, 0x26, 0x2A, 0x35, 0xFF, 0x26, 0x2A, 0x35, 0xFF,
    0x26, 0x2A, 0x35, 0xFF, 0x26, 0x2A, 0x35, 0xFF, 0x26, 0x2A, 0x35, 0xFF,
    0x26, 0x2A, 0x35, 0xFF, 0x26, 0x2A, 0x35, 0xFF, 0x19, 0x1C, 0x23, 0x60,
    0x00, 0x00, 0x00, 0x18, 0x00, 0x00, 0x00, 0x07, 0x00, 0x00, 0x00, 0x00,
    0x00, 0x00, 0x00, 0x00, 0x00, 0x00, 0x00, 0x07, 0x00, 0x00, 0x00, 0x18,
    0x19, 0x1C, 0x22, 0x60, 0x25, 0x29, 0x34, 0xFF, 0x25, 0x29, 0x34, 0xFF,
    0x25, 0x29, 0x34, 0xFF, 0x25, 0x29, 0x34, 0xFF, 0x25, 0x29, 0x34, 0xFF,
    0x25, 0x29, 0x34, 0xFF, 0x25, 0x29, 0x34, 0xFF, 0x25, 0x29, 0x34, 0xFF,
    0x25, 0x29, 0x34, 0xFF, 0x25, 0x29, 0x34, 0xFF, 0x25, 0x29, 0x34, 0xFF,
    0x25, 0x29, 0x34, 0xFF, 0x25, 0x29, 0x34, 0xFF, 0x25, 0x29, 0x34, 0xFF,
    0x25, 0x29, 0x34, 0xFF, 0x25, 0x29, 0x34, 0xFF, 0x25, 0x29, 0x34, 0xFF,
    0x25, 0x29, 0x34, 0xFF, 0x25, 0x29, 0x34, 0xFF, 0x25, 0x29, 0x34, 0xFF,
    0x25, 0x29, 0x34, 0xFF, 0x25, 0x29, 0x34, 0xFF, 0x25, 0x29, 0x34, 0xFF,
    0x25, 0x29, 0x34, 0xFF, 0x25, 0x29, 0x34, 0xFF, 0x25, 0x29, 0x34, 0xFF,
    0x25, 0x29, 0x34, 0xFF, 0x25, 0x29, 0x34, 0xFF, 0x25, 0x29, 0x34, 0xFF,
    0x25, 0x29, 0x34, 0xFF, 0x25, 0x29, 0x34, 0xFF, 0x25, 0x29, 0x34, 0xFF,
    0x25, 0x29, 0x34, 0xFF, 0x25, 0x29, 0x34, 0xFF, 0x25, 0x29, 0x34, 0xFF,
    0x25, 0x29, 0x34, 0xFF, 0x25, 0x29, 0x34, 0xFF, 0x25, 0x29, 0x34, 0xFF,
    0x25, 0x29, 0x34, 0xFF, 0x25, 0x29, 0x34, 0xFF, 0x19, 0x1C, 0x22, 0x60,
    0x00, 0x00, 0x00, 0x18, 0x00, 0x00, 0x00, 0x07, 0x00, 0x00, 0x00, 0x00,
    0x00, 0x00, 0x00, 0x00, 0x00, 0x00, 0x00, 0x07, 0x00, 0x00, 0x00, 0x18,
    0x18, 0x1B, 0x22, 0x60, 0x25, 0x29, 0x33, 0xFF, 0x25, 0x29, 0x33, 0xFF,
    0x25, 0x29, 0x33, 0xFF, 0x25, 0x29, 0x33, 0xFF, 0x25, 0x29, 0x33, 0xFF,
    0x25, 0x29, 0x33, 0xFF, 0x25, 0x29, 0x33, 0xFF, 0x25, 0x29, 0x33, 0xFF,
    0x25, 0x29, 0x33, 0xFF, 0x25, 0x29, 0x33, 0xFF, 0x25, 0x29, 0x33, 0xFF,
    0x25, 0x29, 0x33, 0xFF, 0x25, 0x29, 0x33, 0xFF, 0x25, 0x29, 0x33, 0xFF,
    0x25, 0x29, 0x33, 0xFF, 0x25, 0x29, 0x33, 0xFF, 0x25, 0x29, 0x33, 0xFF,
    0x25, 0x29, 0x33, 0xFF, 0x25, 0x29, 0x33, 0xFF, 0x25, 0x29, 0x33, 0xFF,
    0x25, 0x29, 0x33, 0xFF, 0x25, 0x29, 0x33, 0xFF, 0x25, 0x29, 0x33, 0xFF,
    0x25, 0x29, 0x33, 0xFF, 0x25, 0x29, 0x33, 0xFF, 0x25, 0x29, 0x33, 0xFF,
    0x25, 0x29, 0x33, 0xFF, 0x25, 0x29, 0x33, 0xFF, 0x25, 0x29, 0x33, 0xFF,
    0x25, 0x29, 0x33, 0xFF, 0x25, 0x29, 0x33, 0xFF, 0x25, 0x29, 0x33, 0xFF,
    0x25, 0x29, 0x33, 0xFF, 0x25, 0x29, 0x33, 0xFF, 0x25, 0x29, 0x33, 0xFF,
    0x25, 0x29, 0x33, 0xFF, 0x25, 0x29, 0x33, 0xFF, 0x25, 0x29, 0x33, 0xFF,
    0x25, 0x29, 0x33, 0xFF, 0x25, 0x29, 0x33, 0xFF, 0x18, 0x1B, 0x22, 0x60,
    0x00, 0x00, 0x00, 0x18, 0x00, 0x00, 0x00, 0x07, 0x00, 0x00, 0x00, 0x00,
    0x00, 0x00, 0x00, 0x00, 0x00, 0x00, 0x00, 0x07, 0x00, 0x00, 0x00, 0x18,
    0x18, 0x1A, 0x21, 0x60, 0x24, 0x28, 0x32, 0xFF, 0x24, 0x28, 0x32, 0xFF,
    0x24, 0x28, 0x32, 0xFF, 0x24, 0x28, 0x32, 0xFF, 0x24, 0x28, 0x32, 0xFF,
    0x24, 0x28, 0x32, 0xFF, 0x24, 0x28, 0x32, 0xFF, 0x24, 0x28, 0x32, 0xFF,
    0x24, 0x28, 0x32, 0xFF, 0x24, 0x28, 0x32, 0xFF, 0x24, 0x28, 0x32, 0xFF,
    0x24, 0x28, 0x32, 0xFF, 0x24, 0x28, 0x32, 0xFF, 0x24, 0x28, 0x32, 0xFF,
    0x24, 0x28, 0x32, 0xFF, 0x24, 0x28, 0x32, 0xFF, 0x24, 0x28, 0x32, 0xFF,
    0x24, 0x28, 0x32, 0xFF, 0x24, 0x28, 0x32, 0xFF, 0x24, 0x28, 0x32, 0xFF,
    0x24, 0x28, 0x32, 0xFF, 0x24, 0x28, 0x32, 0xFF, 0x24, 0x28, 0x32, 0xFF,
    0x24, 0x28, 0x32, 0xFF, 0x24, 0x28, 0x32, 0xFF, 0x24, 0x28, 0x32, 0xFF,
    0x24, 0x28, 0x32, 0xFF, 0x24, 0x28, 0x32, 0xFF, 0x24, 0x28, 0x32, 0xFF,
    0x24, 0x28, 0x32, 0xFF, 0x24, 0x28, 0x32, 0xFF, 0x24, 0x28, 0x32, 0xFF,
    0x24, 0x28, 0x32, 0xFF, 0x24, 0x28, 0x32, 0xFF, 0x24, 0x28, 0x32, 0xFF,
    0x24, 0x28, 0x32, 0xFF, 0x24, 0x28, 0x32, 0xFF, 0x24, 0x28, 0x32, 0xFF,
    0x24, 0x28, 0x32, 0xFF, 0x24, 0x28, 0x32, 0xFF, 0x18, 0x1A, 0x21, 0x60,
    0x00, 0x00, 0x00, 0x18, 0x00, 0x00, 0x00, 0x07, 0x00, 0x00, 0x00, 0x00,
    0x00, 0x00, 0x00, 0x00, 0x00, 0x00, 0x00, 0x07, 0x00, 0x00, 0x00, 0x18,
    0x16, 0x19, 0x1F, 0x5B, 0x23, 0x27, 0x31, 0xFF, 0x23, 0x27, 0x31, 0xFF,
    0x23, 0x27, 0x31, 0xFF, 0x23, 0x27, 0x31, 0xFF, 0x23, 0x27, 0x31, 0xFF,
    0x23, 0x27, 0x31, 0xFF, 0x23, 0x27, 0x31, 0xFF, 0x23, 0x27, 0x31, 0xFF,
    0x23, 0x27, 0x31, 0xFF, 0x23, 0x27, 0x31, 0xFF, 0x23, 0x27, 0x31, 0xFF,
    0x23, 0x27, 0x31, 0xFF, 0x23, 0x27, 0x31, 0xFF, 0x23, 0x27, 0x31, 0xFF,
    0x23, 0x27, 0x31, 0xFF, 0x23, 0x27, 0x31, 0xFF, 0x23, 0x27, 0x31, 0xFF,
    0x23, 0x27, 0x31, 0xFF, 0x23, 0x27, 0x31, 0xFF, 0x23, 0x27, 0x31, 0xFF,
    0x23, 0x27, 0x31, 0xFF, 0x23, 0x27, 0x31, 0xFF, 0x23, 0x27, 0x31, 0xFF,
    0x23, 0x27, 0x31, 0xFF, 0x23, 0x27, 0x31, 0xFF, 0x23, 0x27, 0x31, 0xFF,
    0x23, 0x27, 0x31, 0xFF, 0x23, 0x27, 0x31, 0xFF, 0x23, 0x27, 0x31, 0xFF,
    0x23, 0x27, 0x31, 0xFF, 0x23, 0x27, 0x31, 0xFF, 0x23, 0x27, 0x31, 0xFF,
    0x23, 0x27, 0x31, 0xFF, 0x23, 0x27, 0x31, 0xFF, 0x23, 0x27, 0x31, 0xFF,
    0x23, 0x27, 0x31, 0xFF, 0x23, 0x27, 0x31, 0xFF, 0x23, 0x27, 0x31, 0xFF,
    0x23, 0x27, 0x31, 0xFF, 0x23, 0x27, 0x31, 0xFF, 0x16, 0x19, 0x1F, 0x5B,
    0x00, 0x00, 0x00, 0x18, 0x00, 0x00, 0x00, 0x07, 0x00, 0x00, 0x00, 0x00,
    0x00, 0x00, 0x00, 0x00, 0x00, 0x00, 0x00, 0x07, 0x00, 0x00, 0x00, 0x18,
    0x10, 0x12, 0x17, 0x47, 0x22, 0x26, 0x30, 0xFF, 0x22, 0x26, 0x30, 0xFF,
    0x22, 0x26, 0x30, 0xFF, 0x22, 0x26, 0x30, 0xFF, 0x22, 0x26, 0x30, 0xFF,
    0x22, 0x26, 0x30, 0xFF, 0x22, 0x26, 0x30, 0xFF, 0x22, 0x26, 0x30, 0xFF,
    0x22, 0x26, 0x30, 0xFF, 0x22, 0x26, 0x30, 0xFF, 0x22, 0x26, 0x30, 0xFF,
    0x22, 0x26, 0x30, 0xFF, 0x22, 0x26, 0x30, 0xFF, 0x22, 0x26, 0x30, 0xFF,
    0x22, 0x26, 0x30, 0xFF, 0x22, 0x26, 0x30, 0xFF, 0x22, 0x26, 0x30, 0xFF,
    0x22, 0x26, 0x30, 0xFF, 0x22, 0x26, 0x30, 0xFF, 0x22, 0x26, 0x30, 0xFF,
    0x22, 0x26, 0x30, 0xFF, 0x22, 0x26, 0x30, 0xFF, 0x22, 0x26, 0x30, 0xFF,
    0x22, 0x26, 0x30, 0xFF, 0x22, 0x26, 0x30, 0xFF, 0x22, 0x26, 0x30, 0xFF,
    0x22, 0x26, 0x30, 0xFF, 0x22, 0x26, 0x30, 0xFF, 0x22, 0x26, 0x30, 0xFF,
    0x22, 0x26, 0x30, 0xFF, 0x22, 0x26, 0x30, 0xFF, 0x22, 0x26, 0x30, 0xFF,
    0x22, 0x26, 0x30, 0xFF, 0x22, 0x26, 0x30, 0xFF, 0x22, 0x26, 0x30, 0xFF,
    0x22, 0x26, 0x30, 0xFF, 0x22, 0x26, 0x30, 0xFF, 0x22, 0x26, 0x30, 0xFF,
    0x22, 0x26, 0x30, 0xFF, 0x22, 0x26, 0x30, 0xFF, 0x10, 0x12, 0x17, 0x47,
    0x00, 0x00, 0x00, 0x18, 0x00, 0x00, 0x00, 0x07, 0x00, 0x00, 0x00, 0x00,
    0x00, 0x00, 0x00, 0x00, 0x00, 0x00, 0x00, 0x07, 0x00, 0x00, 0x00, 0x18,
    0x01, 0x01, 0x01, 0x2B, 0x21, 0x24, 0x2E, 0xEF, 0x22, 0x25, 0x2F, 0xFF,
    0x22, 0x25, 0x2F, 0xFF, 0x22, 0x25, 0x2F, 0xFF, 0x22, 0x25, 0x2F, 0xFF,
    0x22, 0x25, 0x2F, 0xFF, 0x22, 0x25, 0x2F, 0xFF, 0x22, 0x25, 0x2F, 0xFF,
    0x22, 0x25, 0x2F, 0xFF, 0x22, 0x25, 0x2F, 0xFF, 0x22, 0x25, 0x2F, 0xFF,
    0x22, 0x25, 0x2F, 0xFF, 0x22, 0x25, 0x2F, 0xFF, 0x22, 0x25, 0x2F, 0xFF,
    0x22, 0x25, 0x2F, 0xFF, 0x22, 0x25, 0x2F, 0xFF, 0x22, 0x25, 0x2F, 0xFF,
    0x22, 0x25, 0x2F, 0xFF, 0x22, 0x25, 0x2F, 0xFF, 0x22, 0x25, 0x2F, 0xFF,
    0x22, 0x25, 0x2F, 0xFF, 0x22, 0x25, 0x2F, 0xFF, 0x22, 0x25, 0x2F, 0xFF,
    0x22, 0x25, 0x2F, 0xFF, 0x22, 0x25, 0x2F, 0xFF, 0x22, 0x25, 0x2F, 0xFF,
    0x22, 0x25, 0x2F, 0xFF, 0x22, 0x25, 0x2F, 0xFF, 0x22, 0x25, 0x2F, 0xFF,
    0x22, 0x25, 0x2F, 0xFF, 0x22, 0x25, 0x2F, 0xFF, 0x22, 0x25, 0x2F, 0xFF,
    0x22, 0x25, 0x2F, 0xFF, 0x22, 0x25, 0x2F, 0xFF, 0x22, 0x25, 0x2F, 0xFF,
    0x22, 0x25, 0x2F, 0xFF, 0x22, 0x25, 0x2F, 0xFF, 0x22, 0x25, 0x2F, 0xFF,
    0x22, 0x25, 0x2F, 0xFF, 0x21, 0x24, 0x2E, 0xEF, 0x01, 0x01, 0x01, 0x2B,
    0x00, 0x00, 0x00, 0x18, 0x00, 0x00, 0x00, 0x07, 0x00, 0x00, 0x00, 0x00,
    0x00, 0x00, 0x00, 0x00, 0x00, 0x00, 0x00, 0x07, 0x00, 0x00, 0x00, 0x17,
    0x00, 0x00, 0x00, 0x27, 0x1D, 0x20, 0x29, 0xAE, 0x21, 0x24, 0x2E, 0xFF,
    0x21, 0x24, 0x2E, 0xFF, 0x21, 0x24, 0x2E, 0xFF, 0x21, 0x24, 0x2E, 0xFF,
    0x21, 0x24, 0x2E, 0xFF, 0x21, 0x24, 0x2E, 0xFF, 0x21, 0x24, 0x2E, 0xFF,
    0x21, 0x24, 0x2E, 0xFF, 0x21, 0x24, 0x2E, 0xFF, 0x21, 0x24, 0x2E, 0xFF,
    0x21, 0x24, 0x2E, 0xFF, 0x21, 0x24, 0x2E, 0xFF, 0x21, 0x24, 0x2E, 0xFF,
    0x21, 0x24, 0x2E, 0xFF, 0x21, 0x24, 0x2E, 0xFF, 0x21, 0x24, 0x2E, 0xFF,
    0x21, 0x24, 0x2E, 0xFF, 0x21, 0x24, 0x2E, 0xFF, 0x21, 0x24, 0x2E, 0xFF,
    0x21, 0x24, 0x2E, 0xFF, 0x21, 0x24, 0x2E, 0xFF, 0x21, 0x24, 0x2E, 0xFF,
    0x21, 0x24, 0x2E, 0xFF, 0x21, 0x24, 0x2E, 0xFF, 0x21, 0x24, 0x2E, 0xFF,
    0x21, 0x24, 0x2E, 0xFF, 0x21, 0x24, 0x2E, 0xFF, 0x21, 0x24, 0x2E, 0xFF,
    0x21, 0x24, 0x2E, 0xFF, 0x21, 0x24, 0x2E, 0xFF, 0x21, 0x24, 0x2E, 0xFF,
    0x21, 0x24, 0x2E, 0xFF, 0x21, 0x24, 0x2E, 0xFF, 0x21, 0x24, 0x2E, 0xFF,
    0x21, 0x24, 0x2E, 0xFF, 0x21, 0x24, 0x2E, 0xFF, 0x21, 0x24, 0x2E, 0xFF,
    0x21, 0x24, 0x2E, 0xFF, 0x1D, 0x20, 0x29, 0xAE, 0x00, 0x00, 0x00, 0x27,
    0x00, 0x00, 0x00, 0x17, 0x00, 0x00, 0x00, 0x07, 0x00, 0x00, 0x00, 0x00,
    0x00, 0x00, 0x00, 0x00, 0x00, 0x00, 0x00, 0x06, 0x00, 0x00, 0x00, 0x16,
    0x00, 0x00, 0x00, 0x24, 0x10, 0x11, 0x16, 0x51, 0x20, 0x23, 0x2D, 0xFD,
    0x20, 0x23, 0x2D, 0xFF, 0x20, 0x23, 0x2D, 0xFF, 0x20, 0x23, 0x2D, 0xFF,
    0x20, 0x23, 0x2D, 0xFF, 0x20, 0x23, 0x2D, 0xFF, 0x20, 0x23, 0x2D, 0xFF,
    0x20, 0x23, 0x2D, 0xFF, 0x20, 0x23, 0x2D, 0xFF, 0x20, 0x23, 0x2D, 0xFF,
    0x20, 0x23, 0x2D, 0xFF, 0x20, 0x23, 0x2D, 0xFF, 0x20, 0x23, 0x2D, 0xFF,
    0x20, 0x23, 0x2D, 0xFF, 0x20, 0x23, 0x2D, 0xFF, 0x20, 0x23, 0x2D, 0xFF,
    0x20, 0x23, 0x2D, 0xFF, 0x20, 0x23, 0x2D, 0xFF, 0x20, 0x23, 0x2D, 0xFF,
    0x20, 0x23, 0x2D, 0xFF, 0x20, 0x23, 0x2D, 0xFF, 0x20, 0x23, 0x2D, 0xFF,
    0x20, 0x23, 0x2D, 0xFF, 0x20, 0x23, 0x2D, 0xFF, 0x20, 0x23, 0x2D, 0xFF,
    0x20, 0x23, 0x2D, 0xFF, 0x20, 0x23, 0x2D, 0xFF, 0x20, 0x23, 0x2D, 0xFF,
    0x20, 0x23, 0x2D, 0xFF, 0x20, 0x23, 0x2D, 0xFF, 0x20, 0x23, 0x2D, 0xFF,
    0x20, 0x23, 0x2D, 0xFF, 0x20, 0x23, 0x2D, 0xFF, 0x20, 0x23, 0x2D, 0xFF,
    0x20, 0x23, 0x2D, 0xFF, 0x20, 0x23, 0x2D, 0xFF, 0x20, 0x23, 0x2D, 0xFF,
    0x20, 0x23, 0x2D, 0xFD, 0x10, 0x11, 0x16, 0x51, 0x00, 0x00, 0x00, 0x24,
    0x00, 0x00, 0x00, 0x16, 0x00, 0x00, 0x00, 0x06, 0x00, 0x00, 0x00, 0x00,
    0x00, 0x00, 0x00, 0x00, 0x00, 0x00, 0x00, 0x04, 0x00, 0x00, 0x00, 0x13,
    0x00, 0x00, 0x00, 0x21, 0x00, 0x00, 0x00, 0x2C, 0x1A, 0x1D, 0x25, 0xA0,
    0x1F, 0x22, 0x2C, 0xFF, 0x1F, 0x22, 0x2C, 0xFF, 0x1F, 0x22, 0x2C, 0xFF,
    0x1F, 0x22, 0x2C, 0xFF, 0x1F, 0x22, 0x2C, 0xFF, 0x1F, 0x22, 0x2C, 0xFF,
    0x1F, 0x22, 0x2C, 0xFF, 0x1F, 0x22, 0x2C, 0xFF, 0x1F, 0x22, 0x2C, 0xFF,
    0x1F, 0x22, 0x2C, 0xFF, 0x1F, 0x22, 0x2C, 0xFF, 0x1F, 0x22, 0x2C, 0xFF,
    0x1F, 0x22, 0x2C, 0xFF, 0x1F, 0x22, 0x2C, 0xFF, 0x1F, 0x22, 0x2C, 0xFF,
    0x1F, 0x22, 0x2C, 0xFF, 0x1F, 0x22, 0x2C, 0xFF, 0x1F, 0x22, 0x2C, 0xFF,
    0x1F, 0x22, 0x2C, 0xFF, 0x1F, 0x22, 0x2C, 0xFF, 0x1F, 0x22, 0x2C, 0xFF,
    0x1F, 0x22, 0x2C, 0xFF, 0x1F, 0x22, 0x2C, 0xFF, 0x1F, 0x22, 0x2C, 0xFF,
    0x1F, 0x22, 0x2C, 0xFF, 0x1F, 0x22, 0x2C, 0xFF, 0x1F, 0x22, 0x2C, 0xFF,
    0x1F, 0x22, 0x2C, 0xFF, 0x1F, 0x22, 0x2C, 0xFF, 0x1F, 0x22, 0x2C, 0xFF,
    0x1F, 0x22, 0x2C, 0xFF, 0x1F, 0x22, 0x2C, 0xFF, 0x1F, 0x22, 0x2C, 0xFF,
    0x1F, 0x22, 0x2C, 0xFF, 0x1F, 0x22, 0x2C, 0xFF, 0x1F, 0x22, 0x2C, 0xFF,
    0x1A, 0x1D, 0x25, 0xA0, 0x00, 0x00, 0x00, 0x2C, 0x00, 0x00, 0x00, 0x21,
    0x00, 0x00, 0x00, 0x13, 0x00, 0x00, 0x00, 0x04, 0x00, 0x00, 0x00, 0x00,
    0x00, 0x00, 0x00, 0x00, 0x00, 0x00, 0x00, 0x01, 0x00, 0x00, 0x00, 0x0F,
    0x00, 0x00, 0x00, 0x1C, 0x00, 0x00, 0x00, 0x27, 0x02, 0x02, 0x03, 0x35,
    0x1C, 0x1F, 0x28, 0xC3, 0x1E, 0x22, 0x2B, 0xFF, 0x1E, 0x22, 0x2B, 0xFF,
    0x1E, 0x22, 0x2B, 0xFF, 0x1E, 0x22, 0x2B, 0xFF, 0x1E, 0x22, 0x2B, 0xFF,
    0x1E, 0x22, 0x2B, 0xFF, 0x1E, 0x22, 0x2B, 0xFF, 0x1E, 0x22, 0x2B, 0xFF,
    0x1E, 0x22, 0x2B, 0xFF, 0x1E, 0x22, 0x2B, 0xFF, 0x1E, 0x22, 0x2B, 0xFF,
    0x1E, 0x22, 0x2B, 0xFF, 0x1E, 0x22, 0x2B, 0xFF, 0x1E, 0x22, 0x2B, 0xFF,
    0x1E, 0x22, 0x2B, 0xFF, 0x1E, 0x22, 0x2B, 0xFF, 0x1E, 0x22, 0x2B, 0xFF,
    0x1E, 0x22, 0x2B, 0xFF, 0x1E, 0x22, 0x2B, 0xFF, 0x1E, 0x22, 0x2B, 0xFF,
    0x1E, 0x22, 0x2B, 0xFF, 0x1E, 0x22, 0x2B, 0xFF, 0x1E, 0x22, 0x2B, 0xFF,
    0x1E, 0x22, 0x2B, 0xFF, 0x1E, 0x22, 0x2B, 0xFF, 0x1E, 0x22, 0x2B, 0xFF,
    0x1E, 0x22, 0x2B, 0xFF, 0x1E, 0x22, 0x2B, 0xFF, 0x1E, 0x22, 0x2B, 0xFF,
    0x1E, 0x22, 0x2B, 0xFF, 0x1E, 0x22, 0x2B, 0xFF, 0x1E, 0x22, 0x2B, 0xFF,
    0x1E, 0x22, 0x2B, 0xFF, 0x1E, 0x22, 0x2B, 0xFF, 0x1C, 0x1F, 0x28, 0xC3,
    0x02, 0x02, 0x03, 0x35, 0x00, 0x00, 0x00, 0x27, 0x00, 0x00, 0x00, 0x1C,
    0x00, 0x00, 0x00, 0x0F, 0x00, 0x00, 0x00, 0x01, 0x00, 0x00, 0x00, 0x00,
    0x00, 0x00, 0x00, 0x00, 0x00, 0x00, 0x00, 0x00, 0x00, 0x00, 0x00, 0x0A,
    0x00, 0x00, 0x00, 0x16, 0x00, 0x00, 0x00, 0x21, 0x00, 0x00, 0x00, 0x2A,
    0x03, 0x03, 0x04, 0x37, 0x1A, 0x1D, 0x25, 0xAE, 0x1E, 0x21, 0x2A, 0xFF,
    0x1E, 0x21, 0x2A, 0xFF, 0x1E, 0x21, 0x2A, 0xFF, 0x1E, 0x21, 0x2A, 0xFF,
    0x1E, 0x21, 0x2A, 0xFF, 0x1E, 0x21, 0x2A, 0xFF, 0x1E, 0x21, 0x2A, 0xFF,
    0x1E, 0x21, 0x2A, 0xFF, 0x1E, 0x21, 0x2A, 0xFF, 0x1E, 0x21, 0x2A, 0xFF,
    0x1E, 0x21, 0x2A, 0xFF, 0x1E, 0x21, 0x2A, 0xFF, 0x1E, 0x21, 0x2A, 0xFF,
    0x1E, 0x21, 0x2A, 0xFF, 0x1E, 0x21, 0x2A, 0xFF, 0x1E, 0x21, 0x2A, 0xFF,
    0x1E, 0x21, 0x2A, 0xFF, 0x1E, 0x21, 0x2A, 0xFF, 0x1E, 0x21, 0x2A, 0xFF,
    0x1E, 0x21, 0x2A, 0xFF, 0x1E, 0x21, 0x2A, 0xFF, 0x1E, 0x21, 0x2A, 0xFF,
    0x1E, 0x21, 0x2A, 0xFF, 0x1E, 0x21, 0x2A, 0xFF, 0x1E, 0x21, 0x2A, 0xFF,
    0x1E, 0x21, 0x2A, 0xFF, 0x1E, 0x21, 0x2A, 0xFF, 0x1E, 0x21, 0x2A, 0xFF,
    0x1E, 0x21, 0x2A, 0xFF, 0x1E, 0x21, 0x2A, 0xFF, 0x1E, 0x21, 0x2A, 0xFF,
    0x1E, 0x21, 0x2A, 0xFF, 0x1A, 0x1D, 0x25, 0xAE, 0x03, 0x03, 0x04, 0x37,
    0x00, 0x00, 0x00, 0x2A, 0x00, 0x00, 0x00, 0x21, 0x00, 0x00, 0x00, 0x16,
    0x00, 0x00, 0x00, 0x0A, 0x00, 0x00, 0x00, 0x00, 0x00, 0x00, 0x00, 0x00,
    0x00, 0x00, 0x00, 0x00, 0x00, 0x00, 0x00, 0x00, 0x00, 0x00, 0x00, 0x04,
    0x00, 0x00, 0x00, 0x10, 0x00, 0x00, 0x00, 0x1B, 0x00, 0x00, 0x00, 0x25,
    0x00, 0x00, 0x00, 0x2B, 0x00, 0x00, 0x00, 0x33, 0x12, 0x14, 0x1A, 0x68,
    0x1B, 0x1E, 0x26, 0xCC, 0x1D, 0x20, 0x29, 0xFF, 0x1D, 0x20, 0x29, 0xFF,
    0x1D, 0x20, 0x29, 0xFF, 0x1D, 0x20, 0x29, 0xFF, 0x1D, 0x20, 0x29, 0xFF,
    0x1D, 0x20, 0x29, 0xFF, 0x1D, 0x20, 0x29, 0xFF, 0x1D, 0x20, 0x29, 0xFF,
    0x1D, 0x20, 0x29, 0xFF, 0x1D, 0x20, 0x29, 0xFF, 0x1D, 0x20, 0x29, 0xFF,
    0x1D, 0x20, 0x29, 0xFF, 0x1D, 0x20, 0x29, 0xFF, 0x1D, 0x20, 0x29, 0xFF,
    0x1D, 0x20, 0x29, 0xFF, 0x1D, 0x20, 0x29, 0xFF, 0x1D, 0x20, 0x29, 0xFF,
    0x1D, 0x20, 0x29, 0xFF, 0x1D, 0x20, 0x29, 0xFF, 0x1D, 0x20, 0x29, 0xFF,
    0x1D, 0x20, 0x29, 0xFF, 0x1D, 0x20, 0x29, 0xFF, 0x1D, 0x20, 0x29, 0xFF,
    0x1D, 0x20, 0x29, 0xFF, 0x1D, 0x20, 0x29, 0xFF, 0x1D, 0x20, 0x29, 0xFF,
    0x1D, 0x20, 0x29, 0xFF, 0x1D, 0x20, 0x29, 0xFF, 0x1B, 0x1E, 0x26, 0xCC,
    0x12, 0x14, 0x1A, 0x68, 0x00, 0x00, 0x00, 0x33, 0x00, 0x00, 0x00, 0x2B,
    0x00, 0x00, 0x00, 0x25, 0x00, 0x00, 0x00, 0x1B, 0x00, 0x00, 0x00, 0x10,
    0x00, 0x00, 0x00, 0x04, 0x00, 0x00, 0x00, 0x00, 0x00, 0x00, 0x00, 0x00,
    0x00, 0x00, 0x00, 0x00, 0x00, 0x00, 0x00, 0x00, 0x00, 0x00, 0x00, 0x00,
    0x00, 0x00, 0x00, 0x0A, 0x00, 0x00, 0x00, 0x13, 0x00, 0x00, 0x00, 0x1C,
    0x00, 0x00, 0x00, 0x25, 0x00, 0x00, 0x00, 0x2A, 0x00, 0x00, 0x00, 0x31,
    0x00, 0x00, 0x00, 0x34, 0x0B, 0x0C, 0x10, 0x4B, 0x14, 0x16, 0x1C, 0x77,
    0x17, 0x1A, 0x21, 0x99, 0x17, 0x1A, 0x21, 0x99, 0x17, 0x1A, 0x21, 0x99,
    0x17, 0x1A, 0x21, 0x99, 0x17, 0x1A, 0x21, 0x99, 0x17, 0x1A, 0x21, 0x99,
    0x17, 0x1A, 0x21, 0x99, 0x17, 0x1A, 0x21, 0x99, 0x17, 0x1A, 0x21, 0x99,
    0x17, 0x1A, 0x21, 0x99, 0x17, 0x1A, 0x21, 0x99, 0x17, 0x1A, 0x21, 0x99,
    0x17, 0x1A, 0x21, 0x99, 0x17, 0x1A, 0x21, 0x99, 0x17, 0x1A, 0x21, 0x99,
    0x17, 0x1A, 0x21, 0x99, 0x17, 0x1A, 0x21, 0x99, 0x17, 0x1A, 0x21, 0x99,
    0x17, 0x1A, 0x21, 0x99, 0x17, 0x1A, 0x21, 0x99, 0x17, 0x1A, 0x21, 0x99,
    0x17, 0x1A, 0x21, 0x99, 0x17, 0x1A, 0x21, 0x99, 0x17, 0x1A, 0x21, 0x99,
    0x14, 0x16, 0x1C, 0x77, 0x0B, 0x0C, 0x10, 0x4B, 0x00, 0x00, 0x00, 0x34,
    0x00, 0x00, 0x00, 0x31, 0x00, 0x00, 0x00, 0x2A, 0x00, 0x00, 0x00, 0x25,
    0x00, 0x00, 0x00, 0x1C, 0x00, 0x00, 0x00, 0x13, 0x00, 0x00, 0x00, 0x0A,
    0x00, 0x00, 0x00, 0x00, 0x00, 0x00, 0x00, 0x00, 0x00, 0x00, 0x00, 0x00,
    0x00, 0x00, 0x00, 0x00, 0x00, 0x00, 0x00, 0x00, 0x00, 0x00, 0x00, 0x00,
    0x00, 0x00, 0x00, 0x01, 0x00, 0x00, 0x00, 0x0C, 0x00, 0x00, 0x00, 0x14,
    0x00, 0x00, 0x00, 0x1C, 0x00, 0x00, 0x00, 0x22, 0x00, 0x00, 0x00, 0x28,
    0x00, 0x00, 0x00, 0x2B, 0x00, 0x00, 0x00, 0x2F, 0x00, 0x00, 0x00, 0x32,
    0x00, 0x00, 0x00, 0x34, 0x00, 0x00, 0x00, 0x34, 0x00, 0x00, 0x00, 0x34,
    0x00, 0x00, 0x00, 0x34, 0x00, 0x00, 0x00, 0x34, 0x00, 0x00, 0x00, 0x34,
    0x00, 0x00, 0x00, 0x34, 0x00, 0x00, 0x00, 0x34, 0x00, 0x00, 0x00, 0x34,
    0x00, 0x00, 0x00, 0x34, 0x00, 0x00, 0x00, 0x34, 0x00, 0x00, 0x00, 0x34,
    0x00, 0x00, 0x00, 0x34, 0x00, 0x00, 0x00, 0x34, 0x00, 0x00, 0x00, 0x34,
    0x00, 0x00, 0x00, 0x34, 0x00, 0x00, 0x00, 0x34, 0x00, 0x00, 0x00, 0x34,
    0x00, 0x00, 0x00, 0x34, 0x00, 0x00, 0x00, 0x34, 0x00, 0x00, 0x00, 0x34,
    0x00, 0x00, 0x00, 0x34, 0x00, 0x00, 0x00, 0x34, 0x00, 0x00, 0x00, 0x34,
    0x00, 0x00, 0x00, 0x32, 0x00, 0x00, 0x00, 0x2F, 0x00, 0x00, 0x00, 0x2B,
    0x00, 0x00, 0x00, 0x28, 0x00, 0x00, 0x00, 0x22, 0x00, 0x00, 0x00, 0x1C,
    0x00, 0x00, 0x00, 0x14, 0x00, 0x00, 0x00, 0x0C, 0x00, 0x00, 0x00, 0x01,
    0x00, 0x00, 0x00, 0x00, 0x00, 0x00, 0x00, 0x00, 0x00, 0x00, 0x00, 0x00,
    0x00, 0x00, 0x00, 0x00, 0x00, 0x00, 0x00, 0x00, 0x00, 0x00, 0x00, 0x00,
    0x00, 0x00, 0x00, 0x00, 0x00, 0x00, 0x00, 0x02, 0x00, 0x00, 0x00, 0x0D,
    0x00, 0x00, 0x00, 0x13, 0x00, 0x00, 0x00, 0x1A, 0x00, 0x00, 0x00, 0x1D,
    0x00, 0x00, 0x00, 0x23, 0x00, 0x00, 0x00, 0x27, 0x00, 0x00, 0x00, 0x28,
    0x00, 0x00, 0x00, 0x28, 0x00, 0x00, 0x00, 0x28, 0x00, 0x00, 0x00, 0x28,
    0x00, 0x00, 0x00, 0x28, 0x00, 0x00, 0x00, 0x28, 0x00, 0x00, 0x00, 0x28,
    0x00, 0x00, 0x00, 0x28, 0x00, 0x00, 0x00, 0x28, 0x00, 0x00, 0x00, 0x28,
    0x00, 0x00, 0x00, 0x28, 0x00, 0x00, 0x00, 0x28, 0x00, 0x00, 0x00, 0x28,
    0x00, 0x00, 0x00, 0x28, 0x00, 0x00, 0x00, 0x28, 0x00, 0x00, 0x00, 0x28,
    0x00, 0x00, 0x00, 0x28, 0x00, 0x00, 0x00, 0x28, 0x00, 0x00, 0x00, 0x28,
    0x00, 0x00, 0x00, 0x28, 0x00, 0x00, 0x00, 0x28, 0x00, 0x00, 0x00, 0x28,
    0x00, 0x00, 0x00, 0x28, 0x00, 0x00, 0x00, 0x28, 0x00, 0x00, 0x00, 0x28,
    0x00, 0x00, 0x00, 0x28, 0x00, 0x00, 0x00, 0x27, 0x00, 0x00, 0x00, 0x23,
    0x00, 0x00, 0x00, 0x1D, 0x00, 0x00, 0x00, 0x1A, 0x00, 0x00, 0x00, 0x13,
    0x00, 0x00, 0x00, 0x0D, 0x00, 0x00, 0x00, 0x02, 0x00, 0x00, 0x00, 0x00,
    0x00, 0x00, 0x00, 0x00, 0x00, 0x00, 0x00, 0x00, 0x00, 0x00, 0x00, 0x00,
    0x00, 0x00, 0x00, 0x00, 0x00, 0x00, 0x00, 0x00, 0x00, 0x00, 0x00, 0x00,
    0x00, 0x00, 0x00, 0x00, 0x00, 0x00, 0x00, 0x00, 0x00, 0x00, 0x00, 0x02,
    0x00, 0x00, 0x00, 0x0B, 0x00, 0x00, 0x00, 0x0F, 0x00, 0x00, 0x00, 0x16,
    0x00, 0x00, 0x00, 0x1B, 0x00, 0x00, 0x00, 0x1B, 0x00, 0x00, 0x00, 0x1D,
    0x00, 0x00, 0x00, 0x1E, 0x00, 0x00, 0x00, 0x1E, 0x00, 0x00, 0x00, 0x1E,
    0x00, 0x00, 0x00, 0x1E, 0x00, 0x00, 0x00, 0x1E, 0x00, 0x00, 0x00, 0x1E,
    0x00, 0x00, 0x00, 0x1E, 0x00, 0x00, 0x00, 0x1E, 0x00, 0x00, 0x00, 0x1E,
    0x00, 0x00, 0x00, 0x1E, 0x00, 0x00, 0x00, 0x1E, 0x00, 0x00, 0x00, 0x1E,
    0x00, 0x00, 0x00, 0x1E, 0x00, 0x00, 0x00, 0x1E, 0x00, 0x00, 0x00, 0x1E,
    0x00, 0x00, 0x00, 0x1E, 0x00, 0x00, 0x00, 0x1E, 0x00, 0x00, 0x00, 0x1E,
    0x00, 0x00, 0x00, 0x1E, 0x00, 0x00, 0x00, 0x1E, 0x00, 0x00, 0x00, 0x1E,
    0x00, 0x00, 0x00, 0x1E, 0x00, 0x00, 0x00, 0x1E, 0x00, 0x00, 0x00, 0x1E,
    0x00, 0x00, 0x00, 0x1D, 0x00, 0x00, 0x00, 0x1B, 0x00, 0x00, 0x00, 0x1B,
    0x00, 0x00, 0x00, 0x16, 0x00, 0x00, 0x00, 0x0F, 0x00, 0x00, 0x00, 0x0B,
    0x00, 0x00, 0x00, 0x02, 0x00, 0x00, 0x00, 0x00, 0x00, 0x00, 0x00, 0x00,
    0x00, 0x00, 0x00, 0x00, 0x00, 0x00, 0x00, 0x00, 0x00, 0x00, 0x00, 0x00,
    0x00, 0x00, 0x00, 0x00, 0x00, 0x00, 0x00, 0x00, 0x00, 0x00, 0x00, 0x00,
    0x00, 0x00, 0x00, 0x00, 0x00, 0x00, 0x00, 0x00, 0x00, 0x00, 0x00, 0x00,
    0x00, 0x00, 0x00, 0x00, 0x00, 0x00, 0x00, 0x07, 0x00, 0x00, 0x00, 0x0D,
    0x00, 0x00, 0x00, 0x0E, 0x00, 0x00, 0x00, 0x12, 0x00, 0x00, 0x00, 0x15,
    0x00, 0x00, 0x00, 0x15, 0x00, 0x00, 0x00, 0x15, 0x00, 0x00, 0x00, 0x15,
    0x00, 0x00, 0x00, 0x15, 0x00, 0x00, 0x00, 0x15, 0x00, 0x00, 0x00, 0x15,
    0x00, 0x00, 0x00, 0x15, 0x00, 0x00, 0x00, 0x15, 0x00, 0x00, 0x00, 0x15,
    0x00, 0x00, 0x00, 0x15, 0x00, 0x00, 0x00, 0x15, 0x00, 0x00, 0x00, 0x15,
    0x00, 0x00, 0x00, 0x15, 0x00, 0x00, 0x00, 0x15, 0x00, 0x00, 0x00, 0x15,
    0x00, 0x00, 0x00, 0x15, 0x00, 0x00, 0x00, 0x15, 0x00, 0x00, 0x00, 0x15,
    0x00, 0x00, 0x00, 0x15, 0x00, 0x00, 0x00, 0x15, 0x00, 0x00, 0x00, 0x15,
    0x00, 0x00, 0x00, 0x15, 0x00, 0x00, 0x00, 0x15, 0x00, 0x00, 0x00, 0x15,
    0x00, 0x00, 0x00, 0x15, 0x00, 0x00, 0x00, 0x12, 0x00, 0x00, 0x00, 0x0E,
    0x00, 0x00, 0x00, 0x0D, 0x00, 0x00, 0x00, 0x07, 0x00, 0x00, 0x00, 0x00,
    0x00, 0x00, 0x00, 0x00, 0x00, 0x00, 0x00, 0x00, 0x00, 0x00, 0x00, 0x00,
    0x00, 0x00, 0x00, 0x00, 0x00, 0x00, 0x00, 0x00, 0x00, 0x00, 0x00, 0x00,
};

const uint8_t ICON_TERMINAL_SMALL[] = {
    0x4C, 0x49, 0x43, 0x32, 0x18, 0x18, 0x00, 0x00,
    0x00, 0x00, 0x00, 0x00, 0x00, 0x00, 0x00, 0x00, 0x00, 0x00, 0x00, 0x00,
    0x00, 0x00, 0x00, 0x00, 0x00, 0x00, 0x00, 0x00, 0x00, 0x00, 0x00, 0x00,
    0x00, 0x00, 0x00, 0x00, 0x00, 0x00, 0x00, 0x00, 0x00, 0x00, 0x00, 0x00,
    0x00, 0x00, 0x00, 0x00, 0x00, 0x00, 0x00, 0x00, 0x00, 0x00, 0x00, 0x00,
    0x00, 0x00, 0x00, 0x00, 0x00, 0x00, 0x00, 0x00, 0x00, 0x00, 0x00, 0x00,
    0x00, 0x00, 0x00, 0x00, 0x00, 0x00, 0x00, 0x00, 0x00, 0x00, 0x00, 0x00,
    0x00, 0x00, 0x00, 0x00, 0x00, 0x00, 0x00, 0x00, 0x00, 0x00, 0x00, 0x00,
    0x00, 0x00, 0x00, 0x00, 0x00, 0x00, 0x00, 0x00, 0x00, 0x00, 0x00, 0x00,
    0x00, 0x00, 0x00, 0x00, 0x00, 0x00, 0x00, 0x00, 0x00, 0x00, 0x00, 0x00,
    0x00, 0x00, 0x00, 0x00, 0x75, 0x79, 0x83, 0x17, 0x7A, 0x7E, 0x88, 0x76,
    0x71, 0x75, 0x7F, 0x93, 0x5F, 0x64, 0x70, 0x8C, 0x5F, 0x64, 0x70, 0x8C,
    0x5F, 0x64, 0x70, 0x8C, 0x5F, 0x64, 0x70, 0x8C, 0x5F, 0x64, 0x70, 0x8C,
    0x5F, 0x64, 0x70, 0x8C, 0x5F, 0x64, 0x70, 0x8C, 0x5F, 0x64, 0x70, 0x8C,
    0x5F, 0x64, 0x70, 0x8C, 0x5F, 0x64, 0x70, 0x8C, 0x71, 0x75, 0x7F, 0x93,
    0x7A, 0x7E, 0x88, 0x76, 0x75, 0x79, 0x83, 0x17, 0x00, 0x00, 0x00, 0x00,
    0x00, 0x00, 0x00, 0x00, 0x00, 0x00, 0x00, 0x00, 0x00, 0x00, 0x00, 0x00,
    0x00, 0x00, 0x00, 0x00, 0x00, 0x00, 0x00, 0x00, 0x00, 0x00, 0x00, 0x00,
    0x6C, 0x70, 0x7A, 0x6C, 0x56, 0x5B, 0x67, 0xF4, 0x3D, 0x43, 0x50, 0xFF,
    0x3A, 0x40, 0x4E, 0xFF, 0x3A, 0x40, 0x4E, 0xFF, 0x3A, 0x40, 0x4E, 0xFF,
    0x3A, 0x40, 0x4E, 0xFF, 0x3A, 0x40, 0x4E, 0xFF, 0x3A, 0x40, 0x4E, 0xFF,
    0x3A, 0x40, 0x4E, 0xFF, 0x3A, 0x40, 0x4E, 0xFF, 0x3A, 0x40, 0x4E, 0xFF,
    0x3A, 0x40, 0x4E, 0xFF, 0x3A, 0x40, 0x4E, 0xFF, 0x3A, 0x40, 0x4E, 0xFF,
    0x3D, 0x43, 0x50, 0xFF, 0x56, 0x5B, 0x67, 0xF4, 0x6C, 0x70, 0x7A, 0x6C,
    0x00, 0x00, 0x00, 0x00, 0x00, 0x00, 0x00, 0x00, 0x00, 0x00, 0x00, 0x00,
    0x00, 0x00, 0x00, 0x00, 0x00, 0x00, 0x00, 0x00, 0x64, 0x68, 0x72, 0x58,
    0x48, 0x4D, 0x5A, 0xFE, 0x39, 0x3F, 0x4C, 0xFF, 0x39, 0x3F, 0x4C, 0xFF,
    0x39, 0x3F, 0x4C, 0xFF, 0x39, 0x3F, 0x4C, 0xFF, 0x39, 0x3F, 0x4C, 0xFF,
    0x39, 0x3F, 0x4C, 0xFF, 0x39, 0x3F, 0x4C, 0xFF, 0x39, 0x3F, 0x4C, 0xFF,
    0x39, 0x3F, 0x4C, 0xFF, 0x39, 0x3F, 0x4C, 0xFF, 0x39, 0x3F, 0x4C, 0xFF,
    0x39, 0x3F, 0x4C, 0xFF, 0x39, 0x3F, 0x4C, 0xFF, 0x39, 0x3F, 0x4C, 0xFF,
    0x39, 0x3F, 0x4C, 0xFF, 0x39, 0x3F, 0x4C, 0xFF, 0x48, 0x4D, 0x5A, 0xFE,
    0x64, 0x68, 0x72, 0x58, 0x00, 0x00, 0x00, 0x00, 0x00, 0x00, 0x00, 0x00,
    0x00, 0x00, 0x00, 0x00, 0x00, 0x00, 0x00, 0x04, 0x52, 0x57, 0x62, 0xD8,
    0x37, 0x3D, 0x4A, 0xFF, 0x37, 0x3D, 0x4A, 0xFF, 0x37, 0x3D, 0x4A, 0xFF,
    0x37, 0x3D, 0x4A, 0xFF, 0x37, 0x3D, 0x4A, 0xFF, 0x37, 0x3D, 0x4A, 0xFF,
    0x37, 0x3D, 0x4A, 0xFF, 0x37, 0x3D, 0x4A, 0xFF, 0x37, 0x3D, 0x4A, 0xFF,
    0x37, 0x3D, 0x4A, 0xFF, 0x37, 0x3D, 0x4A, 0xFF, 0x37, 0x3D, 0x4A, 0xFF,
    0x37, 0x3D, 0x4A, 0xFF, 0x37, 0x3D, 0x4A, 0xFF, 0x37, 0x3D, 0x4A, 0xFF,
    0x37, 0x3D, 0x4A, 0xFF, 0x37, 0x3D, 0x4A, 0xFF, 0x37, 0x3D, 0x4A, 0xFF,
    0x52, 0x57, 0x62, 0xD8, 0x00, 0x00, 0x00, 0x04, 0x00, 0x00, 0x00, 0x00,
    0x00, 0x00, 0x00, 0x00, 0x32, 0x34, 0x39, 0x25, 0x47, 0x4C, 0x58, 0xFF,
    0x36, 0x3B, 0x48, 0xFF, 0x36, 0x3B, 0x48, 0xFF, 0x36, 0x3B, 0x48, 0xFF,
    0x36, 0x3B, 0x48, 0xFF, 0x36, 0x3B, 0x48, 0xFF, 0x36, 0x3B, 0x48, 0xFF,
    0x36, 0x3B, 0x48, 0xFF, 0x36, 0x3B, 0x48, 0xFF, 0x36, 0x3B, 0x48, 0xFF,
    0x36, 0x3B, 0x48, 0xFF, 0x36, 0x3B, 0x48, 0xFF, 0x36, 0x3B, 0x48, 0xFF,
    0x36, 0x3B, 0x48, 0xFF, 0x36, 0x3B, 0x48, 0xFF, 0x36, 0x3B, 0x48, 0xFF,
    0x36, 0x3B, 0x48, 0xFF, 0x36, 0x3B, 0x48, 0xFF, 0x36, 0x3B, 0x48, 0xFF,
    0x47, 0x4C, 0x58, 0xFF, 0x32, 0x34, 0x39, 0x25, 0x00, 0x00, 0x00, 0x00,
    0x00, 0x00, 0x00, 0x01, 0x36, 0x39, 0x3F, 0x40, 0x40, 0x45, 0x51, 0xFF,
    0x34, 0x39, 0x46, 0xFF, 0x34, 0x39, 0x46, 0xFF, 0x34, 0x39, 0x46, 0xFF,
    0x34, 0x39, 0x46, 0xFF, 0x34, 0x39, 0x46, 0xFF, 0x34, 0x39, 0x46, 0xFF,
    0x34, 0x39, 0x46, 0xFF, 0x34, 0x39, 0x46, 0xFF, 0x34, 0x39, 0x46, 0xFF,
    0x34, 0x39, 0x46, 0xFF, 0x34, 0x39, 0x46, 0xFF, 0x34, 0x39, 0x46, 0xFF,
    0x34, 0x39, 0x46, 0xFF, 0x34, 0x39, 0x46, 0xFF, 0x34, 0x39, 0x46, 0xFF,
    0x34, 0x39, 0x46, 0xFF, 0x34, 0x39, 0x46, 0xFF, 0x34, 0x39, 0x46, 0xFF,
    0x40, 0x45, 0x51, 0xFF, 0x36, 0x39, 0x3F, 0x40, 0x00, 0x00, 0x00, 0x01,
    0x00, 0x00, 0x00, 0x03, 0x31, 0x33, 0x39, 0x42, 0x3D, 0x42, 0x4E, 0xFF,
    0x33, 0x38, 0x44, 0xFF, 0x33, 0x38, 0x44, 0xFF, 0x33, 0x38, 0x44, 0xFF,
    0x33, 0x38, 0x44, 0xFF, 0x33, 0x38, 0x44, 0xFF, 0x33, 0x38, 0x44, 0xFF,
    0x33, 0x38, 0x44, 0xFF, 0x33, 0x38, 0x44, 0xFF, 0x33, 0x38, 0x44, 0xFF,
    0x33, 0x38, 0x44, 0xFF, 0x33, 0x38, 0x44, 0xFF, 0x33, 0x38, 0x44, 0xFF,
    0x33, 0x38, 0x44, 0xFF, 0x33, 0x38, 0x44, 0xFF, 0x33, 0x38, 0x44, 0xFF,
    0x33, 0x38, 0x44, 0xFF, 0x33, 0x38, 0x44, 0xFF, 0x33, 0x38, 0x44, 0xFF,
    0x3D, 0x42, 0x4E, 0xFF, 0x31, 0x33, 0x39, 0x42, 0x00, 0x00, 0x00, 0x03,
    0x00, 0x00, 0x00, 0x04, 0x2D, 0x2F, 0x35, 0x41, 0x3A, 0x3E, 0x4A, 0xFF,
    0x31, 0x36, 0x42, 0xFF, 0x31, 0x36, 0x42, 0xFF, 0x31, 0x36, 0x42, 0xFF,
    0x31, 0x36, 0x42, 0xFF, 0x3D, 0x4F, 0x4F, 0xFF, 0x38, 0x45, 0x4A, 0xFF,
    0x31, 0x36, 0x42, 0xFF, 0x31, 0x36, 0x42, 0xFF, 0x31, 0x36, 0x42, 0xFF,
    0x31, 0x36, 0x42, 0xFF, 0x31, 0x36, 0x42, 0xFF, 0x31, 0x36, 0x42, 0xFF,
    0x31, 0x36, 0x42, 0xFF, 0x31, 0x36, 0x42, 0xFF, 0x31, 0x36, 0x42, 0xFF,
    0x31, 0x36, 0x42, 0xFF, 0x31, 0x36, 0x42, 0xFF, 0x31, 0x36, 0x42, 0xFF,
    0x3A, 0x3E, 0x4A, 0xFF, 0x2D, 0x2F, 0x35, 0x41, 0x00, 0x00, 0x00, 0x04,
    0x00, 0x00, 0x00, 0x04, 0x28, 0x2B, 0x30, 0x40, 0x36, 0x3B, 0x47, 0xFF,
    0x2F, 0x34, 0x40, 0xFF, 0x2F, 0x34, 0x40, 0xFF, 0x2F, 0x34, 0x40, 0xFF,
    0x2F, 0x34, 0x40, 0xFF, 0x6F, 0xB5, 0x82, 0xFF, 0x7E, 0xD4, 0x92, 0xFF,
    0x3A, 0x4A, 0x4B, 0xFF, 0x2F, 0x34, 0x40, 0xFF, 0x2F, 0x34, 0x40, 0xFF,
    0x2F, 0x34, 0x40, 0xFF, 0x2F, 0x34, 0x40, 0xFF, 0x2F, 0x34, 0x40, 0xFF,
    0x2F, 0x34, 0x40, 0xFF, 0x2F, 0x34, 0x40, 0xFF, 0x2F, 0x34, 0x40, 0xFF,
    0x2F, 0x34, 0x40, 0xFF, 0x2F, 0x34, 0x40, 0xFF, 0x2F, 0x34, 0x40, 0xFF,
    0x36, 0x3B, 0x47, 0xFF, 0x28, 0x2B, 0x30, 0x40, 0x00, 0x00, 0x00, 0x04,
    0x00, 0x00, 0x00, 0x04, 0x24, 0x26, 0x2C, 0x40, 0x33, 0x38, 0x43, 0xFF,
    0x2E, 0x32, 0x3E, 0xFF, 0x2E, 0x32, 0x3E, 0xFF, 0x2E, 0x32, 0x3E, 0xFF,
    0x2E, 0x32, 0x3E, 0xFF, 0x33, 0x3D, 0x44, 0xFF, 0x77, 0xC5, 0x8A, 0xFF,
    0x81, 0xDA, 0x95, 0xFF, 0x3C, 0x4F, 0x4D, 0xFF, 0x2E, 0x32, 0x3E, 0xFF,
    0x2E, 0x32, 0x3E, 0xFF, 0x2E, 0x32, 0x3E, 0xFF, 0x2E, 0x32, 0x3E, 0xFF,
    0x2E, 0x32, 0x3E, 0xFF, 0x2E, 0x32, 0x3E, 0xFF, 0x2E, 0x32, 0x3E, 0xFF,
    0x2E, 0x32, 0x3E, 0xFF, 0x2E, 0x32, 0x3E, 0xFF, 0x2E, 0x32, 0x3E, 0xFF,
    0x33, 0x38, 0x43, 0xFF, 0x24, 0x26, 0x2C, 0x40, 0x00, 0x00, 0x00, 0x04,
    0x00, 0x00, 0x00, 0x04, 0x1F, 0x22, 0x27, 0x3F, 0x30, 0x34, 0x40, 0xFF,
    0x2C, 0x31, 0x3C, 0xFF, 0x2C, 0x31, 0x3C, 0xFF, 0x2C, 0x31, 0x3C, 0xFF,
    0x2C, 0x31, 0x3C, 0xFF, 0x2C, 0x31, 0x3C, 0xFF, 0x30, 0x39, 0x40, 0xFF,
    0x75, 0xC2, 0x88, 0xFF, 0x70, 0xB9, 0x83, 0xFF, 0x2C, 0x31, 0x3C, 0xFF,
    0x2C, 0x31, 0x3C, 0xFF, 0x2C, 0x31, 0x3C, 0xFF, 0x2C, 0x31, 0x3C, 0xFF,
    0x2C, 0x31, 0x3C, 0xFF, 0x2C, 0x31, 0x3C, 0xFF, 0x2C, 0x31, 0x3C, 0xFF,
    0x2C, 0x31, 0x3C, 0xFF, 0x2C, 0x31, 0x3C, 0xFF, 0x2C, 0x31, 0x3C, 0xFF,
    0x30, 0x34, 0x40, 0xFF, 0x1F, 0x22, 0x27, 0x3F, 0x00, 0x00, 0x00, 0x04,
    0x00, 0x00, 0x00, 0x04, 0x1B, 0x1D, 0x23, 0x3E, 0x2D, 0x31, 0x3C, 0xFF,
    0x2B, 0x2F, 0x3A, 0xFF, 0x2B, 0x2F, 0x3A, 0xFF, 0x2B, 0x2F, 0x3A, 0xFF,
    0x2B, 0x2F, 0x3A, 0xFF, 0x2B, 0x2F, 0x3A, 0xFF, 0x40, 0x5A, 0x51, 0xFF,
    0x86, 0xE5, 0x9A, 0xFF, 0x67, 0xA7, 0x7A, 0xFF, 0x2B, 0x2F, 0x3A, 0xFF,
    0x2B, 0x2F, 0x3A, 0xFF, 0x2B, 0x2F, 0x3A, 0xFF, 0x2B, 0x2F, 0x3A, 0xFF,
    0x2B, 0x2F, 0x3A, 0xFF, 0x2B, 0x2F, 0x3A, 0xFF, 0x2B, 0x2F, 0x3A, 0xFF,
    0x2B, 0x2F, 0x3A, 0xFF, 0x2B, 0x2F, 0x3A, 0xFF, 0x2B, 0x2F, 0x3A, 0xFF,
    0x2D, 0x31, 0x3C, 0xFF, 0x1B, 0x1D, 0x23, 0x3E, 0x00, 0x00, 0x00, 0x04,
    0x00, 0x00, 0x00, 0x04, 0x16, 0x18, 0x1E, 0x3D, 0x29, 0x2E, 0x39, 0xFF,
    0x29, 0x2D, 0x38, 0xFF, 0x29, 0x2D, 0x38, 0xFF, 0x29, 0x2D, 0x38, 0xFF,
    0x29, 0x2D, 0x38, 0xFF, 0x44, 0x63, 0x55, 0xFF, 0x88, 0xE8, 0x9C, 0xFF,
    0x67, 0xA7, 0x79, 0xFF, 0x2A, 0x2F, 0x39, 0xFF, 0x29, 0x2D, 0x38, 0xFF,
    0x3C, 0x40, 0x4B, 0xFF, 0x58, 0x5D, 0x67, 0xFF, 0x58, 0x5D, 0x67, 0xFF,
    0x58, 0x5D, 0x67, 0xFF, 0x48, 0x4C, 0x57, 0xFF, 0x29, 0x2D, 0x38, 0xFF,
    0x29, 0x2D, 0x38, 0xFF, 0x29, 0x2D, 0x38, 0xFF, 0x29, 0x2D, 0x38, 0xFF,
    0x29, 0x2E, 0x39, 0xFF, 0x16, 0x18, 0x1E, 0x3D, 0x00, 0x00, 0x00, 0x04,
    0x00, 0x00, 0x00, 0x04, 0x15, 0x17, 0x1C, 0x3D, 0x27, 0x2C, 0x36, 0xFF,
    0x27, 0x2C, 0x36, 0xFF, 0x27, 0x2C, 0x36, 0xFF, 0x27, 0x2C, 0x36, 0xFF,
    0x27, 0x2C, 0x36, 0xFF, 0x64, 0xA1, 0x76, 0xFF, 0x60, 0x9B, 0x72, 0xFF,
    0x27, 0x2C, 0x36, 0xFF, 0x27, 0x2C, 0x36, 0xFF, 0x27, 0x2C, 0x36, 0xFF,
    0xD8, 0xDE, 0xE7, 0xFF, 0xE6, 0xEC, 0xF5, 0xFF, 0xE6, 0xEC, 0xF5, 0xFF,
    0xE6, 0xEC, 0xF5, 0xFF, 0xE6, 0xEC, 0xF5, 0xFF, 0x49, 0x4D, 0x58, 0xFF,
    0x27, 0x2C, 0x36, 0xFF, 0x27, 0x2C, 0x36, 0xFF, 0x27, 0x2C, 0x36, 0xFF,
    0x27, 0x2C, 0x36, 0xFF, 0x15, 0x17, 0x1C, 0x3D, 0x00, 0x00, 0x00, 0x04,
    0x00, 0x00, 0x00, 0x04, 0x14, 0x16, 0x1B, 0x3D, 0x26, 0x2A, 0x34, 0xFF,
    0x26, 0x2A, 0x34, 0xFF, 0x26, 0x2A, 0x34, 0xFF, 0x26, 0x2A, 0x34, 0xFF,
    0x26, 0x2A, 0x34, 0xFF, 0x26, 0x2A, 0x34, 0xFF, 0x26, 0x2A, 0x34, 0xFF,
    0x26, 0x2A, 0x34, 0xFF, 0x26, 0x2A, 0x34, 0xFF, 0x26, 0x2A, 0x34, 0xFF,
    0x26, 0x2A, 0x34, 0xFF, 0x26, 0x2A, 0x34, 0xFF, 0x26, 0x2A, 0x34, 0xFF,
    0x26, 0x2A, 0x34, 0xFF, 0x26, 0x2A, 0x34, 0xFF, 0x26, 0x2A, 0x34, 0xFF,
    0x26, 0x2A, 0x34, 0xFF, 0x26, 0x2A, 0x34, 0xFF, 0x26, 0x2A, 0x34, 0xFF,
    0x26, 0x2A, 0x34, 0xFF, 0x14, 0x16, 0x1B, 0x3D, 0x00, 0x00, 0x00, 0x04,
    0x00, 0x00, 0x00, 0x04, 0x13, 0x15, 0x1A, 0x3D, 0x24, 0x28, 0x32, 0xFF,
    0x24, 0x28, 0x32, 0xFF, 0x24, 0x28, 0x32, 0xFF, 0x24, 0x28, 0x32, 0xFF,
    0x24, 0x28, 0x32, 0xFF, 0x24, 0x28, 0x32, 0xFF, 0x24, 0x28, 0x32, 0xFF,
    0x24, 0x28, 0x32, 0xFF, 0x24, 0x28, 0x32, 0xFF, 0x24, 0x28, 0x32, 0xFF,
    0x24, 0x28, 0x32, 0xFF, 0x24, 0x28, 0x32, 0xFF, 0x24, 0x28, 0x32, 0xFF,
    0x24, 0x28, 0x32, 0xFF, 0x24, 0x28, 0x32, 0xFF, 0x24, 0x28, 0x32, 0xFF,
    0x24, 0x28, 0x32, 0xFF, 0x24, 0x28, 0x32, 0xFF, 0x24, 0x28, 0x32, 0xFF,
    0x24, 0x28, 0x32, 0xFF, 0x13, 0x15, 0x1A, 0x3D, 0x00, 0x00, 0x00, 0x04,
    0x00, 0x00, 0x00, 0x04, 0x0F, 0x10, 0x15, 0x35, 0x23, 0x26, 0x30, 0xFF,
    0x23, 0x26, 0x30, 0xFF, 0x23, 0x26, 0x30, 0xFF, 0x23, 0x26, 0x30, 0xFF,
    0x23, 0x26, 0x30, 0xFF, 0x23, 0x26, 0x30, 0xFF, 0x23, 0x26, 0x30, 0xFF,
    0x23, 0x26, 0x30, 0xFF, 0x23, 0x26, 0x30, 0xFF, 0x23, 0x26, 0x30, 0xFF,
    0x23, 0x26, 0x30, 0xFF, 0x23, 0x26, 0x30, 0xFF, 0x23, 0x26, 0x30, 0xFF,
    0x23, 0x26, 0x30, 0xFF, 0x23, 0x26, 0x30, 0xFF, 0x23, 0x26, 0x30, 0xFF,
    0x23, 0x26, 0x30, 0xFF, 0x23, 0x26, 0x30, 0xFF, 0x23, 0x26, 0x30, 0xFF,
    0x23, 0x26, 0x30, 0xFF, 0x0F, 0x10, 0x15, 0x35, 0x00, 0x00, 0x00, 0x04,
    0x00, 0x00, 0x00, 0x03, 0x00, 0x00, 0x00, 0x20, 0x20, 0x24, 0x2D, 0xE7,
    0x21, 0x25, 0x2E, 0xFF, 0x21, 0x25, 0x2E, 0xFF, 0x21, 0x25, 0x2E, 0xFF,
    0x21, 0x25, 0x2E, 0xFF, 0x21, 0x25, 0x2E, 0xFF, 0x21, 0x25, 0x2E, 0xFF,
    0x21, 0x25, 0x2E, 0xFF, 0x21, 0x25, 0x2E, 0xFF, 0x21, 0x25, 0x2E, 0xFF,
    0x21, 0x25, 0x2E, 0xFF, 0x21, 0x25, 0x2E, 0xFF, 0x21, 0x25, 0x2E, 0xFF,
    0x21, 0x25, 0x2E, 0xFF, 0x21, 0x25, 0x2E, 0xFF, 0x21, 0x25, 0x2E, 0xFF,
    0x21, 0x25, 0x2E, 0xFF, 0x21, 0x25, 0x2E, 0xFF, 0x21, 0x25, 0x2E, 0xFF,
    0x20, 0x24, 0x2D, 0xE7, 0x00, 0x00, 0x00, 0x20, 0x00, 0x00, 0x00, 0x03,
    0x00, 0x00, 0x00, 0x02, 0x00, 0x00, 0x00, 0x1B, 0x19, 0x1C, 0x23, 0x88,
    0x20, 0x23, 0x2C, 0xFF, 0x20, 0x23, 0x2C, 0xFF, 0x20, 0x23, 0x2C, 0xFF,
    0x20, 0x23, 0x2C, 0xFF, 0x20, 0x23, 0x2C, 0xFF, 0x20, 0x23, 0x2C, 0xFF,
    0x20, 0x23, 0x2C, 0xFF, 0x20, 0x23, 0x2C, 0xFF, 0x20, 0x23, 0x2C, 0xFF,
    0x20, 0x23, 0x2C, 0xFF, 0x20, 0x23, 0x2C, 0xFF, 0x20, 0x23, 0x2C, 0xFF,
    0x20, 0x23, 0x2C, 0xFF, 0x20, 0x23, 0x2C, 0xFF, 0x20, 0x23, 0x2C, 0xFF,
    0x20, 0x23, 0x2C, 0xFF, 0x20, 0x23, 0x2C, 0xFF, 0x20, 0x23, 0x2C, 0xFF,
    0x19, 0x1C, 0x23, 0x88, 0x00, 0x00, 0x00, 0x1B, 0x00, 0x00, 0x00, 0x02,
    0x00, 0x00, 0x00, 0x00, 0x00, 0x00, 0x00, 0x13, 0x00, 0x00, 0x00, 0x29,
    0x1A, 0x1D, 0x25, 0xAB, 0x1E, 0x21, 0x2A, 0xFF, 0x1E, 0x21, 0x2A, 0xFF,
    0x1E, 0x21, 0x2A, 0xFF, 0x1E, 0x21, 0x2A, 0xFF, 0x1E, 0x21, 0x2A, 0xFF,
    0x1E, 0x21, 0x2A, 0xFF, 0x1E, 0x21, 0x2A, 0xFF, 0x1E, 0x21, 0x2A, 0xFF,
    0x1E, 0x21, 0x2A, 0xFF, 0x1E, 0x21, 0x2A, 0xFF, 0x1E, 0x21, 0x2A, 0xFF,
    0x1E, 0x21, 0x2A, 0xFF, 0x1E, 0x21, 0x2A, 0xFF, 0x1E, 0x21, 0x2A, 0xFF,
    0x1E, 0x21, 0x2A, 0xFF, 0x1E, 0x21, 0x2A, 0xFF, 0x1A, 0x1D, 0x25, 0xAB,
    0x00, 0x00, 0x00, 0x29, 0x00, 0x00, 0x00, 0x13, 0x00, 0x00, 0x00, 0x00,
    0x00, 0x00, 0x00, 0x00, 0x00, 0x00, 0x00, 0x07, 0x00, 0x00, 0x00, 0x1C,
    0x00, 0x00, 0x00, 0x2B, 0x12, 0x14, 0x1A, 0x68, 0x19, 0x1C, 0x24, 0xB2,
    0x1B, 0x1D, 0x26, 0xCC, 0x1B, 0x1D, 0x26, 0xCC, 0x1B, 0x1D, 0x26, 0xCC,
    0x1B, 0x1D, 0x26, 0xCC, 0x1B, 0x1D, 0x26, 0xCC, 0x1B, 0x1D, 0x26, 0xCC,
    0x1B, 0x1D, 0x26, 0xCC, 0x1B, 0x1D, 0x26, 0xCC, 0x1B, 0x1D, 0x26, 0xCC,
    0x1B, 0x1D, 0x26, 0xCC, 0x1B, 0x1D, 0x26, 0xCC, 0x1B, 0x1D, 0x26, 0xCC,
    0x19, 0x1C, 0x24, 0xB2, 0x12, 0x14, 0x1A, 0x68, 0x00, 0x00, 0x00, 0x2B,
    0x00, 0x00, 0x00, 0x1C, 0x00, 0x00, 0x00, 0x07, 0x00, 0x00, 0x00, 0x00,
    0x00, 0x00, 0x00, 0x00, 0x00, 0x00, 0x00, 0x00, 0x00, 0x00, 0x00, 0x0C,
    0x00, 0x00, 0x00, 0x1B, 0x00, 0x00, 0x00, 0x25, 0x00, 0x00, 0x00, 0x2C,
    0x00, 0x00, 0x00, 0x2E, 0x00, 0x00, 0x00, 0x2E, 0x00, 0x00, 0x00, 0x2E,
    0x00, 0x00, 0x00, 0x2E, 0x00, 0x00, 0x00, 0x2E, 0x00, 0x00, 0x00, 0x2E,
    0x00, 0x00, 0x00, 0x2E, 0x00, 0x00, 0x00, 0x2E, 0x00, 0x00, 0x00, 0x2E,
    0x00, 0x00, 0x00, 0x2E, 0x00, 0x00, 0x00, 0x2E, 0x00, 0x00, 0x00, 0x2E,
    0x00, 0x00, 0x00, 0x2C, 0x00, 0x00, 0x00, 0x25, 0x00, 0x00, 0x00, 0x1B,
    0x00, 0x00, 0x00, 0x0C, 0x00, 0x00, 0x00, 0x00, 0x00, 0x00, 0x00, 0x00,
    0x00, 0x00, 0x00, 0x00, 0x00, 0x00, 0x00, 0x00, 0x00, 0x00, 0x00, 0x00,
    0x00, 0x00, 0x00, 0x08, 0x00, 0x00, 0x00, 0x13, 0x00, 0x00, 0x00, 0x17,
    0x00, 0x00, 0x00, 0x1B, 0x00, 0x00, 0x00, 0x1B, 0x00, 0x00, 0x00, 0x1B,
    0x00, 0x00, 0x00, 0x1B, 0x00, 0x00, 0x00, 0x1B, 0x00, 0x00, 0x00, 0x1B,
    0x00, 0x00, 0x00, 0x1B, 0x00, 0x00, 0x00, 0x1B, 0x00, 0x00, 0x00, 0x1B,
    0x00, 0x00, 0x00, 0x1B, 0x00, 0x00, 0x00, 0x1B, 0x00, 0x00, 0x00, 0x1B,
    0x00, 0x00, 0x00, 0x17, 0x00, 0x00, 0x00, 0x13, 0x00, 0x00, 0x00, 0x08,
    0x00, 0x00, 0x00, 0x00, 0x00, 0x00, 0x00, 0x00, 0x00, 0x00, 0x00, 0x00,
};

const uint8_t ICON_EDITOR[] = {
    0x4C, 0x49, 0x43, 0x32, 0x30, 0x30, 0x00, 0x00,
    0x00, 0x00, 0x00, 0x00, 0x00, 0x00, 0x00, 0x00, 0x00, 0x00, 0x00, 0x00,
    0x00, 0x00, 0x00, 0x00, 0x00, 0x00, 0x00, 0x00, 0x00, 0x00, 0x00, 0x00,
    0x00, 0x00, 0x00, 0x00, 0x00, 0x00, 0x00, 0x00, 0x00, 0x00, 0x00, 0x00,
    0x00, 0x00, 0x00, 0x00, 0x00, 0x00, 0x00, 0x00, 0x00, 0x00, 0x00, 0x00,
    0x00, 0x00, 0x00, 0x00, 0x00, 0x00, 0x00, 0x00, 0x00, 0x00, 0x00, 0x00,
    0x00, 0x00, 0x00, 0x00, 0x00, 0x00, 0x00, 0x00, 0x00, 0x00, 0x00, 0x00,
    0x00, 0x00, 0x00, 0x00, 0x00, 0x00, 0x00, 0x00, 0x00, 0x00, 0x00, 0x00,
    0x00, 0x00, 0x00, 0x00, 0x00, 0x00, 0x00, 0x00, 0x00, 0x00, 0x00, 0x00,
    0x00, 0x00, 0x00, 0x00, 0x00, 0x00, 0x00, 0x00, 0x00, 0x00, 0x00, 0x00,
    0x00, 0x00, 0x00, 0x00, 0x00, 0x00, 0x00, 0x00, 0x00, 0x00, 0x00, 0x00,
    0x00, 0x00, 0x00, 0x00, 0x00, 0x00, 0x00, 0x00, 0x00, 0x00, 0x00, 0x00,
    0x00, 0x00, 0x00, 0x00, 0x00, 0x00, 0x00, 0x00, 0x00, 0x00, 0x00, 0x00,
    0x00, 0x00, 0x00, 0x00, 0x00, 0x00, 0x00, 0x00, 0x00, 0x00, 0x00, 0x00,
    0x00, 0x00, 0x00, 0x00, 0x00, 0x00, 0x00, 0x00, 0x00, 0x00, 0x00, 0x00,
    0x00, 0x00, 0x00, 0x00, 0x00, 0x00, 0x00, 0x00, 0x00, 0x00, 0x00, 0x00,
    0x00, 0x00, 0x00, 0x00, 0x00, 0x00, 0x00, 0x00, 0x00, 0x00, 0x00, 0x00,
    0x00, 0x00, 0x00, 0x00, 0x00, 0x00, 0x00, 0x00, 0x00, 0x00, 0x00, 0x00,
    0x00, 0x00, 0x00, 0x00, 0x00, 0x00, 0x00, 0x00, 0x00, 0x00, 0x00, 0x00,
    0x00, 0x00, 0x00, 0x00, 0x00, 0x00, 0x00, 0x00, 0x00, 0x00, 0x00, 0x00,
    0x00, 0x00, 0x00, 0x00, 0x00, 0x00, 0x00, 0x00, 0x00, 0x00, 0x00, 0x00,
    0x00, 0x00, 0x00, 0x00, 0x00, 0x00, 0x00, 0x00, 0x00, 0x00, 0x00, 0x00,
    0x00, 0x00, 0x00, 0x00, 0x00, 0x00, 0x00, 0x00, 0x00, 0x00, 0x00, 0x00,
    0x00, 0x00, 0x00, 0x00, 0x00, 0x00, 0x00, 0x00, 0x00, 0x00, 0x00, 0x00,
    0x00, 0x00, 0x00, 0x00, 0x00, 0x00, 0x00, 0x00, 0x00, 0x00, 0x00, 0x00,
    0x00, 0x00, 0x00, 0x00, 0x00, 0x00, 0x00, 0x00, 0x00, 0x00, 0x00, 0x00,
    0x00, 0x00, 0x00, 0x00, 0x00, 0x00, 0x00, 0x00, 0x00, 0x00, 0x00, 0x00,
    0x00, 0x00, 0x00, 0x00, 0x00, 0x00, 0x00, 0x00, 0x00, 0x00, 0x00, 0x00,
    0x00, 0x00, 0x00, 0x00, 0x00, 0x00, 0x00, 0x00, 0x00, 0x00, 0x00, 0x00,
    0x00, 0x00, 0x00, 0x00, 0x00, 0x00, 0x00, 0x00, 0x00, 0x00, 0x00, 0x00,
    0x00, 0x00, 0x00, 0x00, 0x00, 0x00, 0x00, 0x00, 0x00, 0x00, 0x00, 0x00,
    0x00, 0x00, 0x00, 0x00, 0x00, 0x00, 0x00, 0x00, 0x00, 0x00, 0x00, 0x00,
    0x00, 0x00, 0x00, 0x00, 0x00, 0x00, 0x00, 0x00, 0x00, 0x00, 0x00, 0x00,
    0x00, 0x00, 0x00, 0x00, 0x00, 0x00, 0x00, 0x00, 0x00, 0x00, 0x00, 0x00,
    0x00, 0x00, 0x00, 0x00, 0x00, 0x00, 0x00, 0x00, 0x00, 0x00, 0x00, 0x00,
    0x00, 0x00, 0x00, 0x00, 0x00, 0x00, 0x00, 0x00, 0x00, 0x00, 0x00, 0x00,
    0x00, 0x00, 0x00, 0x00, 0x00, 0x00, 0x00, 0x00, 0x00, 0x00, 0x00, 0x00,
    0x00, 0x00, 0x00, 0x00, 0x00, 0x00, 0x00, 0x00, 0x00, 0x00, 0x00, 0x00,
    0x00, 0x00, 0x00, 0x00, 0x00, 0x00, 0x00, 0x00, 0x00, 0x00, 0x00, 0x00,
    0x00, 0x00, 0x00, 0x00, 0x00, 0x00, 0x00, 0x00, 0x00, 0x00, 0x00, 0x00,
    0x00, 0x00, 0x00, 0x00, 0x00, 0x00, 0x00, 0x00, 0x00, 0x00, 0x00, 0x00,
    0x00, 0x00, 0x00, 0x00, 0x00, 0x00, 0x00, 0x00, 0x00, 0x00, 0x00, 0x00,
    0x00, 0x00, 0x00, 0x00, 0x00, 0x00, 0x00, 0x00, 0x00, 0x00, 0x00, 0x00,
    0x00, 0x00, 0x00, 0x00, 0x00, 0x00, 0x00, 0x00, 0x00, 0x00, 0x00, 0x00,
    0x00, 0x00, 0x00, 0x00, 0x00, 0x00, 0x00, 0x00, 0x00, 0x00, 0x00, 0x00,
    0x00, 0x00, 0x00, 0x00, 0x00, 0x00, 0x00, 0x00, 0x00, 0x00, 0x00, 0x00,
    0x00, 0x00, 0x00, 0x00, 0x00, 0x00, 0x00, 0x00, 0x00, 0x00, 0x00, 0x00,
    0x00, 0x00, 0x00, 0x00, 0x00, 0x00, 0x00, 0x00, 0x00, 0x00, 0x00, 0x00,
    0x00, 0x00, 0x00, 0x00, 0x00, 0x00, 0x00, 0x00, 0x00, 0x00, 0x00, 0x00,
    0x00, 0x00, 0x00, 0x00, 0x00, 0x00, 0x00, 0x00, 0x00, 0x00, 0x00, 0x00,
    0x00, 0x00, 0x00, 0x00, 0x00, 0x00, 0x00, 0x00, 0x00, 0x00, 0x00, 0x00,
    0x00, 0x00, 0x00, 0x00, 0x00, 0x00, 0x00, 0x00, 0x00, 0x00, 0x00, 0x00,
    0xFD, 0xFD, 0xFE, 0x52, 0xFD, 0xFE, 0xFE, 0xB5, 0xFD, 0xFE, 0xFE, 0xE1,
    0xFD, 0xFD, 0xFE, 0xFF, 0xFD, 0xFD, 0xFE, 0xFF, 0xFD, 0xFD, 0xFE, 0xFF,
    0xFD, 0xFD, 0xFE, 0xFF, 0xFD, 0xFD, 0xFE, 0xFF, 0xFD, 0xFD, 0xFE, 0xFF,
    0xFD, 0xFD, 0xFE, 0xFF, 0xFD, 0xFD, 0xFE, 0xFF, 0xFD, 0xFD, 0xFE, 0xFF,
    0xFD, 0xFD, 0xFE, 0xFF, 0xFD, 0xFD, 0xFE, 0xFF, 0xFD, 0xFD, 0xFE, 0xFF,
    0xFD, 0xFD, 0xFE, 0xFF, 0xFD, 0xFD, 0xFE, 0xFF, 0xFD, 0xFD, 0xFE, 0xFF,
    0xFD, 0xFD, 0xFE, 0xFF, 0xFD, 0xFD, 0xFE, 0xFF, 0xFD, 0xFD, 0xFE, 0xFF,
    0xFD, 0xFD, 0xFE, 0xFF, 0xFD, 0xFD, 0xFE, 0xFF, 0xFD, 0xFD, 0xFE, 0xFF,
    0xFD, 0xFD, 0xFE, 0xFF, 0xFD, 0xFD, 0xFE, 0xFF, 0xFD, 0xFD, 0xFE, 0xFF,
    0xFD, 0xFE, 0xFE, 0xE1, 0xFD, 0xFE, 0xFE, 0xB5, 0xFD, 0xFD, 0xFE, 0x52,
    0x00, 0x00, 0x00, 0x00, 0x00, 0x00, 0x00, 0x00, 0x00, 0x00, 0x00, 0x00,
    0x00, 0x00, 0x00, 0x00, 0x00, 0x00, 0x00, 0x00, 0x00, 0x00, 0x00, 0x00,
    0x00, 0x00, 0x00, 0x00, 0x00, 0x00, 0x00, 0x00, 0x00, 0x00, 0x00, 0x00,
    0x00, 0x00, 0x00, 0x00, 0x00, 0x00, 0x00, 0x00, 0x00, 0x00, 0x00, 0x00,
    0x00, 0x00, 0x00, 0x00, 0x00, 0x00, 0x00, 0x00, 0x00, 0x00, 0x00, 0x00,
    0x00, 0x00, 0x00, 0x00, 0xFD, 0xFD, 0xFE, 0x33, 0xFD, 0xFD, 0xFE, 0xD3,
    0xFD, 0xFD, 0xFE, 0xFF, 0xFC, 0xFC, 0xFE, 0xFF, 0xFC, 0xFC, 0xFD, 0xFF,
    0xFC, 0xFC, 0xFD, 0xFF, 0xFC, 0xFC, 0xFD, 0xFF, 0xFC, 0xFC, 0xFD, 0xFF,
    0xFC, 0xFC, 0xFD, 0xFF, 0xFC, 0xFC, 0xFD, 0xFF, 0xFC, 0xFC, 0xFD, 0xFF,
    0xFC, 0xFC, 0xFD, 0xFF, 0xFC, 0xFC, 0xFD, 0xFF, 0xFC, 0xFC, 0xFD, 0xFF,
    0xFC, 0xFC, 0xFD, 0xFF, 0xFC, 0xFC, 0xFD, 0xFF, 0xFC, 0xFC, 0xFD, 0xFF,
    0xFC, 0xFC, 0xFD, 0xFF, 0xFC, 0xFC, 0xFD, 0xFF, 0xFC, 0xFC, 0xFD, 0xFF,
    0xFC, 0xFC, 0xFD, 0xFF, 0xFC, 0xFC, 0xFD, 0xFF, 0xFC, 0xFC, 0xFD, 0xFF,
    0xFC, 0xFC, 0xFD, 0xFF, 0xFC, 0xFC, 0xFD, 0xFF, 0xFC, 0xFC, 0xFD, 0xFF,
    0xFC, 0xFC, 0xFD, 0xFF, 0xFC, 0xFC, 0xFD, 0xFF, 0xFC, 0xFC, 0xFD, 0xFF,
    0xFC, 0xFC, 0xFD, 0xFF, 0xFC, 0xFC, 0xFE, 0xFF, 0xFD, 0xFD, 0xFE, 0xFF,
    0xFD, 0xFD, 0xFE, 0xD3, 0xFD, 0xFD, 0xFE, 0x33, 0x00, 0x00, 0x00, 0x00,
    0x00, 0x00, 0x00, 0x00, 0x00, 0x00, 0x00, 0x00, 0x00, 0x00, 0x00, 0x00,
    0x00, 0x00, 0x00, 0x00, 0x00, 0x00, 0x00, 0x00, 0x00, 0x00, 0x00, 0x00,
    0x00, 0x00, 0x00, 0x00, 0x00, 0x00, 0x00, 0x00, 0x00, 0x00, 0x00, 0x00,
    0x00, 0x00, 0x00, 0x00, 0x00, 0x00, 0x00, 0x00, 0x00, 0x00, 0x00, 0x00,
    0xFB, 0xFB, 0xFC, 0x56, 0xFC, 0xFC, 0xFD, 0xF6, 0xFC, 0xFC, 0xFD, 0xFF,
    0xFB, 0xFC, 0xFD, 0xFF, 0xFB, 0xFC, 0xFD, 0xFF, 0xFB, 0xFC, 0xFD, 0xFF,
    0xFB, 0xFC, 0xFD, 0xFF, 0xFB, 0xFC, 0xFD, 0xFF, 0xFB, 0xFC, 0xFD, 0xFF,
    0xFB, 0xFC, 0xFD, 0xFF, 0xFB, 0xFC, 0xFD, 0xFF, 0xFB, 0xFC, 0xFD, 0xFF,
    0xFB, 0xFC, 0xFD, 0xFF, 0xFB, 0xFC, 0xFD, 0xFF, 0xFB, 0xFC, 0xFD, 0xFF,
    0xFB, 0xFC, 0xFD, 0xFF, 0xFB, 0xFC, 0xFD, 0xFF, 0xFB, 0xFC, 0xFD, 0xFF,
    0xFB, 0xFC, 0xFD, 0xFF, 0xFB, 0xFC, 0xFD, 0xFF, 0xFB, 0xFC, 0xFD, 0xFF,
    0xFB, 0xFC, 0xFD, 0xFF, 0xFB, 0xFC, 0xFD, 0xFF, 0xFB, 0xFC, 0xFD, 0xFF,
    0xFB, 0xFC, 0xFD, 0xFF, 0xFB, 0xFC, 0xFD, 0xFF, 0xFB, 0xFC, 0xFD, 0xFF,
    0xFB, 0xFC, 0xFD, 0xFF, 0xFB, 0xFC, 0xFD, 0xFF, 0xFB, 0xFC, 0xFD, 0xFF,
    0xFB, 0xFC, 0xFD, 0xFF, 0xFB, 0xFC, 0xFD, 0xFF, 0xFB, 0xFC, 0xFD, 0xFF,
    0xFC, 0xFC, 0xFD, 0xFF, 0xFC, 0xFC, 0xFD, 0xF6, 0xFB, 0xFB, 0xFC, 0x56,
    0x00, 0x00, 0x00, 0x00, 0x00, 0x00, 0x00, 0x00, 0x00, 0x00, 0x00, 0x00,
    0x00, 0x00, 0x00, 0x00, 0x00, 0x00, 0x00, 0x00, 0x00, 0x00, 0x00, 0x00,
    0x00, 0x00, 0x00, 0x00, 0x00, 0x00, 0x00, 0x00, 0x00, 0x00, 0x00, 0x00,
    0x00, 0x00, 0x00, 0x00, 0x00, 0x00, 0x00, 0x00, 0xF3, 0xF3, 0xF4, 0x42,
    0xFB, 0xFB, 0xFD, 0xF8, 0xFB, 0xFB, 0xFD, 0xFF, 0xFB, 0xFB, 0xFD, 0xFF,
    0xFB, 0xFB, 0xFD, 0xFF, 0xFB, 0xFB, 0xFD, 0xFF, 0xFB, 0xFB, 0xFD, 0xFF,
    0xFB, 0xFB, 0xFD, 0xFF, 0xFB, 0xFB, 0xFD, 0xFF, 0xFB, 0xFB, 0xFD, 0xFF,
    0xFB, 0xFB, 0xFD, 0xFF, 0xFB, 0xFB, 0xFD, 0xFF, 0xFB, 0xFB, 0xFD, 0xFF,
    0xFB, 0xFB, 0xFD, 0xFF, 0xFB, 0xFB, 0xFD, 0xFF, 0xFB, 0xFB, 0xFD, 0xFF,
    0xFB, 0xFB, 0xFD, 0xFF, 0xFB, 0xFB, 0xFD, 0xFF, 0xFB, 0xFB, 0xFD, 0xFF,
    0xFB, 0xFB, 0xFD, 0xFF, 0xFB, 0xFB, 0xFD, 0xFF, 0xFB, 0xFB, 0xFD, 0xFF,
    0xFB, 0xFB, 0xFD, 0xFF, 0xFB, 0xFB, 0xFD, 0xFF, 0xFB, 0xFB, 0xFD, 0xFF,
    0xFB, 0xFB, 0xFD, 0xFF, 0xFB, 0xFB, 0xFD, 0xFF, 0xFB, 0xFB, 0xFD, 0xFF,
    0xFB, 0xFB, 0xFD, 0xFF, 0xFB, 0xFB, 0xFD, 0xFF, 0xFB, 0xFB, 0xFD, 0xFF,
    0xFB, 0xFB, 0xFD, 0xFF, 0xFB, 0xFB, 0xFD, 0xFF, 0xFB, 0xFB, 0xFD, 0xFF,
    0xFB, 0xFB, 0xFD, 0xFF, 0xFB, 0xFB, 0xFD, 0xFF, 0xFB, 0xFB, 0xFD, 0xF8,
    0xF3, 0xF3, 0xF4, 0x42, 0x00, 0x00, 0x00, 0x00, 0x00, 0x00, 0x00, 0x00,
    0x00, 0x00, 0x00, 0x00, 0x00, 0x00, 0x00, 0x00, 0x00, 0x00, 0x00, 0x00,
    0x00, 0x00, 0x00, 0x00, 0x00, 0x00, 0x00, 0x00, 0x00, 0x00, 0x00, 0x00,
    0x00, 0x00, 0x00, 0x00, 0xA7, 0xA7, 0xA7, 0x0B, 0xF8, 0xF8, 0xF9, 0xE3,
    0xFA, 0xFB, 0xFC, 0xFF, 0xFA, 0xFB, 0xFC, 0xFF, 0xFA, 0xFB, 0xFC, 0xFF,
    0xFA, 0xFB, 0xFC, 0xFF, 0xFA, 0xFB, 0xFC, 0xFF, 0xFA, 0xFB, 0xFC, 0xFF,
    0xFA, 0xFB, 0xFC, 0xFF, 0xFA, 0xFB, 0xFC, 0xFF, 0xFA, 0xFB, 0xFC, 0xFF,
    0xFA, 0xFB, 0xFC, 0xFF, 0xFA, 0xFB, 0xFC, 0xFF, 0xFA, 0xFB, 0xFC, 0xFF,
    0xFA, 0xFB, 0xFC, 0xFF, 0xFA, 0xFB, 0xFC, 0xFF, 0xFA, 0xFB, 0xFC, 0xFF,
    0xFA, 0xFB, 0xFC, 0xFF, 0xFA, 0xFB, 0xFC, 0xFF, 0xFA, 0xFB, 0xFC, 0xFF,
    0xFA, 0xFB, 0xFC, 0xFF, 0xFA, 0xFB, 0xFC, 0xFF, 0xFA, 0xFB, 0xFC, 0xFF,
    0xFA, 0xFB, 0xFC, 0xFF, 0xFA, 0xFB, 0xFC, 0xFF, 0xFA, 0xFB, 0xFC, 0xFF,
    0xFA, 0xFB, 0xFC, 0xFF, 0xFA, 0xFB, 0xFC, 0xFF, 0xFA, 0xFB, 0xFC, 0xFF,
    0xFA, 0xFB, 0xFC, 0xFF, 0xFA, 0xFB, 0xFC, 0xFF, 0xFA, 0xFB, 0xFC, 0xFF,
    0xFA, 0xFB, 0xFC, 0xFF, 0xFA, 0xFB, 0xFC, 0xFF, 0xFA, 0xFB, 0xFC, 0xFF,
    0xFA, 0xFB, 0xFC, 0xFF, 0xFA, 0xFB, 0xFC, 0xFF, 0xFA, 0xFB, 0xFC, 0xFF,
    0xF8, 0xF8, 0xF9, 0xE3, 0xA7, 0xA7, 0xA7, 0x0B, 0x00, 0x00, 0x00, 0x00,
    0x00, 0x00, 0x00, 0x00, 0x00, 0x00, 0x00, 0x00, 0x00, 0x00, 0x00, 0x00,
    0x00, 0x00, 0x00, 0x00, 0x00, 0x00, 0x00, 0x00, 0x00, 0x00, 0x00, 0x00,
    0x00, 0x00, 0x00, 0x02, 0xE4, 0xE4, 0xE6, 0x83, 0xFA, 0xFB, 0xFC, 0xFF,
    0xFA, 0xFA, 0xFC, 0xFF, 0xFA, 0xFA, 0xFC, 0xFF, 0xFA, 0xFA, 0xFC, 0xFF,
    0xFA, 0xFA, 0xFC, 0xFF, 0xFA, 0xFA, 0xFC, 0xFF, 0xFA, 0xFA, 0xFC, 0xFF,
    0xFA, 0xFA, 0xFC, 0xFF, 0xFA, 0xFA, 0xFC, 0xFF, 0xFA, 0xFA, 0xFC, 0xFF,
    0xFA, 0xFA, 0xFC, 0xFF, 0xFA, 0xFA, 0xFC, 0xFF, 0xFA, 0xFA, 0xFC, 0xFF,
    0xFA, 0xFA, 0xFC, 0xFF, 0xFA, 0xFA, 0xFC, 0xFF, 0xFA, 0xFA, 0xFC, 0xFF,
    0xFA, 0xFA, 0xFC, 0xFF, 0xFA, 0xFA, 0xFC, 0xFF, 0xFA, 0xFA, 0xFC, 0xFF,
    0xFA, 0xFA, 0xFC, 0xFF, 0xFA, 0xFA, 0xFC, 0xFF, 0xFA, 0xFA, 0xFC, 0xFF,
    0xFA, 0xFA, 0xFC, 0xFF, 0xFA, 0xFA, 0xFC, 0xFF, 0xFA, 0xFA, 0xFC, 0xFF,
    0xFA, 0xFA, 0xFC, 0xFF, 0xFA, 0xFA, 0xFC, 0xFF, 0xFA, 0xFA, 0xFC, 0xFF,
    0xFA, 0xFA, 0xFC, 0xFF, 0xFA, 0xFA, 0xFC, 0xFF, 0xFA, 0xFA, 0xFC, 0xFF,
    0xFA, 0xFA, 0xFC, 0xFF, 0xFA, 0xFA, 0xFC, 0xFF, 0xFA, 0xFA, 0xFC, 0xFF,
    0xFA, 0xFA, 0xFC, 0xFF, 0xFA, 0xFA, 0xFC, 0xFF, 0xFA, 0xFA, 0xFC, 0xFF,
    0xFA, 0xFB, 0xFC, 0xFF, 0xE4, 0xE4, 0xE6, 0x83, 0x00, 0x00, 0x00, 0x02,
    0x00, 0x00, 0x00, 0x00, 0x00, 0x00, 0x00, 0x00, 0x00, 0x00, 0x00, 0x00,
    0x00, 0x00, 0x00, 0x00, 0x00, 0x00, 0x00, 0x00, 0x00, 0x00, 0x00, 0x00,
    0x00, 0x00, 0x00, 0x0E, 0xF3, 0xF3, 0xF5, 0xD9, 0xF9, 0xFA, 0xFB, 0xFF,
    0xF9, 0xF9, 0xFB, 0xFF, 0xF9, 0xF9, 0xFB, 0xFF, 0xF9, 0xF9, 0xFB, 0xFF,
    0xF9, 0xF9, 0xFB, 0xFF, 0xF9, 0xF9, 0xFB, 0xFF, 0xF9, 0xF9, 0xFB, 0xFF,
    0xF9, 0xF9, 0xFB, 0xFF, 0xF9, 0xF9, 0xFB, 0xFF, 0xF9, 0xF9, 0xFB, 0xFF,
    0xF9, 0xF9, 0xFB, 0xFF, 0xF9, 0xF9, 0xFB, 0xFF, 0xF9, 0xF9, 0xFB, 0xFF,
    0xF9, 0xF9, 0xFB, 0xFF, 0xF9, 0xF9, 0xFB, 0xFF, 0xF9, 0xF9, 0xFB, 0xFF,
    0xF9, 0xF9, 0xFB, 0xFF, 0xF9, 0xF9, 0xFB, 0xFF, 0xF9, 0xF9, 0xFB, 0xFF,
    0xF9, 0xF9, 0xFB, 0xFF, 0xF9, 0xF9, 0xFB, 0xFF, 0xF9, 0xF9, 0xFB, 0xFF,
    0xF9, 0xF9, 0xFB, 0xFF, 0xF9, 0xF9, 0xFB, 0xFF, 0xF9, 0xF9, 0xFB, 0xFF,
    0xF9, 0xF9, 0xFB, 0xFF, 0xF9, 0xF9, 0xFB, 0xFF, 0xF9, 0xF9, 0xFB, 0xFF,
    0xF9, 0xF9, 0xFB, 0xFF, 0xF9, 0xF9, 0xFB, 0xFF, 0xF9, 0xF9, 0xFB, 0xFF,
    0xF9, 0xF9, 0xFB, 0xFF, 0xF9, 0xF9, 0xFB, 0xFF, 0xF9, 0xF9, 0xFB, 0xFF,
    0xF9, 0xF9, 0xFB, 0xFF, 0xF9, 0xF9, 0xFB, 0xFF, 0xF9, 0xF9, 0xFB, 0xFF,
    0xF9, 0xFA, 0xFB, 0xFF, 0xF3, 0xF3, 0xF5, 0xD9, 0x00, 0x00, 0x00, 0x0E,
    0x00, 0x00, 0x00, 0x00, 0x00, 0x00, 0x00, 0x00, 0x00, 0x00, 0x00, 0x00,
    0x00, 0x00, 0x00, 0x00, 0x00, 0x00, 0x00, 0x00, 0x00, 0x00, 0x00, 0x04,
    0x61, 0x61, 0x62, 0x28, 0xF9, 0xFA, 0xFC, 0xFE, 0xF8, 0xF9, 0xFB, 0xFF,
    0xF8, 0xF9, 0xFB, 0xFF, 0xF8, 0xF9, 0xFB, 0xFF, 0xF8, 0xF9, 0xFB, 0xFF,
    0xF8, 0xF9, 0xFB, 0xFF, 0xF8, 0xF9, 0xFB, 0xFF, 0xF8, 0xF9, 0xFB, 0xFF,
    0xF8, 0xF9, 0xFB, 0xFF, 0xF8, 0xF9, 0xFB, 0xFF, 0xF8, 0xF9, 0xFB, 0xFF,
    0xF8, 0xF9, 0xFB, 0xFF, 0xF8, 0xF9, 0xFB, 0xFF, 0xF8, 0xF9, 0xFB, 0xFF,
    0xF8, 0xF9, 0xFB, 0xFF, 0xF8, 0xF9, 0xFB, 0xFF, 0xF8, 0xF9, 0xFB, 0xFF,
    0xF8, 0xF9, 0xFB, 0xFF, 0xF8, 0xF9, 0xFB, 0xFF, 0xF8, 0xF9, 0xFB, 0xFF,
    0xF8, 0xF9, 0xFB, 0xFF, 0xF8, 0xF9, 0xFB, 0xFF, 0xF8, 0xF9, 0xFB, 0xFF,
    0xF8, 0xF9, 0xFB, 0xFF, 0xF8, 0xF9, 0xFB, 0xFF, 0xF8, 0xF9, 0xFB, 0xFF,
    0xF8, 0xF9, 0xFB, 0xFF, 0xF8, 0xF9, 0xFB, 0xFF, 0xF8, 0xF9, 0xFB, 0xFF,
    0xF8, 0xF9, 0xFB, 0xFF, 0xF8, 0xF9, 0xFB, 0xFF, 0xF8, 0xF9, 0xFB, 0xFF,
    0xF8, 0xF9, 0xFB, 0xFF, 0xF8, 0xF9, 0xFB, 0xFF, 0xF8, 0xF9, 0xFB, 0xFF,
    0xF8, 0xF9, 0xFB, 0xFF, 0xF8, 0xF9, 0xFB, 0xFF, 0xF8, 0xF9, 0xFB, 0xFF,
    0xF8, 0xF9, 0xFB, 0xFF, 0xF9, 0xFA, 0xFC, 0xFE, 0x61, 0x61, 0x62, 0x28,
    0x00, 0x00, 0x00, 0x04, 0x00, 0x00, 0x00, 0x00, 0x00, 0x00, 0x00, 0x00,
    0x00, 0x00, 0x00, 0x00, 0x00, 0x00, 0x00, 0x00, 0x00, 0x00, 0x00, 0x0C,
    0xAD, 0xAD, 0xAE, 0x55, 0xF9, 0xF9, 0xFB, 0xFF, 0xF8, 0xF8, 0xFB, 0xFF,
    0xF8, 0xF8, 0xFB, 0xFF, 0xF8, 0xF8, 0xFB, 0xFF, 0xF8, 0xF8, 0xFB, 0xFF,
    0xF8, 0xF8, 0xFB, 0xFF, 0xF8, 0xF8, 0xFB, 0xFF, 0xF8, 0xF8, 0xFB, 0xFF,
    0xF8, 0xF8, 0xFB, 0xFF, 0xF8, 0xF8, 0xFB, 0xFF, 0xF8, 0xF8, 0xFB, 0xFF,
    0xF8, 0xF8, 0xFB, 0xFF, 0xF8, 0xF8, 0xFB, 0xFF, 0xF8, 0xF8, 0xFB, 0xFF,
    0xF8, 0xF8, 0xFB, 0xFF, 0xF8, 0xF8, 0xFB, 0xFF, 0xF8, 0xF8, 0xFB, 0xFF,
    0xF8, 0xF8, 0xFB, 0xFF, 0xF8, 0xF8, 0xFB, 0xFF, 0xF8, 0xF8, 0xFB, 0xFF,
    0xF8, 0xF8, 0xFB, 0xFF, 0xF8, 0xF8, 0xFB, 0xFF, 0xF8, 0xF8, 0xFB, 0xFF,
    0xF8, 0xF8, 0xFB, 0xFF, 0xF8, 0xF8, 0xFB, 0xFF, 0xF8, 0xF8, 0xFB, 0xFF,
    0xF8, 0xF8, 0xFB, 0xFF, 0xF8, 0xF8, 0xFB, 0xFF, 0xF8, 0xF8, 0xFB, 0xFF,
    0xF8, 0xF8, 0xFB, 0xFF, 0xF8, 0xF8, 0xFB, 0xFF, 0xF8, 0xF8, 0xFB, 0xFF,
    0xF8, 0xF8, 0xFB, 0xFF, 0xF8, 0xF8, 0xFB, 0xFF, 0xF8, 0xF8, 0xFB, 0xFF,
    0xF8, 0xF8, 0xFB, 0xFF, 0xF8, 0xF8, 0xFB, 0xFF, 0xF8, 0xF8, 0xFB, 0xFF,
    0xF8, 0xF8, 0xFB, 0xFF, 0xF9, 0xF9, 0xFB, 0xFF, 0xAD, 0xAD, 0xAE, 0x55,
    0x00, 0x00, 0x00, 0x0C, 0x00, 0x00, 0x00, 0x00, 0x00, 0x00, 0x00, 0x00,
    0x00, 0x00, 0x00, 0x00, 0x00, 0x00, 0x00, 0x01, 0x00, 0x00, 0x00, 0x14,
    0xB6, 0xB6, 0xB7, 0x66, 0xF8, 0xF9, 0xFB, 0xFF, 0xF7, 0xF8, 0xFA, 0xFF,
    0xF7, 0xF8, 0xFA, 0xFF, 0xF7, 0xF8, 0xFA, 0xFF, 0xF7, 0xF8, 0xFA, 0xFF,
    0xF7, 0xF8, 0xFA, 0xFF, 0xF7, 0xF8, 0xFA, 0xFF, 0xF7, 0xF8, 0xFA, 0xFF,
    0xF7, 0xF8, 0xFA, 0xFF, 0xF7, 0xF8, 0xFA, 0xFF, 0xF7, 0xF8, 0xFA, 0xFF,
    0xF7, 0xF8, 0xFA, 0xFF, 0xF7, 0xF8, 0xFA, 0xFF, 0xF7, 0xF8, 0xFA, 0xFF,
    0xF7, 0xF8, 0xFA, 0xFF, 0xF7, 0xF8, 0xFA, 0xFF, 0xF7, 0xF8, 0xFA, 0xFF,
    0xF7, 0xF8, 0xFA, 0xFF, 0xF7, 0xF8, 0xFA, 0xFF, 0xF7, 0xF8, 0xFA, 0xFF,
    0xF7, 0xF8, 0xFA, 0xFF, 0xF7, 0xF8, 0xFA, 0xFF, 0xF7, 0xF8, 0xFA, 0xFF,
    0xF7, 0xF8, 0xFA, 0xFF, 0xF7, 0xF8, 0xFA, 0xFF, 0xF7, 0xF8, 0xFA, 0xFF,
    0xF7, 0xF8, 0xFA, 0xFF, 0xF7, 0xF8, 0xFA, 0xFF, 0xF7, 0xF8, 0xFA, 0xFF,
    0xF8, 0xF5, 0xF1, 0xFF, 0xF7, 0xF8, 0xFA, 0xFF, 0xF7, 0xF8, 0xFA, 0xFF,
    0xF7, 0xF8, 0xFA, 0xFF, 0xF7, 0xF8, 0xFA, 0xFF, 0xF7, 0xF8, 0xFA, 0xFF,
    0xF7, 0xF8, 0xFA, 0xFF, 0xF7, 0xF8, 0xFA, 0xFF, 0xF7, 0xF8, 0xFA, 0xFF,
    0xF7, 0xF8, 0xFA, 0xFF, 0xF8, 0xF9, 0xFB, 0xFF, 0xB6, 0xB6, 0xB7, 0x66,
    0x00, 0x00, 0x00, 0x14, 0x00, 0x00, 0x00, 0x01, 0x00, 0x00, 0x00, 0x00,
    0x00, 0x00, 0x00, 0x00, 0x00, 0x00, 0x00, 0x04, 0x00, 0x00, 0x00, 0x16,
    0xB2, 0xB2, 0xB4, 0x68, 0xF7, 0xF8, 0xFA, 0xFF, 0xF7, 0xF7, 0xFA, 0xFF,
    0xF7, 0xF7, 0xFA, 0xFF, 0xF7, 0xF7, 0xFA, 0xFF, 0xF7, 0xF7, 0xFA, 0xFF,
    0xF7, 0xF7, 0xFA, 0xFF, 0xF7, 0xF7, 0xFA, 0xFF, 0xF7, 0xF7, 0xFA, 0xFF,
    0xF7, 0xF7, 0xFA, 0xFF, 0xF7, 0xF7, 0xFA, 0xFF, 0xF7, 0xF7, 0xFA, 0xFF,
    0xF7, 0xF7, 0xFA, 0xFF, 0xF7, 0xF7, 0xFA, 0xFF, 0xF7, 0xF7, 0xFA, 0xFF,
    0xF7, 0xF7, 0xFA, 0xFF, 0xF7, 0xF7, 0xFA, 0xFF, 0xF7, 0xF7, 0xFA, 0xFF,
    0xF7, 0xF7, 0xFA, 0xFF, 0xF7, 0xF7, 0xFA, 0xFF, 0xF7, 0xF7, 0xFA, 0xFF,
    0xF7, 0xF7, 0xFA, 0xFF, 0xF7, 0xF7, 0xFA, 0xFF, 0xF7, 0xF7, 0xFA, 0xFF,
    0xF7, 0xF7, 0xFA, 0xFF, 0xF7, 0xF7, 0xFA, 0xFF, 0xF7, 0xF7, 0xFA, 0xFF,
    0xF7, 0xF7, 0xFA, 0xFF, 0xF7, 0xF7, 0xFA, 0xFF, 0xF9, 0xE7, 0xC4, 0xFF,
    0xFD, 0xC9, 0x65, 0xFF, 0xF8, 0xEE, 0xDC, 0xFF, 0xF7, 0xF7, 0xFA, 0xFF,
    0xF7, 0xF7, 0xFA, 0xFF, 0xF7, 0xF7, 0xFA, 0xFF, 0xF7, 0xF7, 0xFA, 0xFF,
    0xF7, 0xF7, 0xFA, 0xFF, 0xF7, 0xF7, 0xFA, 0xFF, 0xF7, 0xF7, 0xFA, 0xFF,
    0xF7, 0xF7, 0xFA, 0xFF, 0xF7, 0xF8, 0xFA, 0xFF, 0xB2, 0xB2, 0xB4, 0x68,
    0x00, 0x00, 0x00, 0x16, 0x00, 0x00, 0x00, 0x04, 0x00, 0x00, 0x00, 0x00,
    0x00, 0x00, 0x00, 0x00, 0x00, 0x00, 0x00, 0x06, 0x00, 0x00, 0x00, 0x18,
    0xAF, 0xB0, 0xB2, 0x68, 0xF7, 0xF8, 0xFA, 0xFF, 0xF6, 0xF7, 0xF9, 0xFF,
    0xF6, 0xF7, 0xF9, 0xFF, 0xF6, 0xF7, 0xF9, 0xFF, 0xF6, 0xF7, 0xF9, 0xFF,
    0xF6, 0xF7, 0xF9, 0xFF, 0xF6, 0xF7, 0xF9, 0xFF, 0xF6, 0xF7, 0xF9, 0xFF,
    0xF6, 0xF7, 0xF9, 0xFF, 0xF6, 0xF7, 0xF9, 0xFF, 0xF6, 0xF7, 0xF9, 0xFF,
    0xF6, 0xF7, 0xF9, 0xFF, 0xF6, 0xF7, 0xF9, 0xFF, 0xF6, 0xF7, 0xF9, 0xFF,
    0xF6, 0xF7, 0xF9, 0xFF, 0xF6, 0xF7, 0xF9, 0xFF, 0xF6, 0xF7, 0xF9, 0xFF,
    0xF6, 0xF7, 0xF9, 0xFF, 0xF6, 0xF7, 0xF9, 0xFF, 0xF6, 0xF7, 0xF9, 0xFF,
    0xF6, 0xF7, 0xF9, 0xFF, 0xF6, 0xF7, 0xF9, 0xFF, 0xF6, 0xF7, 0xF9, 0xFF,
    0xF6, 0xF7, 0xF9, 0xFF, 0xF6, 0xF7, 0xF9, 0xFF, 0xF6, 0xF7, 0xF9, 0xFF,
    0xF6, 0xF7, 0xF9, 0xFF, 0xF8, 0xE8, 0xCB, 0xFF, 0xFC, 0xC3, 0x5A, 0xFF,
    0xFC, 0xC2, 0x56, 0xFF, 0xFC, 0xC6, 0x61, 0xFF, 0xF7, 0xED, 0xDB, 0xFF,
    0xF6, 0xF7, 0xF9, 0xFF, 0xF6, 0xF7, 0xF9, 0xFF, 0xF6, 0xF7, 0xF9, 0xFF,
    0xF6, 0xF7, 0xF9, 0xFF, 0xF6, 0xF7, 0xF9, 0xFF, 0xF6, 0xF7, 0xF9, 0xFF,
    0xF6, 0xF7, 0xF9, 0xFF, 0xF7, 0xF8, 0xFA, 0xFF, 0xAF, 0xB0, 0xB2, 0x68,
    0x00, 0x00, 0x00, 0x18, 0x00, 0x00, 0x00, 0x06, 0x00, 0x00, 0x00, 0x00,
    0x00, 0x00, 0x00, 0x00, 0x00, 0x00, 0x00, 0x07, 0x00, 0x00, 0x00, 0x18,
    0xAE, 0xAF, 0xB0, 0x68, 0xF6, 0xF7, 0xFA, 0xFF, 0xF5, 0xF6, 0xF9, 0xFF,
    0xF5, 0xF6, 0xF9, 0xFF, 0xF5, 0xF6, 0xF9, 0xFF, 0xF5, 0xF6, 0xF9, 0xFF,
    0xF5, 0xF6, 0xF9, 0xFF, 0xF5, 0xF6, 0xF9, 0xFF, 0xC9, 0xCE, 0xD7, 0xFF,
    0x9A, 0xA4, 0xB4, 0xFF, 0x9A, 0xA4, 0xB4, 0xFF, 0x9A, 0xA4, 0xB4, 0xFF,
    0x9A, 0xA4, 0xB4, 0xFF, 0x9A, 0xA4, 0xB4, 0xFF, 0x9A, 0xA4, 0xB4, 0xFF,
    0x9A, 0xA4, 0xB4, 0xFF, 0x9A, 0xA4, 0xB4, 0xFF, 0x9A, 0xA4, 0xB4, 0xFF,
    0x9A, 0xA4, 0xB4, 0xFF, 0x9A, 0xA4, 0xB4, 0xFF, 0x9A, 0xA4, 0xB4, 0xFF,
    0x9A, 0xA4, 0xB4, 0xFF, 0x9A, 0xA4, 0xB4, 0xFF, 0x9A, 0xA4, 0xB4, 0xFF,
    0x9A, 0xA4, 0xB4, 0xFF, 0xA3, 0xAC, 0xBB, 0xFF, 0xED, 0xEF, 0xF3, 0xFF,
    0xF7, 0xE9, 0xD1, 0xFF, 0xFB, 0xC1, 0x59, 0xFF, 0xFB, 0xBF, 0x53, 0xFF,
    0xFB, 0xBF, 0x53, 0xFF, 0xFB, 0xBF, 0x53, 0xFF, 0xFB, 0xC3, 0x5E, 0xFF,
    0xF6, 0xEF, 0xE4, 0xFF, 0xF5, 0xF6, 0xF9, 0xFF, 0xF5, 0xF6, 0xF9, 0xFF,
    0xF5, 0xF6, 0xF9, 0xFF, 0xF5, 0xF6, 0xF9, 0xFF, 0xF5, 0xF6, 0xF9, 0xFF,
    0xF5, 0xF6, 0xF9, 0xFF, 0xF6, 0xF7, 0xFA, 0xFF, 0xAE, 0xAF, 0xB0, 0x68,
    0x00, 0x00, 0x00, 0x18, 0x00, 0x00, 0x00, 0x07, 0x00, 0x00, 0x00, 0x00,
    0x00, 0x00, 0x00, 0x00, 0x00, 0x00, 0x00, 0x07, 0x00, 0x00, 0x00, 0x18,
    0xAD, 0xAE, 0xAF, 0x67, 0xF6, 0xF6, 0xF9, 0xFF, 0xF5, 0xF6, 0xF9, 0xFF,
    0xF5, 0xF6, 0xF9, 0xFF, 0xF5, 0xF6, 0xF9, 0xFF, 0xF5, 0xF6, 0xF9, 0xFF,
    0xF5, 0xF6, 0xF9, 0xFF, 0xF5, 0xF6, 0xF9, 0xFF, 0xBB, 0xC1, 0xCD, 0xFF,
    0x9A, 0xA4, 0xB4, 0xFF, 0x9A, 0xA4, 0xB4, 0xFF, 0x9A, 0xA4, 0xB4, 0xFF,
    0x9A, 0xA4, 0xB4, 0xFF, 0x9A, 0xA4, 0xB4, 0xFF, 0x9A, 0xA4, 0xB4, 0xFF,
    0x9A, 0xA4, 0xB4, 0xFF, 0x9A, 0xA4, 0xB4, 0xFF, 0x9A, 0xA4, 0xB4, 0xFF,
    0x9A, 0xA4, 0xB4, 0xFF, 0x9A, 0xA4, 0xB4, 0xFF, 0x9A, 0xA4, 0xB4, 0xFF,
    0x9A, 0xA4, 0xB4, 0xFF, 0x9A, 0xA4, 0xB4, 0xFF, 0x9A, 0xA4, 0xB4, 0xFF,
    0x9A, 0xA4, 0xB4, 0xFF, 0x9B, 0xA5, 0xB5, 0xFF, 0xEB, 0xE1, 0xD0, 0xFF,
    0xF9, 0xBF, 0x59, 0xFF, 0xFA, 0xBC, 0x50, 0xFF, 0xFA, 0xBC, 0x50, 0xFF,
    0xFA, 0xBC, 0x50, 0xFF, 0xFA, 0xBC, 0x50, 0xFF, 0xF8, 0xD2, 0x8F, 0xFF,
    0xF5, 0xF6, 0xF9, 0xFF, 0xF5, 0xF6, 0xF9, 0xFF, 0xF5, 0xF6, 0xF9, 0xFF,
    0xF5, 0xF6, 0xF9, 0xFF, 0xF5, 0xF6, 0xF9, 0xFF, 0xF5, 0xF6, 0xF9, 0xFF,
    0xF5, 0xF6, 0xF9, 0xFF, 0xF6, 0xF6, 0xF9, 0xFF, 0xAD, 0xAE, 0xAF, 0x67,
    0x00, 0x00, 0x00, 0x18, 0x00, 0x00, 0x00, 0x07, 0x00, 0x00, 0x00, 0x00,
    0x00, 0x00, 0x00, 0x00, 0x00, 0x00, 0x00, 0x07, 0x00, 0x00, 0x00, 0x18,
    0xAC, 0xAC, 0xAE, 0x66, 0xF5, 0xF6, 0xF9, 0xFF, 0xF4, 0xF5, 0xF8, 0xFF,
    0xF4, 0xF5, 0xF8, 0xFF, 0xF4, 0xF5, 0xF8, 0xFF, 0xF4, 0xF5, 0xF8, 0xFF,
    0xF4, 0xF5, 0xF8, 0xFF, 0xF4, 0xF5, 0xF8, 0xFF, 0xF1, 0xF2, 0xF6, 0xFF,
    0xDE, 0xE1, 0xE7, 0xFF, 0xDE, 0xE1, 0xE7, 0xFF, 0xDE, 0xE1, 0xE7, 0xFF,
    0xDE, 0xE1, 0xE7, 0xFF, 0xDE, 0xE1, 0xE7, 0xFF, 0xDE, 0xE1, 0xE7, 0xFF,
    0xDE, 0xE1, 0xE7, 0xFF, 0xDE, 0xE1, 0xE7, 0xFF, 0xDE, 0xE1, 0xE7, 0xFF,
    0xDE, 0xE1, 0xE7, 0xFF, 0xDE, 0xE1, 0xE7, 0xFF, 0xDE, 0xE1, 0xE7, 0xFF,
    0xDE, 0xE1, 0xE7, 0xFF, 0xDE, 0xE1, 0xE7, 0xFF, 0xDE, 0xE1, 0xE7, 0xFF,
    0xDE, 0xE1, 0xE7, 0xFF, 0xE9, 0xE1, 0xD4, 0xFF, 0xF8, 0xBD, 0x5A, 0xFF,
    0xF8, 0xB9, 0x4D, 0xFF, 0xF8, 0xB9, 0x4D, 0xFF, 0xF8, 0xB9, 0x4D, 0xFF,
    0xF8, 0xB9, 0x4D, 0xFF, 0xF7, 0xCF, 0x8D, 0xFF, 0xF4, 0xF5, 0xF8, 0xFF,
    0xF4, 0xF5, 0xF8, 0xFF, 0xF4, 0xF5, 0xF8, 0xFF, 0xF4, 0xF5, 0xF8, 0xFF,
    0xF4, 0xF5, 0xF8, 0xFF, 0xF4, 0xF5, 0xF8, 0xFF, 0xF4, 0xF5, 0xF8, 0xFF,
    0xF4, 0xF5, 0xF8, 0xFF, 0xF5, 0xF6, 0xF9, 0xFF, 0xAC, 0xAC, 0xAE, 0x66,
    0x00, 0x00, 0x00, 0x18, 0x00, 0x00, 0x00, 0x07, 0x00, 0x00, 0x00, 0x00,
    0x00, 0x00, 0x00, 0x00, 0x00, 0x00, 0x00, 0x07, 0x00, 0x00, 0x00, 0x18,
    0xAA, 0xAB, 0xAD, 0x66, 0xF4, 0xF5, 0xF8, 0xFF, 0xF3, 0xF5, 0xF8, 0xFF,
    0xF3, 0xF5, 0xF8, 0xFF, 0xF3, 0xF5, 0xF8, 0xFF, 0xF3, 0xF5, 0xF8, 0xFF,
    0xF3, 0xF5, 0xF8, 0xFF, 0xF3, 0xF5, 0xF8, 0xFF, 0xF3, 0xF5, 0xF8, 0xFF,
    0xF3, 0xF5, 0xF8, 0xFF, 0xF3, 0xF5, 0xF8, 0xFF, 0xF3, 0xF5, 0xF8, 0xFF,
    0xF3, 0xF5, 0xF8, 0xFF, 0xF3, 0xF5, 0xF8, 0xFF, 0xF3, 0xF5, 0xF8, 0xFF,
    0xF3, 0xF5, 0xF8, 0xFF, 0xF3, 0xF5, 0xF8, 0xFF, 0xF3, 0xF5, 0xF8, 0xFF,
    0xF3, 0xF5, 0xF8, 0xFF, 0xF3, 0xF5, 0xF8, 0xFF, 0xF3, 0xF5, 0xF8, 0xFF,
    0xF3, 0xF5, 0xF8, 0xFF, 0xF3, 0xF5, 0xF8, 0xFF, 0xF3, 0xF5, 0xF8, 0xFF,
    0xF4, 0xED, 0xE2, 0xFF, 0xF6, 0xBC, 0x5D, 0xFF, 0xF7, 0xB5, 0x4A, 0xFF,
    0xF7, 0xB5, 0x4A, 0xFF, 0xF7, 0xB5, 0x4A, 0xFF, 0xF7, 0xB5, 0x4A, 0xFF,
    0xF5, 0xCD, 0x8B, 0xFF, 0xF3, 0xF5, 0xF8, 0xFF, 0xF3, 0xF5, 0xF8, 0xFF,
    0xF3, 0xF5, 0xF8, 0xFF, 0xF3, 0xF5, 0xF8, 0xFF, 0xF3, 0xF5, 0xF8, 0xFF,
    0xF3, 0xF5, 0xF8, 0xFF, 0xF3, 0xF5, 0xF8, 0xFF, 0xF3, 0xF5, 0xF8, 0xFF,
    0xF3, 0xF5, 0xF8, 0xFF, 0xF4, 0xF5, 0xF8, 0xFF, 0xAA, 0xAB, 0xAD, 0x66,
    0x00, 0x00, 0x00, 0x18, 0x00, 0x00, 0x00, 0x07, 0x00, 0x00, 0x00, 0x00,
    0x00, 0x00, 0x00, 0x00, 0x00, 0x00, 0x00, 0x07, 0x00, 0x00, 0x00, 0x18,
    0xA9, 0xAA, 0xAC, 0x65, 0xF4, 0xF5, 0xF8, 0xFF, 0xF3, 0xF4, 0xF7, 0xFF,
    0xF3, 0xF4, 0xF7, 0xFF, 0xF3, 0xF4, 0xF7, 0xFF, 0xF3, 0xF4, 0xF7, 0xFF,
    0xF3, 0xF4, 0xF7, 0xFF, 0xF3, 0xF4, 0xF7, 0xFF, 0xF3, 0xF4, 0xF7, 0xFF,
    0xF3, 0xF4, 0xF7, 0xFF, 0xF3, 0xF4, 0xF7, 0xFF, 0xF3, 0xF4, 0xF7, 0xFF,
    0xF3, 0xF4, 0xF7, 0xFF, 0xF3, 0xF4, 0xF7, 0xFF, 0xF3, 0xF4, 0xF7, 0xFF,
    0xF3, 0xF4, 0xF7, 0xFF, 0xF3, 0xF4, 0xF7, 0xFF, 0xF3, 0xF4, 0xF7, 0xFF,
    0xF3, 0xF4, 0xF7, 0xFF, 0xF3, 0xF4, 0xF7, 0xFF, 0xF3, 0xF4, 0xF7, 0xFF,
    0xF3, 0xF4, 0xF7, 0xFF, 0xF3, 0xF4, 0xF7, 0xFF, 0xF3, 0xEE, 0xE7, 0xFF,
    0xF5, 0xBB, 0x5F, 0xFF, 0xF5, 0xB2, 0x47, 0xFF, 0xF5, 0xB2, 0x47, 0xFF,
    0xF5, 0xB2, 0x47, 0xFF, 0xF5, 0xB2, 0x47, 0xFF, 0xF4, 0xCB, 0x89, 0xFF,
    0xF3, 0xF4, 0xF7, 0xFF, 0xF3, 0xF4, 0xF7, 0xFF, 0xF3, 0xF4, 0xF7, 0xFF,
    0xF3, 0xF4, 0xF7, 0xFF, 0xF3, 0xF4, 0xF7, 0xFF, 0xF3, 0xF4, 0xF7, 0xFF,
    0xF3, 0xF4, 0xF7, 0xFF, 0xF3, 0xF4, 0xF7, 0xFF, 0xF3, 0xF4, 0xF7, 0xFF,
    0xF3, 0xF4, 0xF7, 0xFF, 0xF4, 0xF5, 0xF8, 0xFF, 0xA9, 0xAA, 0xAC, 0x65,
    0x00, 0x00, 0x00, 0x18, 0x00, 0x00, 0x00, 0x07, 0x00, 0x00, 0x00, 0x00,
    0x00, 0x00, 0x00, 0x00, 0x00, 0x00, 0x00, 0x07, 0x00, 0x00, 0x00, 0x18,
    0xA8, 0xA9, 0xAB, 0x64, 0xF3, 0xF4, 0xF8, 0xFF, 0xF2, 0xF3, 0xF7, 0xFF,
    0xF2, 0xF3, 0xF7, 0xFF, 0xF2, 0xF3, 0xF7, 0xFF, 0xF2, 0xF3, 0xF7, 0xFF,
    0xF2, 0xF3, 0xF7, 0xFF, 0xF2, 0xF3, 0xF7, 0xFF, 0xD7, 0xDB, 0xE3, 0xFF,
    0xB0, 0xB8, 0xC5, 0xFF, 0xB0, 0xB8, 0xC5, 0xFF, 0xB0, 0xB8, 0xC5, 0xFF,
    0xB0, 0xB8, 0xC5, 0xFF, 0xB0, 0xB8, 0xC5, 0xFF, 0xB0, 0xB8, 0xC5, 0xFF,
    0xB0, 0xB8, 0xC5, 0xFF, 0xB0, 0xB8, 0xC5, 0xFF, 0xB0, 0xB8, 0xC5, 0xFF,
    0xB0, 0xB8, 0xC5, 0xFF, 0xB0, 0xB8, 0xC5, 0xFF, 0xB0, 0xB8, 0xC5, 0xFF,
    0xB0, 0xB8, 0xC5, 0xFF, 0xB4, 0xB7, 0xBD, 0xFF, 0xE8, 0xB0, 0x5A, 0xFF,
    0xF4, 0xAF, 0x43, 0xFF, 0xF4, 0xAF, 0x43, 0xFF, 0xF4, 0xAF, 0x43, 0xFF,
    0xF4, 0xAF, 0x43, 0xFF, 0xF3, 0xC9, 0x87, 0xFF, 0xF2, 0xF3, 0xF7, 0xFF,
    0xF2, 0xF3, 0xF7, 0xFF, 0xF2, 0xF3, 0xF7, 0xFF, 0xF2, 0xF3, 0xF7, 0xFF,
    0xF2, 0xF3, 0xF7, 0xFF, 0xF2, 0xF3, 0xF7, 0xFF, 0xF2, 0xF3, 0xF7, 0xFF,
    0xF2, 0xF3, 0xF7, 0xFF, 0xF2, 0xF3, 0xF7, 0xFF, 0xF2, 0xF3, 0xF7, 0xFF,
    0xF2, 0xF3, 0xF7, 0xFF, 0xF3, 0xF4, 0xF8, 0xFF, 0xA8, 0xA9, 0xAB, 0x64,
    0x00, 0x00, 0x00, 0x18, 0x00, 0x00, 0x00, 0x07, 0x00, 0x00, 0x00, 0x00,
    0x00, 0x00, 0x00, 0x00, 0x00, 0x00, 0x00, 0x07, 0x00, 0x00, 0x00, 0x18,
    0xA6, 0xA7, 0xAA, 0x64, 0xF2, 0xF4, 0xF7, 0xFF, 0xF2, 0xF3, 0xF7, 0xFF,
    0xF2, 0xF3, 0xF7, 0xFF, 0xF2, 0xF3, 0xF7, 0xFF, 0xF2, 0xF3, 0xF7, 0xFF,
    0xF2, 0xF3, 0xF7, 0xFF, 0xF2, 0xF3, 0xF7, 0xFF, 0xB4, 0xBB, 0xC8, 0xFF,
    0x9A, 0xA4, 0xB4, 0xFF, 0x9A, 0xA4, 0xB4, 0xFF, 0x9A, 0xA4, 0xB4, 0xFF,
    0x9A, 0xA4, 0xB4, 0xFF, 0x9A, 0xA4, 0xB4, 0xFF, 0x9A, 0xA4, 0xB4, 0xFF,
    0x9A, 0xA4, 0xB4, 0xFF, 0x9A, 0xA4, 0xB4, 0xFF, 0x9A, 0xA4, 0xB4, 0xFF,
    0x9A, 0xA4, 0xB4, 0xFF, 0x9A, 0xA4, 0xB4, 0xFF, 0x9A, 0xA4, 0xB4, 0xFF,
    0x9E, 0xA4, 0xAF, 0xFF, 0xDF, 0xAA, 0x59, 0xFF, 0xF2, 0xAC, 0x40, 0xFF,
    0xF2, 0xAC, 0x40, 0xFF, 0xF2, 0xAC, 0x40, 0xFF, 0xF2, 0xAC, 0x40, 0xFF,
    0xF2, 0xC6, 0x85, 0xFF, 0xF2, 0xF3, 0xF7, 0xFF, 0xF2, 0xF3, 0xF7, 0xFF,
    0xF2, 0xF3, 0xF7, 0xFF, 0xF2, 0xF3, 0xF7, 0xFF, 0xF2, 0xF3, 0xF7, 0xFF,
    0xF2, 0xF3, 0xF7, 0xFF, 0xF2, 0xF3, 0xF7, 0xFF, 0xF2, 0xF3, 0xF7, 0xFF,
    0xF2, 0xF3, 0xF7, 0xFF, 0xF2, 0xF3, 0xF7, 0xFF, 0xF2, 0xF3, 0xF7, 0xFF,
    0xF2, 0xF3, 0xF7, 0xFF, 0xF2, 0xF4, 0xF7, 0xFF, 0xA6, 0xA7, 0xAA, 0x64,
    0x00, 0x00, 0x00, 0x18, 0x00, 0x00, 0x00, 0x07, 0x00, 0x00, 0x00, 0x00,
    0x00, 0x00, 0x00, 0x00, 0x00, 0x00, 0x00, 0x07, 0x00, 0x00, 0x00, 0x18,
    0xA5, 0xA6, 0xA8, 0x63, 0xF2, 0xF3, 0xF7, 0xFF, 0xF1, 0xF2, 0xF6, 0xFF,
    0xF1, 0xF2, 0xF6, 0xFF, 0xF1, 0xF2, 0xF6, 0xFF, 0xF1, 0xF2, 0xF6, 0xFF,
    0xF1, 0xF2, 0xF6, 0xFF, 0xF1, 0xF2, 0xF6, 0xFF, 0xE4, 0xE7, 0xEC, 0xFF,
    0xC5, 0xCB, 0xD5, 0xFF, 0xC5, 0xCB, 0xD5, 0xFF, 0xC5, 0xCB, 0xD5, 0xFF,
    0xC5, 0xCB, 0xD5, 0xFF, 0xC5, 0xCB, 0xD5, 0xFF, 0xC5, 0xCB, 0xD5, 0xFF,
    0xC5, 0xCB, 0xD5, 0xFF, 0xC5, 0xCB, 0xD5, 0xFF, 0xC5, 0xCB, 0xD5, 0xFF,
    0xC5, 0xCB, 0xD5, 0xFF, 0xC5, 0xCB, 0xD5, 0xFF, 0xC7, 0xCA, 0xD1, 0xFF,
    0xE5, 0xB2, 0x65, 0xFF, 0xF1, 0xA8, 0x3D, 0xFF, 0xF1, 0xA8, 0x3D, 0xFF,
    0xF1, 0xA8, 0x3D, 0xFF, 0xF1, 0xA8, 0x3D, 0xFF, 0xF1, 0xC4, 0x83, 0xFF,
    0xF1, 0xF2, 0xF6, 0xFF, 0xF1, 0xF2, 0xF6, 0xFF, 0xF1, 0xF2, 0xF6, 0xFF,
    0xF1, 0xF2, 0xF6, 0xFF, 0xF1, 0xF2, 0xF6, 0xFF, 0xF1, 0xF2, 0xF6, 0xFF,
    0xF1, 0xF2, 0xF6, 0xFF, 0xF1, 0xF2, 0xF6, 0xFF, 0xF1, 0xF2, 0xF6, 0xFF,
    0xF1, 0xF2, 0xF6, 0xFF, 0xF1, 0xF2, 0xF6, 0xFF, 0xF1, 0xF2, 0xF6, 0xFF,
    0xF1, 0xF2, 0xF6, 0xFF, 0xF2, 0xF3, 0xF7, 0xFF, 0xA5, 0xA6, 0xA8, 0x63,
    0x00, 0x00, 0x00, 0x18, 0x00, 0x00, 0x00, 0x07, 0x00, 0x00, 0x00, 0x00,
    0x00, 0x00, 0x00, 0x00, 0x00, 0x00, 0x00, 0x07, 0x00, 0x00, 0x00, 0x18,
    0xA4, 0xA5, 0xA7, 0x62, 0xF1, 0xF2, 0xF6, 0xFF, 0xF0, 0xF2, 0xF6, 0xFF,
    0xF0, 0xF2, 0xF6, 0xFF, 0xF0, 0xF2, 0xF6, 0xFF, 0xF0, 0xF2, 0xF6, 0xFF,
    0xF0, 0xF2, 0xF6, 0xFF, 0xF0, 0xF2, 0xF6, 0xFF, 0xF0, 0xF2, 0xF6, 0xFF,
    0xF0, 0xF2, 0xF6, 0xFF, 0xF0, 0xF2, 0xF6, 0xFF, 0xF0, 0xF2, 0xF6, 0xFF,
    0xF0, 0xF2, 0xF6, 0xFF, 0xF0, 0xF2, 0xF6, 0xFF, 0xF0, 0xF2, 0xF6, 0xFF,
    0xF0, 0xF2, 0xF6, 0xFF, 0xF0, 0xF2, 0xF6, 0xFF, 0xF0, 0xF2, 0xF6, 0xFF,
    0xF0, 0xF2, 0xF6, 0xFF, 0xF0, 0xF1, 0xF3, 0xFF, 0xF0, 0xBD, 0x74, 0xFF,
    0xEF, 0xA5, 0x3A, 0xFF, 0xEF, 0xA5, 0x3A, 0xFF, 0xEF, 0xA5, 0x3A, 0xFF,
    0xEF, 0xA5, 0x3A, 0xFF, 0xF0, 0xC2, 0x80, 0xFF, 0xF0, 0xF2, 0xF6, 0xFF,
    0xF0, 0xF2, 0xF6, 0xFF, 0xF0, 0xF2, 0xF6, 0xFF, 0xF0, 0xF2, 0xF6, 0xFF,
    0xF0, 0xF2, 0xF6, 0xFF, 0xF0, 0xF2, 0xF6, 0xFF, 0xF0, 0xF2, 0xF6, 0xFF,
    0xF0, 0xF2, 0xF6, 0xFF, 0xF0, 0xF2, 0xF6, 0xFF, 0xF0, 0xF2, 0xF6, 0xFF,
    0xF0, 0xF2, 0xF6, 0xFF, 0xF0, 0xF2, 0xF6, 0xFF, 0xF0, 0xF2, 0xF6, 0xFF,
    0xF0, 0xF2, 0xF6, 0xFF, 0xF1, 0xF2, 0xF6, 0xFF, 0xA4, 0xA5, 0xA7, 0x62,
    0x00, 0x00, 0x00, 0x18, 0x00, 0x00, 0x00, 0x07, 0x00, 0x00, 0x00, 0x00,
    0x00, 0x00, 0x00, 0x00, 0x00, 0x00, 0x00, 0x07, 0x00, 0x00, 0x00, 0x18,
    0xA2, 0xA3, 0xA6, 0x62, 0xF0, 0xF2, 0xF6, 0xFF, 0xF0, 0xF1, 0xF6, 0xFF,
    0xF0, 0xF1, 0xF6, 0xFF, 0xF0, 0xF1, 0xF6, 0xFF, 0xF0, 0xF1, 0xF6, 0xFF,
    0xF0, 0xF1, 0xF6, 0xFF, 0xF0, 0xF1, 0xF6, 0xFF, 0xF0, 0xF1, 0xF6, 0xFF,
    0xF0, 0xF1, 0xF6, 0xFF, 0xF0, 0xF1, 0xF6, 0xFF, 0xF0, 0xF1, 0xF6, 0xFF,
    0xF0, 0xF1, 0xF6, 0xFF, 0xF0, 0xF1, 0xF6, 0xFF, 0xF0, 0xF1, 0xF6, 0xFF,
    0xF0, 0xF1, 0xF6, 0xFF, 0xF0, 0xF1, 0xF6, 0xFF, 0xF0, 0xF1, 0xF6, 0xFF,
    0xF0, 0xF1, 0xF6, 0xFF, 0xE8, 0xBB, 0x7E, 0xFF, 0xEE, 0xA2, 0x37, 0xFF,
    0xEE, 0xA2, 0x37, 0xFF, 0xEE, 0xA2, 0x37, 0xFF, 0xEE, 0xA2, 0x37, 0xFF,
    0xEF, 0xC0, 0x7E, 0xFF, 0xF0, 0xF1, 0xF6, 0xFF, 0xF0, 0xF1, 0xF6, 0xFF,
    0xF0, 0xF1, 0xF6, 0xFF, 0xF0, 0xF1, 0xF6, 0xFF, 0xF0, 0xF1, 0xF6, 0xFF,
    0xF0, 0xF1, 0xF6, 0xFF, 0xF0, 0xF1, 0xF6, 0xFF, 0xF0, 0xF1, 0xF6, 0xFF,
    0xF0, 0xF1, 0xF6, 0xFF, 0xF0, 0xF1, 0xF6, 0xFF, 0xF0, 0xF1, 0xF6, 0xFF,
    0xF0, 0xF1, 0xF6, 0xFF, 0xF0, 0xF1, 0xF6, 0xFF, 0xF0, 0xF1, 0xF6, 0xFF,
    0xF0, 0xF1, 0xF6, 0xFF, 0xF0, 0xF2, 0xF6, 0xFF, 0xA2, 0xA3, 0xA6, 0x62,
    0x00, 0x00, 0x00, 0x18, 0x00, 0x00, 0x00, 0x07, 0x00, 0x00, 0x00, 0x00,
    0x00, 0x00, 0x00, 0x00, 0x00, 0x00, 0x00, 0x07, 0x00, 0x00, 0x00, 0x18,
    0xA1, 0xA2, 0xA5, 0x61, 0xEF, 0xF1, 0xF5, 0xFF, 0xEF, 0xF1, 0xF5, 0xFF,
    0xEF, 0xF1, 0xF5, 0xFF, 0xEF, 0xF1, 0xF5, 0xFF, 0xEF, 0xF1, 0xF5, 0xFF,
    0xEF, 0xF1, 0xF5, 0xFF, 0xEF, 0xF1, 0xF5, 0xFF, 0xE2, 0xE5, 0xEB, 0xFF,
    0xC5, 0xCA, 0xD5, 0xFF, 0xC5, 0xCA, 0xD5, 0xFF, 0xC5, 0xCA, 0xD5, 0xFF,
    0xC5, 0xCA, 0xD5, 0xFF, 0xC5, 0xCA, 0xD5, 0xFF, 0xC5, 0xCA, 0xD5, 0xFF,
    0xC5, 0xCA, 0xD5, 0xFF, 0xC5, 0xCA, 0xD5, 0xFF, 0xC5, 0xCA, 0xD5, 0xFF,
    0xBC, 0xBA, 0xB9, 0xFF, 0x69, 0x5E, 0x53, 0xFF, 0xE2, 0x9A, 0x36, 0xFF,
    0xEC, 0x9F, 0x34, 0xFF, 0xEC, 0x9F, 0x34, 0xFF, 0xDD, 0xAF, 0x70, 0xFF,
    0xC5, 0xCA, 0xD5, 0xFF, 0xCD, 0xD2, 0xDB, 0xFF, 0xEF, 0xF1, 0xF5, 0xFF,
    0xEF, 0xF1, 0xF5, 0xFF, 0xEF, 0xF1, 0xF5, 0xFF, 0xEF, 0xF1, 0xF5, 0xFF,
    0xEF, 0xF1, 0xF5, 0xFF, 0xEF, 0xF1, 0xF5, 0xFF, 0xEF, 0xF1, 0xF5, 0xFF,
    0xEF, 0xF1, 0xF5, 0xFF, 0xEF, 0xF1, 0xF5, 0xFF, 0xEF, 0xF1, 0xF5, 0xFF,
    0xEF, 0xF1, 0xF5, 0xFF, 0xEF, 0xF1, 0xF5, 0xFF, 0xEF, 0xF1, 0xF5, 0xFF,
    0xEF, 0xF1, 0xF5, 0xFF, 0xEF, 0xF1, 0xF5, 0xFF, 0xA1, 0xA2, 0xA5, 0x61,
    0x00, 0x00, 0x00, 0x18, 0x00, 0x00, 0x00, 0x07, 0x00, 0x00, 0x00, 0x00,
    0x00, 0x00, 0x00, 0x00, 0x00, 0x00, 0x00, 0x07, 0x00, 0x00, 0x00, 0x18,
    0xA0, 0xA1, 0xA4, 0x60, 0xEF, 0xF0, 0xF5, 0xFF, 0xEE, 0xF0, 0xF5, 0xFF,
    0xEE, 0xF0, 0xF5, 0xFF, 0xEE, 0xF0, 0xF5, 0xFF, 0xEE, 0xF0, 0xF5, 0xFF,
    0xEE, 0xF0, 0xF5, 0xFF, 0xEE, 0xF0, 0xF5, 0xFF, 0xB3, 0xBA, 0xC7, 0xFF,
    0x9A, 0xA4, 0xB4, 0xFF, 0x9A, 0xA4, 0xB4, 0xFF, 0x9A, 0xA4, 0xB4, 0xFF,
    0x9A, 0xA4, 0xB4, 0xFF, 0x9A, 0xA4, 0xB4, 0xFF, 0x9A, 0xA4, 0xB4, 0xFF,
    0x9A, 0xA4, 0xB4, 0xFF, 0x9A, 0xA4, 0xB4, 0xFF, 0x9A, 0xA4, 0xB4, 0xFF,
    0x8D, 0x80, 0x70, 0xFF, 0x4A, 0x4F, 0x5A, 0xFF, 0xAF, 0x7F, 0x40, 0xFF,
    0xEB, 0x9B, 0x30, 0xFF, 0xCD, 0x9F, 0x62, 0xFF, 0x9A, 0xA4, 0xB4, 0xFF,
    0x9A, 0xA4, 0xB4, 0xFF, 0x9A, 0xA4, 0xB4, 0xFF, 0xDD, 0xE1, 0xE7, 0xFF,
    0xEE, 0xF0, 0xF5, 0xFF, 0xEE, 0xF0, 0xF5, 0xFF, 0xEE, 0xF0, 0xF5, 0xFF,
    0xEE, 0xF0, 0xF5, 0xFF, 0xEE, 0xF0, 0xF5, 0xFF, 0xEE, 0xF0, 0xF5, 0xFF,
    0xEE, 0xF0, 0xF5, 0xFF, 0xEE, 0xF0, 0xF5, 0xFF, 0xEE, 0xF0, 0xF5, 0xFF,
    0xEE, 0xF0, 0xF5, 0xFF, 0xEE, 0xF0, 0xF5, 0xFF, 0xEE, 0xF0, 0xF5, 0xFF,
    0xEE, 0xF0, 0xF5, 0xFF, 0xEF, 0xF0, 0xF5, 0xFF, 0xA0, 0xA1, 0xA4, 0x60,
    0x00, 0x00, 0x00, 0x18, 0x00, 0x00, 0x00, 0x07, 0x00, 0x00, 0x00, 0x00,
    0x00, 0x00, 0x00, 0x00, 0x00, 0x00, 0x00, 0x07, 0x00, 0x00, 0x00, 0x18,
    0x9E, 0x9F, 0xA3, 0x60, 0xEE, 0xF0, 0xF4, 0xFF, 0xEE, 0xF0, 0xF4, 0xFF,
    0xEE, 0xF0, 0xF4, 0xFF, 0xEE, 0xF0, 0xF4, 0xFF, 0xEE, 0xF0, 0xF4, 0xFF,
    0xEE, 0xF0, 0xF4, 0xFF, 0xEE, 0xF0, 0xF4, 0xFF, 0xD4, 0xD8, 0xE1, 0xFF,
    0xAF, 0xB7, 0xC4, 0xFF, 0xAF, 0xB7, 0xC4, 0xFF, 0xAF, 0xB7, 0xC4, 0xFF,
    0xAF, 0xB7, 0xC4, 0xFF, 0xAF, 0xB7, 0xC4, 0xFF, 0xAF, 0xB7, 0xC4, 0xFF,
    0xAF, 0xB7, 0xC4, 0xFF, 0xAF, 0xB7, 0xC4, 0xFF, 0xAF, 0xB7, 0xC4, 0xFF,
    0x7D, 0x6C, 0x5A, 0xFF, 0xBA, 0x82, 0x3B, 0xFF, 0xDB, 0xA0, 0x53, 0xFF,
    0xC9, 0xA9, 0x82, 0xFF, 0xAF, 0xB7, 0xC4, 0xFF, 0xAF, 0xB7, 0xC4, 0xFF,
    0xAF, 0xB7, 0xC4, 0xFF, 0xB7, 0xBF, 0xCB, 0xFF, 0xEB, 0xED, 0xF2, 0xFF,
    0xEE, 0xF0, 0xF4, 0xFF, 0xEE, 0xF0, 0xF4, 0xFF, 0xEE, 0xF0, 0xF4, 0xFF,
    0xEE, 0xF0, 0xF4, 0xFF, 0xEE, 0xF0, 0xF4, 0xFF, 0xEE, 0xF0, 0xF4, 0xFF,
    0xEE, 0xF0, 0xF4, 0xFF, 0xEE, 0xF0, 0xF4, 0xFF, 0xEE, 0xF0, 0xF4, 0xFF,
    0xEE, 0xF0, 0xF4, 0xFF, 0xEE, 0xF0, 0xF4, 0xFF, 0xEE, 0xF0, 0xF4, 0xFF,
    0xEE, 0xF0, 0xF4, 0xFF, 0xEE, 0xF0, 0xF4, 0xFF, 0x9E, 0x9F, 0xA3, 0x60,
    0x00, 0x00, 0x00, 0x18, 0x00, 0x00, 0x00, 0x07, 0x00, 0x00, 0x00, 0x00,
    0x00, 0x00, 0x00, 0x00, 0x00, 0x00, 0x00, 0x07, 0x00, 0x00, 0x00, 0x18,
    0x9E, 0x9F, 0xA2, 0x60, 0xED, 0xEF, 0xF4, 0xFF, 0xED, 0xEF, 0xF4, 0xFF,
    0xED, 0xEF, 0xF4, 0xFF, 0xED, 0xEF, 0xF4, 0xFF, 0xED, 0xEF, 0xF4, 0xFF,
    0xED, 0xEF, 0xF4, 0xFF, 0xED, 0xEF, 0xF4, 0xFF, 0xED, 0xEF, 0xF4, 0xFF,
    0xED, 0xEF, 0xF4, 0xFF, 0xED, 0xEF, 0xF4, 0xFF, 0xED, 0xEF, 0xF4, 0xFF,
    0xED, 0xEF, 0xF4, 0xFF, 0xED, 0xEF, 0xF4, 0xFF, 0xED, 0xEF, 0xF4, 0xFF,
    0xED, 0xEF, 0xF4, 0xFF, 0xED, 0xEF, 0xF4, 0xFF, 0xED, 0xEF, 0xF4, 0xFF,
    0xD9, 0xC3, 0xA9, 0xFF, 0xED, 0xEA, 0xE7, 0xFF, 0xED, 0xEF, 0xF4, 0xFF,
    0xED, 0xEF, 0xF4, 0xFF, 0xED, 0xEF, 0xF4, 0xFF, 0xED, 0xEF, 0xF4, 0xFF,
    0xED, 0xEF, 0xF4, 0xFF, 0xED, 0xEF, 0xF4, 0xFF, 0xED, 0xEF, 0xF4, 0xFF,
    0xED, 0xEF, 0xF4, 0xFF, 0xED, 0xEF, 0xF4, 0xFF, 0xED, 0xEF, 0xF4, 0xFF,
    0xED, 0xEF, 0xF4, 0xFF, 0xED, 0xEF, 0xF4, 0xFF, 0xED, 0xEF, 0xF4, 0xFF,
    0xED, 0xEF, 0xF4, 0xFF, 0xED, 0xEF, 0xF4, 0xFF, 0xED, 0xEF, 0xF4, 0xFF,
    0xED, 0xEF, 0xF4, 0xFF, 0xED, 0xEF, 0xF4, 0xFF, 0xED, 0xEF, 0xF4, 0xFF,
    0xED, 0xEF, 0xF4, 0xFF, 0xED, 0xEF, 0xF4, 0xFF, 0x9E, 0x9F, 0xA2, 0x60,
    0x00, 0x00, 0x00, 0x18, 0x00, 0x00, 0x00, 0x07, 0x00, 0x00, 0x00, 0x00,
    0x00, 0x00, 0x00, 0x00, 0x00, 0x00, 0x00, 0x07, 0x00, 0x00, 0x00, 0x18,
    0x9D, 0x9F, 0xA2, 0x60, 0xED, 0xEF, 0xF4, 0xFF, 0xED, 0xEF, 0xF4, 0xFF,
    0xED, 0xEF, 0xF4, 0xFF, 0xED, 0xEF, 0xF4, 0xFF, 0xED, 0xEF, 0xF4, 0xFF,
    0xED, 0xEF, 0xF4, 0xFF, 0xED, 0xEF, 0xF4, 0xFF, 0xED, 0xEF, 0xF4, 0xFF,
    0xED, 0xEF, 0xF4, 0xFF, 0xED, 0xEF, 0xF4, 0xFF, 0xED, 0xEF, 0xF4, 0xFF,
    0xED, 0xEF, 0xF4, 0xFF, 0xED, 0xEF, 0xF4, 0xFF, 0xED, 0xEF, 0xF4, 0xFF,
    0xED, 0xEF, 0xF4, 0xFF, 0xED, 0xEF, 0xF4, 0xFF, 0xED, 0xEF, 0xF4, 0xFF,
    0xED, 0xEF, 0xF4, 0xFF, 0xED, 0xEF, 0xF4, 0xFF, 0xED, 0xEF, 0xF4, 0xFF,
    0xED, 0xEF, 0xF4, 0xFF, 0xED, 0xEF, 0xF4, 0xFF, 0xED, 0xEF, 0xF4, 0xFF,
    0xED, 0xEF, 0xF4, 0xFF, 0xED, 0xEF, 0xF4, 0xFF, 0xED, 0xEF, 0xF4, 0xFF,
    0xED, 0xEF, 0xF4, 0xFF, 0xED, 0xEF, 0xF4, 0xFF, 0xED, 0xEF, 0xF4, 0xFF,
    0xED, 0xEF, 0xF4, 0xFF, 0xED, 0xEF, 0xF4, 0xFF, 0xED, 0xEF, 0xF4, 0xFF,
    0xED, 0xEF, 0xF4, 0xFF, 0xED, 0xEF, 0xF4, 0xFF, 0xED, 0xEF, 0xF4, 0xFF,
    0xED, 0xEF, 0xF4, 0xFF, 0xED, 0xEF, 0xF4, 0xFF, 0xED, 0xEF, 0xF4, 0xFF,
    0xED, 0xEF, 0xF4, 0xFF, 0xED, 0xEF, 0xF4, 0xFF, 0x9D, 0x9F, 0xA2, 0x60,
    0x00, 0x00, 0x00, 0x18, 0x00, 0x00, 0x00, 0x07, 0x00, 0x00, 0x00, 0x00,
    0x00, 0x00, 0x00, 0x00, 0x00, 0x00, 0x00, 0x07, 0x00, 0x00, 0x00, 0x18,
    0x9D, 0x9E, 0xA2, 0x60, 0xEC, 0xEE, 0xF3, 0xFF, 0xEC, 0xEE, 0xF3, 0xFF,
    0xEC, 0xEE, 0xF3, 0xFF, 0xEC, 0xEE, 0xF3, 0xFF, 0xEC, 0xEE, 0xF3, 0xFF,
    0xEC, 0xEE, 0xF3, 0xFF, 0xEC, 0xEE, 0xF3, 0xFF, 0xE9, 0xEC, 0xF1, 0xFF,
    0xD8, 0xDC, 0xE3, 0xFF, 0xD8, 0xDC, 0xE3, 0xFF, 0xD8, 0xDC, 0xE3, 0xFF,
    0xD8, 0xDC, 0xE3, 0xFF, 0xD8, 0xDC, 0xE3, 0xFF, 0xD8, 0xDC, 0xE3, 0xFF,
    0xD8, 0xDC, 0xE3, 0xFF, 0xD8, 0xDC, 0xE3, 0xFF, 0xD8, 0xDC, 0xE3, 0xFF,
    0xE9, 0xEC, 0xF1, 0xFF, 0xEC, 0xEE, 0xF3, 0xFF, 0xEC, 0xEE, 0xF3, 0xFF,
    0xEC, 0xEE, 0xF3, 0xFF, 0xEC, 0xEE, 0xF3, 0xFF, 0xEC, 0xEE, 0xF3, 0xFF,
    0xEC, 0xEE, 0xF3, 0xFF, 0xEC, 0xEE, 0xF3, 0xFF, 0xEC, 0xEE, 0xF3, 0xFF,
    0xEC, 0xEE, 0xF3, 0xFF, 0xEC, 0xEE, 0xF3, 0xFF, 0xEC, 0xEE, 0xF3, 0xFF,
    0xEC, 0xEE, 0xF3, 0xFF, 0xEC, 0xEE, 0xF3, 0xFF, 0xEC, 0xEE, 0xF3, 0xFF,
    0xEC, 0xEE, 0xF3, 0xFF, 0xEC, 0xEE, 0xF3, 0xFF, 0xEC, 0xEE, 0xF3, 0xFF,
    0xEC, 0xEE, 0xF3, 0xFF, 0xEC, 0xEE, 0xF3, 0xFF, 0xEC, 0xEE, 0xF3, 0xFF,
    0xEC, 0xEE, 0xF3, 0xFF, 0xEC, 0xEE, 0xF3, 0xFF, 0x9D, 0x9E, 0xA2, 0x60,
    0x00, 0x00, 0x00, 0x18, 0x00, 0x00, 0x00, 0x07, 0x00, 0x00, 0x00, 0x00,
    0x00, 0x00, 0x00, 0x00, 0x00, 0x00, 0x00, 0x07, 0x00, 0x00, 0x00, 0x18,
    0x9D, 0x9E, 0xA1, 0x60, 0xEB, 0xEE, 0xF3, 0xFF, 0xEB, 0xEE, 0xF3, 0xFF,
    0xEB, 0xEE, 0xF3, 0xFF, 0xEB, 0xEE, 0xF3, 0xFF, 0xEB, 0xEE, 0xF3, 0xFF,
    0xEB, 0xEE, 0xF3, 0xFF, 0xEB, 0xEE, 0xF3, 0xFF, 0xB7, 0xBE, 0xCB, 0xFF,
    0x9A, 0xA4, 0xB4, 0xFF, 0x9A, 0xA4, 0xB4, 0xFF, 0x9A, 0xA4, 0xB4, 0xFF,
    0x9A, 0xA4, 0xB4, 0xFF, 0x9A, 0xA4, 0xB4, 0xFF, 0x9A, 0xA4, 0xB4, 0xFF,
    0x9A, 0xA4, 0xB4, 0xFF, 0x9A, 0xA4, 0xB4, 0xFF, 0x9A, 0xA4, 0xB4, 0xFF,
    0xB7, 0xBE, 0xCB, 0xFF, 0xEB, 0xEE, 0xF3, 0xFF, 0xEB, 0xEE, 0xF3, 0xFF,
    0xEB, 0xEE, 0xF3, 0xFF, 0xEB, 0xEE, 0xF3, 0xFF, 0xEB, 0xEE, 0xF3, 0xFF,
    0xEB, 0xEE, 0xF3, 0xFF, 0xEB, 0xEE, 0xF3, 0xFF, 0xEB, 0xEE, 0xF3, 0xFF,
    0xEB, 0xEE, 0xF3, 0xFF, 0xEB, 0xEE, 0xF3, 0xFF, 0xEB, 0xEE, 0xF3, 0xFF,
    0xEB, 0xEE, 0xF3, 0xFF, 0xEB, 0xEE, 0xF3, 0xFF, 0xEB, 0xEE, 0xF3, 0xFF,
    0xEB, 0xEE, 0xF3, 0xFF, 0xEB, 0xEE, 0xF3, 0xFF, 0xEB, 0xEE, 0xF3, 0xFF,
    0xEB, 0xEE, 0xF3, 0xFF, 0xEB, 0xEE, 0xF3, 0xFF, 0xEB, 0xEE, 0xF3, 0xFF,
    0xEB, 0xEE, 0xF3, 0xFF, 0xEB, 0xEE, 0xF3, 0xFF, 0x9D, 0x9E, 0xA1, 0x60,
    0x00, 0x00, 0x00, 0x18, 0x00, 0x00, 0x00, 0x07, 0x00, 0x00, 0x00, 0x00,
    0x00, 0x00, 0x00, 0x00, 0x00, 0x00, 0x00, 0x07, 0x00, 0x00, 0x00, 0x18,
    0x9C, 0x9E, 0xA1, 0x60, 0xEB, 0xED, 0xF2, 0xFF, 0xEB, 0xED, 0xF2, 0xFF,
    0xEB, 0xED, 0xF2, 0xFF, 0xEB, 0xED, 0xF2, 0xFF, 0xEB, 0xED, 0xF2, 0xFF,
    0xEB, 0xED, 0xF2, 0xFF, 0xEB, 0xED, 0xF2, 0xFF, 0xC3, 0xC9, 0xD4, 0xFF,
    0x9A, 0xA4, 0xB4, 0xFF, 0x9A, 0xA4, 0xB4, 0xFF, 0x9A, 0xA4, 0xB4, 0xFF,
    0x9A, 0xA4, 0xB4, 0xFF, 0x9A, 0xA4, 0xB4, 0xFF, 0x9A, 0xA4, 0xB4, 0xFF,
    0x9A, 0xA4, 0xB4, 0xFF, 0x9A, 0xA4, 0xB4, 0xFF, 0x9A, 0xA4, 0xB4, 0xFF,
    0xC3, 0xC9, 0xD4, 0xFF, 0xEB, 0xED, 0xF2, 0xFF, 0xEB, 0xED, 0xF2, 0xFF,
    0xEB, 0xED, 0xF2, 0xFF, 0xEB, 0xED, 0xF2, 0xFF, 0xEB, 0xED, 0xF2, 0xFF,
    0xEB, 0xED, 0xF2, 0xFF, 0xEB, 0xED, 0xF2, 0xFF, 0xEB, 0xED, 0xF2, 0xFF,
    0xEB, 0xED, 0xF2, 0xFF, 0xEB, 0xED, 0xF2, 0xFF, 0xEB, 0xED, 0xF2, 0xFF,
    0xEB, 0xED, 0xF2, 0xFF, 0xEB, 0xED, 0xF2, 0xFF, 0xEB, 0xED, 0xF2, 0xFF,
    0xEB, 0xED, 0xF2, 0xFF, 0xEB, 0xED, 0xF2, 0xFF, 0xEB, 0xED, 0xF2, 0xFF,
    0xEB, 0xED, 0xF2, 0xFF, 0xEB, 0xED, 0xF2, 0xFF, 0xEB, 0xED, 0xF2, 0xFF,
    0xEB, 0xED, 0xF2, 0xFF, 0xEB, 0xED, 0xF2, 0xFF, 0x9C, 0x9E, 0xA1, 0x60,
    0x00, 0x00, 0x00, 0x18, 0x00, 0x00, 0x00, 0x07, 0x00, 0x00, 0x00, 0x00,
    0x00, 0x00, 0x00, 0x00, 0x00, 0x00, 0x00, 0x07, 0x00, 0x00, 0x00, 0x18,
    0x9C, 0x9D, 0xA1, 0x60, 0xEA, 0xEC, 0xF2, 0xFF, 0xEA, 0xEC, 0xF2, 0xFF,
    0xEA, 0xEC, 0xF2, 0xFF, 0xEA, 0xEC, 0xF2, 0xFF, 0xEA, 0xEC, 0xF2, 0xFF,
    0xEA, 0xEC, 0xF2, 0xFF, 0xEA, 0xEC, 0xF2, 0xFF, 0xEA, 0xEC, 0xF2, 0xFF,
    0xEA, 0xEC, 0xF2, 0xFF, 0xEA, 0xEC, 0xF2, 0xFF, 0xEA, 0xEC, 0xF2, 0xFF,
    0xEA, 0xEC, 0xF2, 0xFF, 0xEA, 0xEC, 0xF2, 0xFF, 0xEA, 0xEC, 0xF2, 0xFF,
    0xEA, 0xEC, 0xF2, 0xFF, 0xEA, 0xEC, 0xF2, 0xFF, 0xEA, 0xEC, 0xF2, 0xFF,
    0xEA, 0xEC, 0xF2, 0xFF, 0xEA, 0xEC, 0xF2, 0xFF, 0xEA, 0xEC, 0xF2, 0xFF,
    0xEA, 0xEC, 0xF2, 0xFF, 0xEA, 0xEC, 0xF2, 0xFF, 0xEA, 0xEC, 0xF2, 0xFF,
    0xEA, 0xEC, 0xF2, 0xFF, 0xEA, 0xEC, 0xF2, 0xFF, 0xEA, 0xEC, 0xF2, 0xFF,
    0xEA, 0xEC, 0xF2, 0xFF, 0xEA, 0xEC, 0xF2, 0xFF, 0xEA, 0xEC, 0xF2, 0xFF,
    0xEA, 0xEC, 0xF2, 0xFF, 0xEA, 0xEC, 0xF2, 0xFF, 0xEA, 0xEC, 0xF2, 0xFF,
    0xEA, 0xEC, 0xF2, 0xFF, 0xEA, 0xEC, 0xF2, 0xFF, 0xEA, 0xEC, 0xF2, 0xFF,
    0xEA, 0xEC, 0xF2, 0xFF, 0xEA, 0xEC, 0xF2, 0xFF, 0xEA, 0xEC, 0xF2, 0xFF,
    0xEA, 0xEC, 0xF2, 0xFF, 0xEA, 0xEC, 0xF2, 0xFF, 0x9C, 0x9D, 0xA1, 0x60,
    0x00, 0x00, 0x00, 0x18, 0x00, 0x00, 0x00, 0x07, 0x00, 0x00, 0x00, 0x00,
    0x00, 0x00, 0x00, 0x00, 0x00, 0x00, 0x00, 0x07, 0x00, 0x00, 0x00, 0x18,
    0x94, 0x96, 0x99, 0x5B, 0xEA, 0xEC, 0xF2, 0xFF, 0xEA, 0xEC, 0xF2, 0xFF,
    0xEA, 0xEC, 0xF2, 0xFF, 0xEA, 0xEC, 0xF2, 0xFF, 0xEA, 0xEC, 0xF2, 0xFF,
    0xEA, 0xEC, 0xF2, 0xFF, 0xEA, 0xEC, 0xF2, 0xFF, 0xEA, 0xEC, 0xF2, 0xFF,
    0xEA, 0xEC, 0xF2, 0xFF, 0xEA, 0xEC, 0xF2, 0xFF, 0xEA, 0xEC, 0xF2, 0xFF,
    0xEA, 0xEC, 0xF2, 0xFF, 0xEA, 0xEC, 0xF2, 0xFF, 0xEA, 0xEC, 0xF2, 0xFF,
    0xEA, 0xEC, 0xF2, 0xFF, 0xEA, 0xEC, 0xF2, 0xFF, 0xEA, 0xEC, 0xF2, 0xFF,
    0xEA, 0xEC, 0xF2, 0xFF, 0xEA, 0xEC, 0xF2, 0xFF, 0xEA, 0xEC, 0xF2, 0xFF,
    0xEA, 0xEC, 0xF2, 0xFF, 0xEA, 0xEC, 0xF2, 0xFF, 0xEA, 0xEC, 0xF2, 0xFF,
    0xEA, 0xEC, 0xF2, 0xFF, 0xEA, 0xEC, 0xF2, 0xFF, 0xEA, 0xEC, 0xF2, 0xFF,
    0xEA, 0xEC, 0xF2, 0xFF, 0xEA, 0xEC, 0xF2, 0xFF, 0xEA, 0xEC, 0xF2, 0xFF,
    0xEA, 0xEC, 0xF2, 0xFF, 0xEA, 0xEC, 0xF2, 0xFF, 0xEA, 0xEC, 0xF2, 0xFF,
    0xEA, 0xEC, 0xF2, 0xFF, 0xEA, 0xEC, 0xF2, 0xFF, 0xEA, 0xEC, 0xF2, 0xFF,
    0xEA, 0xEC, 0xF2, 0xFF, 0xEA, 0xEC, 0xF2, 0xFF, 0xEA, 0xEC, 0xF2, 0xFF,
    0xEA, 0xEC, 0xF2, 0xFF, 0xEA, 0xEC, 0xF2, 0xFF, 0x94, 0x96, 0x99, 0x5B,
    0x00, 0x00, 0x00, 0x18, 0x00, 0x00, 0x00, 0x07, 0x00, 0x00, 0x00, 0x00,
    0x00, 0x00, 0x00, 0x00, 0x00, 0x00, 0x00, 0x07, 0x00, 0x00, 0x00, 0x18,
    0x6F, 0x70, 0x73, 0x47, 0xE9, 0xEB, 0xF1, 0xFF, 0xE9, 0xEB, 0xF1, 0xFF,
    0xE9, 0xEB, 0xF1, 0xFF, 0xE9, 0xEB, 0xF1, 0xFF, 0xE9, 0xEB, 0xF1, 0xFF,
    0xE9, 0xEB, 0xF1, 0xFF, 0xE9, 0xEB, 0xF1, 0xFF, 0xE9, 0xEB, 0xF1, 0xFF,
    0xE9, 0xEB, 0xF1, 0xFF, 0xE9, 0xEB, 0xF1, 0xFF, 0xE9, 0xEB, 0xF1, 0xFF,
    0xE9, 0xEB, 0xF1, 0xFF, 0xE9, 0xEB, 0xF1, 0xFF, 0xE9, 0xEB, 0xF1, 0xFF,
    0xE9, 0xEB, 0xF1, 0xFF, 0xE9, 0xEB, 0xF1, 0xFF, 0xE9, 0xEB, 0xF1, 0xFF,
    0xE9, 0xEB, 0xF1, 0xFF, 0xE9, 0xEB, 0xF1, 0xFF, 0xE9, 0xEB, 0xF1, 0xFF,
    0xE9, 0xEB, 0xF1, 0xFF, 0xE9, 0xEB, 0xF1, 0xFF, 0xE9, 0xEB, 0xF1, 0xFF,
    0xE9, 0xEB, 0xF1, 0xFF, 0xE9, 0xEB, 0xF1, 0xFF, 0xE9, 0xEB, 0xF1, 0xFF,
    0xE9, 0xEB, 0xF1, 0xFF, 0xE9, 0xEB, 0xF1, 0xFF, 0xE9, 0xEB, 0xF1, 0xFF,
    0xE9, 0xEB, 0xF1, 0xFF, 0xE9, 0xEB, 0xF1, 0xFF, 0xE9, 0xEB, 0xF1, 0xFF,
    0xE9, 0xEB, 0xF1, 0xFF, 0xE9, 0xEB, 0xF1, 0xFF, 0xE9, 0xEB, 0xF1, 0xFF,
    0xE9, 0xEB, 0xF1, 0xFF, 0xE9, 0xEB, 0xF1, 0xFF, 0xE9, 0xEB, 0xF1, 0xFF,
    0xE9, 0xEB, 0xF1, 0xFF, 0xE9, 0xEB, 0xF1, 0xFF, 0x6F, 0x70, 0x73, 0x47,
    0x00, 0x00, 0x00, 0x18, 0x00, 0x00, 0x00, 0x07, 0x00, 0x00, 0x00, 0x00,
    0x00, 0x00, 0x00, 0x00, 0x00, 0x00, 0x00, 0x07, 0x00, 0x00, 0x00, 0x18,
    0x05, 0x05, 0x06, 0x2B, 0xE4, 0xE7, 0xED, 0xEF, 0xE8, 0xEB, 0xF1, 0xFF,
    0xE8, 0xEB, 0xF1, 0xFF, 0xE8, 0xEB, 0xF1, 0xFF, 0xE8, 0xEB, 0xF1, 0xFF,
    0xE8, 0xEB, 0xF1, 0xFF, 0xE8, 0xEB, 0xF1, 0xFF, 0xE8, 0xEB, 0xF1, 0xFF,
    0xE8, 0xEB, 0xF1, 0xFF, 0xE8, 0xEB, 0xF1, 0xFF, 0xE8, 0xEB, 0xF1, 0xFF,
    0xE8, 0xEB, 0xF1, 0xFF, 0xE8, 0xEB, 0xF1, 0xFF, 0xE8, 0xEB, 0xF1, 0xFF,
    0xE8, 0xEB, 0xF1, 0xFF, 0xE8, 0xEB, 0xF1, 0xFF, 0xE8, 0xEB, 0xF1, 0xFF,
    0xE8, 0xEB, 0xF1, 0xFF, 0xE8, 0xEB, 0xF1, 0xFF, 0xE8, 0xEB, 0xF1, 0xFF,
    0xE8, 0xEB, 0xF1, 0xFF, 0xE8, 0xEB, 0xF1, 0xFF, 0xE8, 0xEB, 0xF1, 0xFF,
    0xE8, 0xEB, 0xF1, 0xFF, 0xE8, 0xEB, 0xF1, 0xFF, 0xE8, 0xEB, 0xF1, 0xFF,
    0xE8, 0xEB, 0xF1, 0xFF, 0xE8, 0xEB, 0xF1, 0xFF, 0xE8, 0xEB, 0xF1, 0xFF,
    0xE8, 0xEB, 0xF1, 0xFF, 0xE8, 0xEB, 0xF1, 0xFF, 0xE8, 0xEB, 0xF1, 0xFF,
    0xE8, 0xEB, 0xF1, 0xFF, 0xE8, 0xEB, 0xF1, 0xFF, 0xE8, 0xEB, 0xF1, 0xFF,
    0xE8, 0xEB, 0xF1, 0xFF, 0xE8, 0xEB, 0xF1, 0xFF, 0xE8, 0xEB, 0xF1, 0xFF,
    0xE8, 0xEB, 0xF1, 0xFF, 0xE4, 0xE7, 0xED, 0xEF, 0x05, 0x05, 0x06, 0x2B,
    0x00, 0x00, 0x00, 0x18, 0x00, 0x00, 0x00, 0x07, 0x00, 0x00, 0x00, 0x00,
    0x00, 0x00, 0x00, 0x00, 0x00, 0x00, 0x00, 0x07, 0x00, 0x00, 0x00, 0x17,
    0x00, 0x00, 0x00, 0x27, 0xCC, 0xCF, 0xD4, 0xAE, 0xE8, 0xEA, 0xF0, 0xFF,
    0xE8, 0xEA, 0xF0, 0xFF, 0xE8, 0xEA, 0xF0, 0xFF, 0xE8, 0xEA, 0xF0, 0xFF,
    0xE8, 0xEA, 0xF0, 0xFF, 0xE8, 0xEA, 0xF0, 0xFF, 0xE8, 0xEA, 0xF0, 0xFF,
    0xE8, 0xEA, 0xF0, 0xFF, 0xE8, 0xEA, 0xF0, 0xFF, 0xE8, 0xEA, 0xF0, 0xFF,
    0xE8, 0xEA, 0xF0, 0xFF, 0xE8, 0xEA, 0xF0, 0xFF, 0xE8, 0xEA, 0xF0, 0xFF,
    0xE8, 0xEA, 0xF0, 0xFF, 0xE8, 0xEA, 0xF0, 0xFF, 0xE8, 0xEA, 0xF0, 0xFF,
    0xE8, 0xEA, 0xF0, 0xFF, 0xE8, 0xEA, 0xF0, 0xFF, 0xE8, 0xEA, 0xF0, 0xFF,
    0xE8, 0xEA, 0xF0, 0xFF, 0xE8, 0xEA, 0xF0, 0xFF, 0xE8, 0xEA, 0xF0, 0xFF,
    0xE8, 0xEA, 0xF0, 0xFF, 0xE8, 0xEA, 0xF0, 0xFF, 0xE8, 0xEA, 0xF0, 0xFF,
    0xE8, 0xEA, 0xF0, 0xFF, 0xE8, 0xEA, 0xF0, 0xFF, 0xE8, 0xEA, 0xF0, 0xFF,
    0xE8, 0xEA, 0xF0, 0xFF, 0xE8, 0xEA, 0xF0, 0xFF, 0xE8, 0xEA, 0xF0, 0xFF,
    0xE8, 0xEA, 0xF0, 0xFF, 0xE8, 0xEA, 0xF0, 0xFF, 0xE8, 0xEA, 0xF0, 0xFF,
    0xE8, 0xEA, 0xF0, 0xFF, 0xE8, 0xEA, 0xF0, 0xFF, 0xE8, 0xEA, 0xF0, 0xFF,
    0xE8, 0xEA, 0xF0, 0xFF, 0xCC, 0xCF, 0xD4, 0xAE, 0x00, 0x00, 0x00, 0x27,
    0x00, 0x00, 0x00, 0x17, 0x00, 0x00, 0x00, 0x07, 0x00, 0x00, 0x00, 0x00,
    0x00, 0x00, 0x00, 0x00, 0x00, 0x00, 0x00, 0x06, 0x00, 0x00, 0x00, 0x16,
    0x00, 0x00, 0x00, 0x24, 0x72, 0x73, 0x76, 0x51, 0xE7, 0xE9, 0xEF, 0xFD,
    0xE7, 0xEA, 0xF0, 0xFF, 0xE7, 0xEA, 0xF0, 0xFF, 0xE7, 0xEA, 0xF0, 0xFF,
    0xE7, 0xEA, 0xF0, 0xFF, 0xE7, 0xEA, 0xF0, 0xFF, 0xE7, 0xEA, 0xF0, 0xFF,
    0xE7, 0xEA, 0xF0, 0xFF, 0xE7, 0xEA, 0xF0, 0xFF, 0xE7, 0xEA, 0xF0, 0xFF,
    0xE7, 0xEA, 0xF0, 0xFF, 0xE7, 0xEA, 0xF0, 0xFF, 0xE7, 0xEA, 0xF0, 0xFF,
    0xE7, 0xEA, 0xF0, 0xFF, 0xE7, 0xEA, 0xF0, 0xFF, 0xE7, 0xEA, 0xF0, 0xFF,
    0xE7, 0xEA, 0xF0, 0xFF, 0xE7, 0xEA, 0xF0, 0xFF, 0xE7, 0xEA, 0xF0, 0xFF,
    0xE7, 0xEA, 0xF0, 0xFF, 0xE7, 0xEA, 0xF0, 0xFF, 0xE7, 0xEA, 0xF0, 0xFF,
    0xE7, 0xEA, 0xF0, 0xFF, 0xE7, 0xEA, 0xF0, 0xFF, 0xE7, 0xEA, 0xF0, 0xFF,
    0xE7, 0xEA, 0xF0, 0xFF, 0xE7, 0xEA, 0xF0, 0xFF, 0xE7, 0xEA, 0xF0, 0xFF,
    0xE7, 0xEA, 0xF0, 0xFF, 0xE7, 0xEA, 0xF0, 0xFF, 0xE7, 0xEA, 0xF0, 0xFF,
    0xE7, 0xEA, 0xF0, 0xFF, 0xE7, 0xEA, 0xF0, 0xFF, 0xE7, 0xEA, 0xF0, 0xFF,
    0xE7, 0xEA, 0xF0, 0xFF, 0xE7, 0xEA, 0xF0, 0xFF, 0xE7, 0xEA, 0xF0, 0xFF,
    0xE7, 0xE9, 0xEF, 0xFD, 0x72, 0x73, 0x76, 0x51, 0x00, 0x00, 0x00, 0x24,
    0x00, 0x00, 0x00, 0x16, 0x00, 0x00, 0x00, 0x06, 0x00, 0x00, 0x00, 0x00,
    0x00, 0x00, 0x00, 0x00, 0x00, 0x00, 0x00, 0x04, 0x00, 0x00, 0x00, 0x13,
    0x00, 0x00, 0x00, 0x21, 0x00, 0x00, 0x00, 0x2C, 0xC4, 0xC6, 0xCB, 0xA0,
    0xE6, 0xE9, 0xF0, 0xFF, 0xE6, 0xE9, 0xF0, 0xFF, 0xE6, 0xE9, 0xF0, 0xFF,
    0xE6, 0xE9, 0xF0, 0xFF, 0xE6, 0xE9, 0xF0, 0xFF, 0xE6, 0xE9, 0xF0, 0xFF,
    0xE6, 0xE9, 0xF0, 0xFF, 0xE6, 0xE9, 0xF0, 0xFF, 0xE6, 0xE9, 0xF0, 0xFF,
    0xE6, 0xE9, 0xF0, 0xFF, 0xE6, 0xE9, 0xF0, 0xFF, 0xE6, 0xE9, 0xF0, 0xFF,
    0xE6, 0xE9, 0xF0, 0xFF, 0xE6, 0xE9, 0xF0, 0xFF, 0xE6, 0xE9, 0xF0, 0xFF,
    0xE6, 0xE9, 0xF0, 0xFF, 0xE6, 0xE9, 0xF0, 0xFF, 0xE6, 0xE9, 0xF0, 0xFF,
    0xE6, 0xE9, 0xF0, 0xFF, 0xE6, 0xE9, 0xF0, 0xFF, 0xE6, 0xE9, 0xF0, 0xFF,
    0xE6, 0xE9, 0xF0, 0xFF, 0xE6, 0xE9, 0xF0, 0xFF, 0xE6, 0xE9, 0xF0, 0xFF,
    0xE6, 0xE9, 0xF0, 0xFF, 0xE6, 0xE9, 0xF0, 0xFF, 0xE6, 0xE9, 0xF0, 0xFF,
    0xE6, 0xE9, 0xF0, 0xFF, 0xE6, 0xE9, 0xF0, 0xFF, 0xE6, 0xE9, 0xF0, 0xFF,
    0xE6, 0xE9, 0xF0, 0xFF, 0xE6, 0xE9, 0xF0, 0xFF, 0xE6, 0xE9, 0xF0, 0xFF,
    0xE6, 0xE9, 0xF0, 0xFF, 0xE6, 0xE9, 0xF0, 0xFF, 0xE6, 0xE9, 0xF0, 0xFF,
    0xC4, 0xC6, 0xCB, 0xA0, 0x00, 0x00, 0x00, 0x2C, 0x00, 0x00, 0x00, 0x21,
    0x00, 0x00, 0x00, 0x13, 0x00, 0x00, 0x00, 0x04, 0x00, 0x00, 0x00, 0x00,
    0x00, 0x00, 0x00, 0x00, 0x00, 0x00, 0x00, 0x01, 0x00, 0x00, 0x00, 0x0F,
    0x00, 0x00, 0x00, 0x1C, 0x00, 0x00, 0x00, 0x27, 0x10, 0x10, 0x10, 0x35,
    0xD4, 0xD6, 0xDD, 0xC3, 0xE6, 0xE9, 0xEF, 0xFF, 0xE6, 0xE9, 0xEF, 0xFF,
    0xE6, 0xE9, 0xEF, 0xFF, 0xE6, 0xE9, 0xEF, 0xFF, 0xE6, 0xE9, 0xEF, 0xFF,
    0xE6, 0xE9, 0xEF, 0xFF, 0xE6, 0xE9, 0xEF, 0xFF, 0xE6, 0xE9, 0xEF, 0xFF,
    0xE6, 0xE9, 0xEF, 0xFF, 0xE6, 0xE9, 0xEF, 0xFF, 0xE6, 0xE9, 0xEF, 0xFF,
    0xE6, 0xE9, 0xEF, 0xFF, 0xE6, 0xE9, 0xEF, 0xFF, 0xE6, 0xE9, 0xEF, 0xFF,
    0xE6, 0xE9, 0xEF, 0xFF, 0xE6, 0xE9, 0xEF, 0xFF, 0xE6, 0xE9, 0xEF, 0xFF,
    0xE6, 0xE9, 0xEF, 0xFF, 0xE6, 0xE9, 0xEF, 0xFF, 0xE6, 0xE9, 0xEF, 0xFF,
    0xE6, 0xE9, 0xEF, 0xFF, 0xE6, 0xE9, 0xEF, 0xFF, 0xE6, 0xE9, 0xEF, 0xFF,
    0xE6, 0xE9, 0xEF, 0xFF, 0xE6, 0xE9, 0xEF, 0xFF, 0xE6, 0xE9, 0xEF, 0xFF,
    0xE6, 0xE9, 0xEF, 0xFF, 0xE6, 0xE9, 0xEF, 0xFF, 0xE6, 0xE9, 0xEF, 0xFF,
    0xE6, 0xE9, 0xEF, 0xFF, 0xE6, 0xE9, 0xEF, 0xFF, 0xE6, 0xE9, 0xEF, 0xFF,
    0xE6, 0xE9, 0xEF, 0xFF, 0xE6, 0xE9, 0xEF, 0xFF, 0xD4, 0xD6, 0xDD, 0xC3,
    0x10, 0x10, 0x10, 0x35, 0x00, 0x00, 0x00, 0x27, 0x00, 0x00, 0x00, 0x1C,
    0x00, 0x00, 0x00, 0x0F, 0x00, 0x00, 0x00, 0x01, 0x00, 0x00, 0x00, 0x00,
    0x00, 0x00, 0x00, 0x00, 0x00, 0x00, 0x00, 0x00, 0x00, 0x00, 0x00, 0x0A,
    0x00, 0x00, 0x00, 0x16, 0x00, 0x00, 0x00, 0x21, 0x00, 0x00, 0x00, 0x2A,
    0x15, 0x16, 0x16, 0x37, 0xCA, 0xCC, 0xD2, 0xAE, 0xE5, 0xE8, 0xEF, 0xFF,
    0xE5, 0xE8, 0xEF, 0xFF, 0xE5, 0xE8, 0xEF, 0xFF, 0xE5, 0xE8, 0xEF, 0xFF,
    0xE5, 0xE8, 0xEF, 0xFF, 0xE5, 0xE8, 0xEF, 0xFF, 0xE5, 0xE8, 0xEF, 0xFF,
    0xE5, 0xE8, 0xEF, 0xFF, 0xE5, 0xE8, 0xEF, 0xFF, 0xE5, 0xE8, 0xEF, 0xFF,
    0xE5, 0xE8, 0xEF, 0xFF, 0xE5, 0xE8, 0xEF, 0xFF, 0xE5, 0xE8, 0xEF, 0xFF,
    0xE5, 0xE8, 0xEF, 0xFF, 0xE5, 0xE8, 0xEF, 0xFF, 0xE5, 0xE8, 0xEF, 0xFF,
    0xE5, 0xE8, 0xEF, 0xFF, 0xE5, 0xE8, 0xEF, 0xFF, 0xE5, 0xE8, 0xEF, 0xFF,
    0xE5, 0xE8, 0xEF, 0xFF, 0xE5, 0xE8, 0xEF, 0xFF, 0xE5, 0xE8, 0xEF, 0xFF,
    0xE5, 0xE8, 0xEF, 0xFF, 0xE5, 0xE8, 0xEF, 0xFF, 0xE5, 0xE8, 0xEF, 0xFF,
    0xE5, 0xE8, 0xEF, 0xFF, 0xE5, 0xE8, 0xEF, 0xFF, 0xE5, 0xE8, 0xEF, 0xFF,
    0xE5, 0xE8, 0xEF, 0xFF, 0xE5, 0xE8, 0xEF, 0xFF, 0xE5, 0xE8, 0xEF, 0xFF,
    0xE5, 0xE8, 0xEF, 0xFF, 0xCA, 0xCC, 0xD2, 0xAE, 0x15, 0x16, 0x16, 0x37,
    0x00, 0x00, 0x00, 0x2A, 0x00, 0x00, 0x00, 0x21, 0x00, 0x00, 0x00, 0x16,
    0x00, 0x00, 0x00, 0x0A, 0x00, 0x00, 0x00, 0x00, 0x00, 0x00, 0x00, 0x00,
    0x00, 0x00, 0x00, 0x00, 0x00, 0x00, 0x00, 0x00, 0x00, 0x00, 0x00, 0x04,
    0x00, 0x00, 0x00, 0x10, 0x00, 0x00, 0x00, 0x1B, 0x00, 0x00, 0x00, 0x25,
    0x00, 0x00, 0x00, 0x2B, 0x00, 0x00, 0x00, 0x33, 0x91, 0x93, 0x97, 0x68,
    0xD6, 0xD9, 0xDF, 0xCC, 0xE5, 0xE8, 0xEE, 0xFF, 0xE5, 0xE8, 0xEE, 0xFF,
    0xE5, 0xE8, 0xEE, 0xFF, 0xE5, 0xE8, 0xEE, 0xFF, 0xE5, 0xE8, 0xEE, 0xFF,
    0xE5, 0xE8, 0xEE, 0xFF, 0xE5, 0xE8, 0xEE, 0xFF, 0xE5, 0xE8, 0xEE, 0xFF,
    0xE5, 0xE8, 0xEE, 0xFF, 0xE5, 0xE8, 0xEE, 0xFF, 0xE5, 0xE8, 0xEE, 0xFF,
    0xE5, 0xE8, 0xEE, 0xFF, 0xE5, 0xE8, 0xEE, 0xFF, 0xE5, 0xE8, 0xEE, 0xFF,
    0xE5, 0xE8, 0xEE, 0xFF, 0xE5, 0xE8, 0xEE, 0xFF, 0xE5, 0xE8, 0xEE, 0xFF,
    0xE5, 0xE8, 0xEE, 0xFF, 0xE5, 0xE8, 0xEE, 0xFF, 0xE5, 0xE8, 0xEE, 0xFF,
    0xE5, 0xE8, 0xEE, 0xFF, 0xE5, 0xE8, 0xEE, 0xFF, 0xE5, 0xE8, 0xEE, 0xFF,
    0xE5, 0xE8, 0xEE, 0xFF, 0xE5, 0xE8, 0xEE, 0xFF, 0xE5, 0xE8, 0xEE, 0xFF,
    0xE5, 0xE8, 0xEE, 0xFF, 0xE5, 0xE8, 0xEE, 0xFF, 0xD6, 0xD9, 0xDF, 0xCC,
    0x91, 0x93, 0x97, 0x68, 0x00, 0x00, 0x00, 0x33, 0x00, 0x00, 0x00, 0x2B,
    0x00, 0x00, 0x00, 0x25, 0x00, 0x00, 0x00, 0x1B, 0x00, 0x00, 0x00, 0x10,
    0x00, 0x00, 0x00, 0x04, 0x00, 0x00, 0x00, 0x00, 0x00, 0x00, 0x00, 0x00,
    0x00, 0x00, 0x00, 0x00, 0x00, 0x00, 0x00, 0x00, 0x00, 0x00, 0x00, 0x00,
    0x00, 0x00, 0x00, 0x0A, 0x00, 0x00, 0x00, 0x13, 0x00, 0x00, 0x00, 0x1C,
    0x00, 0x00, 0x00, 0x25, 0x00, 0x00, 0x00, 0x2A, 0x00, 0x00, 0x00, 0x31,
    0x00, 0x00, 0x00, 0x34, 0x5A, 0x5B, 0x5E, 0x4B, 0xA2, 0xA4, 0xA9, 0x77,
    0xBE, 0xC0, 0xC6, 0x99, 0xBE, 0xC0, 0xC6, 0x99, 0xBE, 0xC0, 0xC6, 0x99,
    0xBE, 0xC0, 0xC6, 0x99, 0xBE, 0xC0, 0xC6, 0x99, 0xBE, 0xC0, 0xC6, 0x99,
    0xBE, 0xC0, 0xC6, 0x99, 0xBE, 0xC0, 0xC6, 0x99, 0xBE, 0xC0, 0xC6, 0x99,
    0xBE, 0xC0, 0xC6, 0x99, 0xBE, 0xC0, 0xC6, 0x99, 0xBE, 0xC0, 0xC6, 0x99,
    0xBE, 0xC0, 0xC6, 0x99, 0xBE, 0xC0, 0xC6, 0x99, 0xBE, 0xC0, 0xC6, 0x99,
    0xBE, 0xC0, 0xC6, 0x99, 0xBE, 0xC0, 0xC6, 0x99, 0xBE, 0xC0, 0xC6, 0x99,
    0xBE, 0xC0, 0xC6, 0x99, 0xBE, 0xC0, 0xC6, 0x99, 0xBE, 0xC0, 0xC6, 0x99,
    0xBE, 0xC0, 0xC6, 0x99, 0xBE, 0xC0, 0xC6, 0x99, 0xBE, 0xC0, 0xC6, 0x99,
    0xA2, 0xA4, 0xA9, 0x77, 0x5A, 0x5B, 0x5E, 0x4B, 0x00, 0x00, 0x00, 0x34,
    0x00, 0x00, 0x00, 0x31, 0x00, 0x00, 0x00, 0x2A, 0x00, 0x00, 0x00, 0x25,
    0x00, 0x00, 0x00, 0x1C, 0x00, 0x00, 0x00, 0x13, 0x00, 0x00, 0x00, 0x0A,
    0x00, 0x00, 0x00, 0x00, 0x00, 0x00, 0x00, 0x00, 0x00, 0x00, 0x00, 0x00,
    0x00, 0x00, 0x00, 0x00, 0x00, 0x00, 0x00, 0x00, 0x00, 0x00, 0x00, 0x00,
    0x00, 0x00, 0x00, 0x01, 0x00, 0x00, 0x00, 0x0C, 0x00, 0x00, 0x00, 0x14,
    0x00, 0x00, 0x00, 0x1C, 0x00, 0x00, 0x00, 0x22, 0x00, 0x00, 0x00, 0x28,
    0x00, 0x00, 0x00, 0x2B, 0x00, 0x00, 0x00, 0x2F, 0x00, 0x00, 0x00, 0x32,
    0x00, 0x00, 0x00, 0x34, 0x00, 0x00, 0x00, 0x34, 0x00, 0x00, 0x00, 0x34,
    0x00, 0x00, 0x00, 0x34, 0x00, 0x00, 0x00, 0x34, 0x00, 0x00, 0x00, 0x34,
    0x00, 0x00, 0x00, 0x34, 0x00, 0x00, 0x00, 0x34, 0x00, 0x00, 0x00, 0x34,
    0x00, 0x00, 0x00, 0x34, 0x00, 0x00, 0x00, 0x34, 0x00, 0x00, 0x00, 0x34,
    0x00, 0x00, 0x00, 0x34, 0x00, 0x00, 0x00, 0x34, 0x00, 0x00, 0x00, 0x34,
    0x00, 0x00, 0x00, 0x34, 0x00, 0x00, 0x00, 0x34, 0x00, 0x00, 0x00, 0x34,
    0x00, 0x00, 0x00, 0x34, 0x00, 0x00, 0x00, 0x34, 0x00, 0x00, 0x00, 0x34,
    0x00, 0x00, 0x00, 0x34, 0x00, 0x00, 0x00, 0x34, 0x00, 0x00, 0x00, 0x34,
    0x00, 0x00, 0x00, 0x32, 0x00, 0x00, 0x00, 0x2F, 0x00, 0x00, 0x00, 0x2B,
    0x00, 0x00, 0x00, 0x28, 0x00, 0x00, 0x00, 0x22, 0x00, 0x00, 0x00, 0x1C,
    0x00, 0x00, 0x00, 0x14, 0x00, 0x00, 0x00, 0x0C, 0x00, 0x00, 0x00, 0x01,
    0x00, 0x00, 0x00, 0x00, 0x00, 0x00, 0x00, 0x00, 0x00, 0x00, 0x00, 0x00,
    0x00, 0x00, 0x00, 0x00, 0x00, 0x00, 0x00, 0x00, 0x00, 0x00, 0x00, 0x00,
    0x00, 0x00, 0x00, 0x00, 0x00, 0x00, 0x00, 0x02, 0x00, 0x00, 0x00, 0x0D,
    0x00, 0x00, 0x00, 0x13, 0x00, 0x00, 0x00, 0x1A, 0x00, 0x00, 0x00, 0x1D,
    0x00, 0x00, 0x00, 0x23, 0x00, 0x00, 0x00, 0x27, 0x00, 0x00, 0x00, 0x28,
    0x00, 0x00, 0x00, 0x28, 0x00, 0x00, 0x00, 0x28, 0x00, 0x00, 0x00, 0x28,
    0x00, 0x00, 0x00, 0x28, 0x00, 0x00, 0x00, 0x28, 0x00, 0x00, 0x00, 0x28,
    0x00, 0x00, 0x00, 0x28, 0x00, 0x00, 0x00, 0x28, 0x00, 0x00, 0x00, 0x28,
    0x00, 0x00, 0x00, 0x28, 0x00, 0x00, 0x00, 0x28, 0x00, 0x00, 0x00, 0x28,
    0x00, 0x00, 0x00, 0x28, 0x00, 0x00, 0x00, 0x28, 0x00, 0x00, 0x00, 0x28,
    0x00, 0x00, 0x00, 0x28, 0x00, 0x00, 0x00, 0x28, 0x00, 0x00, 0x00, 0x28,
    0x00, 0x00, 0x00, 0x28, 0x00, 0x00, 0x00, 0x28, 0x00, 0x00, 0x00, 0x28,
    0x00, 0x00, 0x00, 0x28, 0x00, 0x00, 0x00, 0x28, 0x00, 0x00, 0x00, 0x28,
    0x00, 0x00, 0x00, 0x28, 0x00, 0x00, 0x00, 0x27, 0x00, 0x00, 0x00, 0x23,
    0x00, 0x00, 0x00, 0x1D, 0x00, 0x00, 0x00, 0x1A, 0x00, 0x00, 0x00, 0x13,
    0x00, 0x00, 0x00, 0x0D, 0x00, 0x00, 0x00, 0x02, 0x00, 0x00, 0x00, 0x00,
    0x00, 0x00, 0x00, 0x00, 0x00, 0x00, 0x00, 0x00, 0x00, 0x00, 0x00, 0x00,
    0x00, 0x00, 0x00, 0x00, 0x00, 0x00, 0x00, 0x00, 0x00, 0x00, 0x00, 0x00,
    0x00, 0x00, 0x00, 0x00, 0x00, 0x00, 0x00, 0x00, 0x00, 0x00, 0x00, 0x02,
    0x00, 0x00, 0x00, 0x0B, 0x00, 0x00, 0x00, 0x0F, 0x00, 0x00, 0x00, 0x16,
    0x00, 0x00, 0x00, 0x1B, 0x00, 0x00, 0x00, 0x1B, 0x00, 0x00, 0x00, 0x1D,
    0x00, 0x00, 0x00, 0x1E, 0x00, 0x00, 0x00, 0x1E, 0x00, 0x00, 0x00, 0x1E,
    0x00, 0x00, 0x00, 0x1E, 0x00, 0x00, 0x00, 0x1E, 0x00, 0x00, 0x00, 0x1E,
    0x00, 0x00, 0x00, 0x1E, 0x00, 0x00, 0x00, 0x1E, 0x00, 0x00, 0x00, 0x1E,
    0x00, 0x00, 0x00, 0x1E, 0x00, 0x00, 0x00, 0x1E, 0x00, 0x00, 0x00, 0x1E,
    0x00, 0x00, 0x00, 0x1E, 0x00, 0x00, 0x00, 0x1E, 0x00, 0x00, 0x00, 0x1E,
    0x00, 0x00, 0x00, 0x1E, 0x00, 0x00, 0x00, 0x1E, 0x00, 0x00, 0x00, 0x1E,
    0x00, 0x00, 0x00, 0x1E, 0x00, 0x00, 0x00, 0x1E, 0x00, 0x00, 0x00, 0x1E,
    0x00, 0x00, 0x00, 0x1E, 0x00, 0x00, 0x00, 0x1E, 0x00, 0x00, 0x00, 0x1E,
    0x00, 0x00, 0x00, 0x1D, 0x00, 0x00, 0x00, 0x1B, 0x00, 0x00, 0x00, 0x1B,
    0x00, 0x00, 0x00, 0x16, 0x00, 0x00, 0x00, 0x0F, 0x00, 0x00, 0x00, 0x0B,
    0x00, 0x00, 0x00, 0x02, 0x00, 0x00, 0x00, 0x00, 0x00, 0x00, 0x00, 0x00,
    0x00, 0x00, 0x00, 0x00, 0x00, 0x00, 0x00, 0x00, 0x00, 0x00, 0x00, 0x00,
    0x00, 0x00, 0x00, 0x00, 0x00, 0x00, 0x00, 0x00, 0x00, 0x00, 0x00, 0x00,
    0x00, 0x00, 0x00, 0x00, 0x00, 0x00, 0x00, 0x00, 0x00, 0x00, 0x00, 0x00,
    0x00, 0x00, 0x00, 0x00, 0x00, 0x00, 0x00, 0x07, 0x00, 0x00, 0x00, 0x0D,
    0x00, 0x00, 0x00, 0x0E, 0x00, 0x00, 0x00, 0x12, 0x00, 0x00, 0x00, 0x15,
    0x00, 0x00, 0x00, 0x15, 0x00, 0x00, 0x00, 0x15, 0x00, 0x00, 0x00, 0x15,
    0x00, 0x00, 0x00, 0x15, 0x00, 0x00, 0x00, 0x15, 0x00, 0x00, 0x00, 0x15,
    0x00, 0x00, 0x00, 0x15, 0x00, 0x00, 0x00, 0x15, 0x00, 0x00, 0x00, 0x15,
    0x00, 0x00, 0x00, 0x15, 0x00, 0x00, 0x00, 0x15, 0x00, 0x00, 0x00, 0x15,
    0x00, 0x00, 0x00, 0x15, 0x00, 0x00, 0x00, 0x15, 0x00, 0x00, 0x00, 0x15,
    0x00, 0x00, 0x00, 0x15, 0x00, 0x00, 0x00, 0x15, 0x00, 0x00, 0x00, 0x15,
    0x00, 0x00, 0x00, 0x15, 0x00, 0x00, 0x00, 0x15, 0x00, 0x00, 0x00, 0x15,
    0x00, 0x00, 0x00, 0x15, 0x00, 0x00, 0x00, 0x15, 0x00, 0x00, 0x00, 0x15,
    0x00, 0x00, 0x00, 0x15, 0x00, 0x00, 0x00, 0x12, 0x00, 0x00, 0x00, 0x0E,
    0x00, 0x00, 0x00, 0x0D, 0x00, 0x00, 0x00, 0x07, 0x00, 0x00, 0x00, 0x00,
    0x00, 0x00, 0x00, 0x00, 0x00, 0x00, 0x00, 0x00, 0x00, 0x00, 0x00, 0x00,
    0x00, 0x00, 0x00, 0x00, 0x00, 0x00, 0x00, 0x00, 0x00, 0x00, 0x00, 0x00,
};

const uint8_t ICON_EDITOR_SMALL[] = {
    0x4C, 0x49, 0x43, 0x32, 0x18, 0x18, 0x00, 0x00,
    0x00, 0x00, 0x00, 0x00, 0x00, 0x00, 0x00, 0x00, 0x00, 0x00, 0x00, 0x00,
    0x00, 0x00, 0x00, 0x00, 0x00, 0x00, 0x00, 0x00, 0x00, 0x00, 0x00, 0x00,
    0x00, 0x00, 0x00, 0x00, 0x00, 0x00, 0x00, 0x00, 0x00, 0x00, 0x00, 0x00,
    0x00, 0x00, 0x00, 0x00, 0x00, 0x00, 0x00, 0x00, 0x00, 0x00, 0x00, 0x00,
    0x00, 0x00, 0x00, 0x00, 0x00, 0x00, 0x00, 0x00, 0x00, 0x00, 0x00, 0x00,
    0x00, 0x00, 0x00, 0x00, 0x00, 0x00, 0x00, 0x00, 0x00, 0x00, 0x00, 0x00,
    0x00, 0x00, 0x00, 0x00, 0x00, 0x00, 0x00, 0x00, 0x00, 0x00, 0x00, 0x00,
    0x00, 0x00, 0x00, 0x00, 0x00, 0x00, 0x00, 0x00, 0x00, 0x00, 0x00, 0x00,
    0x00, 0x00, 0x00, 0x00, 0x00, 0x00, 0x00, 0x00, 0x00, 0x00, 0x00, 0x00,
    0x00, 0x00, 0x00, 0x00, 0xFE, 0xFE, 0xFE, 0x17, 0xFE, 0xFE, 0xFE, 0x76,
    0xFE, 0xFE, 0xFE, 0x93, 0xFD, 0xFD, 0xFE, 0x8C, 0xFD, 0xFD, 0xFE, 0x8C,
    0xFD, 0xFD, 0xFE, 0x8C, 0xFD, 0xFD, 0xFE, 0x8C, 0xFD, 0xFD, 0xFE, 0x8C,
    0xFD, 0xFD, 0xFE, 0x8C, 0xFD, 0xFD, 0xFE, 0x8C, 0xFD, 0xFD, 0xFE, 0x8C,
    0xFD, 0xFD, 0xFE, 0x8C, 0xFD, 0xFD, 0xFE, 0x8C, 0xFE, 0xFE, 0xFE, 0x93,
    0xFE, 0xFE, 0xFE, 0x76, 0xFE, 0xFE, 0xFE, 0x17, 0x00, 0x00, 0x00, 0x00,
    0x00, 0x00, 0x00, 0x00, 0x00, 0x00, 0x00, 0x00, 0x00, 0x00, 0x00, 0x00,
    0x00, 0x00, 0x00, 0x00, 0x00, 0x00, 0x00, 0x00, 0x00, 0x00, 0x00, 0x00,
    0xF8, 0xF8, 0xF9, 0x6C, 0xFB, 0xFB, 0xFC, 0xF4, 0xFC, 0xFC, 0xFD, 0xFF,
    0xFC, 0xFC, 0xFD, 0xFF, 0xFC, 0xFC, 0xFD, 0xFF, 0xFC, 0xFC, 0xFD, 0xFF,
    0xFC, 0xFC, 0xFD, 0xFF, 0xFC, 0xFC, 0xFD, 0xFF, 0xFC, 0xFC, 0xFD, 0xFF,
    0xFC, 0xFC, 0xFD, 0xFF, 0xFC, 0xFC, 0xFD, 0xFF, 0xFC, 0xFC, 0xFD, 0xFF,
    0xFC, 0xFC, 0xFD, 0xFF, 0xFC, 0xFC, 0xFD, 0xFF, 0xFC, 0xFC, 0xFD, 0xFF,
    0xFC, 0xFC, 0xFD, 0xFF, 0xFB, 0xFB, 0xFC, 0xF4, 0xF8, 0xF8, 0xF9, 0x6C,
    0x00, 0x00, 0x00, 0x00, 0x00, 0x00, 0x00, 0x00, 0x00, 0x00, 0x00, 0x00,
    0x00, 0x00, 0x00, 0x00, 0x00, 0x00, 0x00, 0x00, 0xEC, 0xEC, 0xED, 0x58,
    0xFB, 0xFB, 0xFC, 0xFE, 0xFB, 0xFB, 0xFC, 0xFF, 0xFB, 0xFB, 0xFC, 0xFF,
    0xFB, 0xFB, 0xFC, 0xFF, 0xFB, 0xFB, 0xFC, 0xFF, 0xFB, 0xFB, 0xFC, 0xFF,
    0xFB, 0xFB, 0xFC, 0xFF, 0xFB, 0xFB, 0xFC, 0xFF, 0xFB, 0xFB, 0xFC, 0xFF,
    0xFB, 0xFB, 0xFC, 0xFF, 0xFB, 0xFB, 0xFC, 0xFF, 0xFB, 0xFB, 0xFC, 0xFF,
    0xFB, 0xFB, 0xFC, 0xFF, 0xFB, 0xFB, 0xFC, 0xFF, 0xFB, 0xFB, 0xFC, 0xFF,
    0xFB, 0xFB, 0xFC, 0xFF, 0xFB, 0xFB, 0xFC, 0xFF, 0xFB, 0xFB, 0xFC, 0xFE,
    0xEC, 0xEC, 0xED, 0x58, 0x00, 0x00, 0x00, 0x00, 0x00, 0x00, 0x00, 0x00,
    0x00, 0x00, 0x00, 0x00, 0x00, 0x00, 0x00, 0x04, 0xF2, 0xF2, 0xF4, 0xD8,
    0xF9, 0xFA, 0xFC, 0xFF, 0xF9, 0xFA, 0xFC, 0xFF, 0xF9, 0xFA, 0xFC, 0xFF,
    0xF9, 0xFA, 0xFC, 0xFF, 0xF9, 0xFA, 0xFC, 0xFF, 0xF9, 0xFA, 0xFC, 0xFF,
    0xF9, 0xFA, 0xFC, 0xFF, 0xF9, 0xFA, 0xFC, 0xFF, 0xF9, 0xFA, 0xFC, 0xFF,
    0xF9, 0xFA, 0xFC, 0xFF, 0xF9, 0xFA, 0xFC, 0xFF, 0xF9, 0xFA, 0xFC, 0xFF,
    0xF9, 0xFA, 0xFC, 0xFF, 0xF9, 0xFA, 0xFC, 0xFF, 0xF9, 0xFA, 0xFC, 0xFF,
    0xF9, 0xFA, 0xFC, 0xFF, 0xF9, 0xFA, 0xFC, 0xFF, 0xF9, 0xFA, 0xFC, 0xFF,
    0xF2, 0xF2, 0xF4, 0xD8, 0x00, 0x00, 0x00, 0x04, 0x00, 0x00, 0x00, 0x00,
    0x00, 0x00, 0x00, 0x00, 0x80, 0x80, 0x81, 0x25, 0xF9, 0xF9, 0xFB, 0xFF,
    0xF8, 0xF9, 0xFB, 0xFF, 0xF8, 0xF9, 0xFB, 0xFF, 0xF8, 0xF9, 0xFB, 0xFF,
    0xF8, 0xF9, 0xFB, 0xFF, 0xF8, 0xF9, 0xFB, 0xFF, 0xF8, 0xF9, 0xFB, 0xFF,
    0xF8, 0xF9, 0xFB, 0xFF, 0xF8, 0xF9, 0xFB, 0xFF, 0xF8, 0xF9, 0xFB, 0xFF,
    0xF8, 0xF9, 0xFB, 0xFF, 0xF8, 0xF9, 0xFB, 0xFF, 0xF8, 0xF9, 0xFB, 0xFF,
    0xF8, 0xF9, 0xFB, 0xFF, 0xF8, 0xF9, 0xFB, 0xFF, 0xF8, 0xF9, 0xFB, 0xFF,
    0xF8, 0xF9, 0xFB, 0xFF, 0xF8, 0xF9, 0xFB, 0xFF, 0xF8, 0xF9, 0xFB, 0xFF,
    0xF9, 0xF9, 0xFB, 0xFF, 0x80, 0x80, 0x81, 0x25, 0x00, 0x00, 0x00, 0x00,
    0x00, 0x00, 0x00, 0x01, 0x93, 0x94, 0x95, 0x40, 0xF7, 0xF8, 0xFA, 0xFF,
    0xF7, 0xF8, 0xFA, 0xFF, 0xF7, 0xF8, 0xFA, 0xFF, 0xF7, 0xF8, 0xFA, 0xFF,
    0xF7, 0xF8, 0xFA, 0xFF, 0xF7, 0xF8, 0xFA, 0xFF, 0xF7, 0xF8, 0xFA, 0xFF,
    0xF7, 0xF8, 0xFA, 0xFF, 0xF7, 0xF8, 0xFA, 0xFF, 0xF7, 0xF8, 0xFA, 0xFF,
    0xF7, 0xF8, 0xFA, 0xFF, 0xF7, 0xF8, 0xFA, 0xFF, 0xF7, 0xF8, 0xFA, 0xFF,
    0xF7, 0xF8, 0xFA, 0xFF, 0xF9, 0xE8, 0xC8, 0xFF, 0xF7, 0xF5, 0xF3, 0xFF,
    0xF7, 0xF8, 0xFA, 0xFF, 0xF7, 0xF8, 0xFA, 0xFF, 0xF7, 0xF8, 0xFA, 0xFF,
    0xF7, 0xF8, 0xFA, 0xFF, 0x93, 0x94, 0x95, 0x40, 0x00, 0x00, 0x00, 0x01,
    0x00, 0x00, 0x00, 0x03, 0x8D, 0x8D, 0x8E, 0x42, 0xF6, 0xF7, 0xFA, 0xFF,
    0xF6, 0xF6, 0xF9, 0xFF, 0xF6, 0xF6, 0xF9, 0xFF, 0xEA, 0xEC, 0xF0, 0xFF,
    0xC8, 0xCD, 0xD7, 0xFF, 0xC8, 0xCD, 0xD7, 0xFF, 0xC8, 0xCD, 0xD7, 0xFF,
    0xC8, 0xCD, 0xD7, 0xFF, 0xC8, 0xCD, 0xD7, 0xFF, 0xC8, 0xCD, 0xD7, 0xFF,
    0xC8, 0xCD, 0xD7, 0xFF, 0xC8, 0xCD, 0xD7, 0xFF, 0xDF, 0xE2, 0xE8, 0xFF,
    0xF8, 0xE3, 0xBD, 0xFF, 0xFC, 0xC1, 0x55, 0xFF, 0xFA, 0xCD, 0x7B, 0xFF,
    0xF6, 0xF4, 0xF2, 0xFF, 0xF6, 0xF6, 0xF9, 0xFF, 0xF6, 0xF6, 0xF9, 0xFF,
    0xF6, 0xF7, 0xFA, 0xFF, 0x8D, 0x8D, 0x8E, 0x42, 0x00, 0x00, 0x00, 0x03,
    0x00, 0x00, 0x00, 0x04, 0x8A, 0x8A, 0x8C, 0x41, 0xF5, 0xF6, 0xF9, 0xFF,
    0xF4, 0xF5, 0xF8, 0xFF, 0xF4, 0xF5, 0xF8, 0xFF, 0xE6, 0xE8, 0xED, 0xFF,
    0xC7, 0xCD, 0xD6, 0xFF, 0xC7, 0xCD, 0xD6, 0xFF, 0xC7, 0xCD, 0xD6, 0xFF,
    0xC7, 0xCD, 0xD6, 0xFF, 0xC7, 0xCD, 0xD6, 0xFF, 0xC7, 0xCD, 0xD6, 0xFF,
    0xC7, 0xCD, 0xD6, 0xFF, 0xC7, 0xCD, 0xD6, 0xFF, 0xE4, 0xD3, 0xB5, 0xFF,
    0xF9, 0xBB, 0x50, 0xFF, 0xF9, 0xBA, 0x4F, 0xFF, 0xF7, 0xD4, 0x99, 0xFF,
    0xF4, 0xF5, 0xF8, 0xFF, 0xF4, 0xF5, 0xF8, 0xFF, 0xF4, 0xF5, 0xF8, 0xFF,
    0xF5, 0xF6, 0xF9, 0xFF, 0x8A, 0x8A, 0x8C, 0x41, 0x00, 0x00, 0x00, 0x04,
    0x00, 0x00, 0x00, 0x04, 0x87, 0x88, 0x8A, 0x40, 0xF4, 0xF5, 0xF8, 0xFF,
    0xF3, 0xF4, 0xF8, 0xFF, 0xF3, 0xF4, 0xF8, 0xFF, 0xF3, 0xF4, 0xF8, 0xFF,
    0xF3, 0xF4, 0xF8, 0xFF, 0xF3, 0xF4, 0xF8, 0xFF, 0xF3, 0xF4, 0xF8, 0xFF,
    0xF3, 0xF4, 0xF8, 0xFF, 0xF3, 0xF4, 0xF8, 0xFF, 0xF3, 0xF4, 0xF8, 0xFF,
    0xF3, 0xF4, 0xF8, 0xFF, 0xF4, 0xE3, 0xC8, 0xFF, 0xF6, 0xB6, 0x4D, 0xFF,
    0xF6, 0xB4, 0x48, 0xFF, 0xF5, 0xD0, 0x95, 0xFF, 0xF3, 0xF4, 0xF8, 0xFF,
    0xF3, 0xF4, 0xF8, 0xFF, 0xF3, 0xF4, 0xF8, 0xFF, 0xF3, 0xF4, 0xF8, 0xFF,
    0xF4, 0xF5, 0xF8, 0xFF, 0x87, 0x88, 0x8A, 0x40, 0x00, 0x00, 0x00, 0x04,
    0x00, 0x00, 0x00, 0x04, 0x85, 0x85, 0x87, 0x40, 0xF2, 0xF4, 0xF7, 0xFF,
    0xF2, 0xF3, 0xF7, 0xFF, 0xF2, 0xF3, 0xF7, 0xFF, 0xDC, 0xE0, 0xE6, 0xFF,
    0x9E, 0xA8, 0xB7, 0xFF, 0x9A, 0xA4, 0xB4, 0xFF, 0x9A, 0xA4, 0xB4, 0xFF,
    0x9A, 0xA4, 0xB4, 0xFF, 0x9A, 0xA4, 0xB4, 0xFF, 0x9A, 0xA4, 0xB4, 0xFF,
    0xAE, 0xA6, 0x9B, 0xFF, 0xEF, 0xAD, 0x47, 0xFF, 0xF3, 0xAD, 0x42, 0xFF,
    0xF2, 0xCC, 0x91, 0xFF, 0xF2, 0xF3, 0xF7, 0xFF, 0xF2, 0xF3, 0xF7, 0xFF,
    0xF2, 0xF3, 0xF7, 0xFF, 0xF2, 0xF3, 0xF7, 0xFF, 0xF2, 0xF3, 0xF7, 0xFF,
    0xF2, 0xF4, 0xF7, 0xFF, 0x85, 0x85, 0x87, 0x40, 0x00, 0x00, 0x00, 0x04,
    0x00, 0x00, 0x00, 0x04, 0x82, 0x83, 0x85, 0x3F, 0xF1, 0xF2, 0xF6, 0xFF,
    0xF1, 0xF2, 0xF6, 0xFF, 0xF1, 0xF2, 0xF6, 0xFF, 0xED, 0xEF, 0xF3, 0xFF,
    0xDB, 0xDF, 0xE6, 0xFF, 0xDB, 0xDF, 0xE6, 0xFF, 0xDB, 0xDF, 0xE6, 0xFF,
    0xDB, 0xDF, 0xE6, 0xFF, 0xDB, 0xDF, 0xE6, 0xFF, 0xDF, 0xD5, 0xC8, 0xFF,
    0xEF, 0xAA, 0x45, 0xFF, 0xF0, 0xA7, 0x3B, 0xFF, 0xEC, 0xC4, 0x8A, 0xFF,
    0xF1, 0xF2, 0xF6, 0xFF, 0xF1, 0xF2, 0xF6, 0xFF, 0xF1, 0xF2, 0xF6, 0xFF,
    0xF1, 0xF2, 0xF6, 0xFF, 0xF1, 0xF2, 0xF6, 0xFF, 0xF1, 0xF2, 0xF6, 0xFF,
    0xF1, 0xF2, 0xF6, 0xFF, 0x82, 0x83, 0x85, 0x3F, 0x00, 0x00, 0x00, 0x04,
    0x00, 0x00, 0x00, 0x04, 0x7F, 0x80, 0x82, 0x3E, 0xF0, 0xF1, 0xF5, 0xFF,
    0xEF, 0xF1, 0xF5, 0xFF, 0xEF, 0xF1, 0xF5, 0xFF, 0xEC, 0xEE, 0xF3, 0xFF,
    0xDA, 0xDE, 0xE5, 0xFF, 0xDA, 0xDE, 0xE5, 0xFF, 0xDA, 0xDE, 0xE5, 0xFF,
    0xDA, 0xDE, 0xE5, 0xFF, 0xD7, 0xD9, 0xDD, 0xFF, 0xC8, 0x93, 0x4A, 0xFF,
    0xED, 0xA0, 0x35, 0xFF, 0xE5, 0xBB, 0x82, 0xFF, 0xE7, 0xE9, 0xEF, 0xFF,
    0xEF, 0xF1, 0xF5, 0xFF, 0xEF, 0xF1, 0xF5, 0xFF, 0xEF, 0xF1, 0xF5, 0xFF,
    0xEF, 0xF1, 0xF5, 0xFF, 0xEF, 0xF1, 0xF5, 0xFF, 0xEF, 0xF1, 0xF5, 0xFF,
    0xF0, 0xF1, 0xF5, 0xFF, 0x7F, 0x80, 0x82, 0x3E, 0x00, 0x00, 0x00, 0x04,
    0x00, 0x00, 0x00, 0x04, 0x7C, 0x7D, 0x80, 0x3D, 0xEE, 0xF0, 0xF5, 0xFF,
    0xEE, 0xF0, 0xF5, 0xFF, 0xEE, 0xF0, 0xF5, 0xFF, 0xD9, 0xDD, 0xE5, 0xFF,
    0xAF, 0xB7, 0xC4, 0xFF, 0xAF, 0xB7, 0xC4, 0xFF, 0xAF, 0xB7, 0xC4, 0xFF,
    0xAF, 0xB7, 0xC4, 0xFF, 0xA0, 0x95, 0x8A, 0xFF, 0xA5, 0x7C, 0x46, 0xFF,
    0xCE, 0xA8, 0x77, 0xFF, 0xAF, 0xB7, 0xC4, 0xFF, 0xCA, 0xCF, 0xD8, 0xFF,
    0xEE, 0xF0, 0xF5, 0xFF, 0xEE, 0xF0, 0xF5, 0xFF, 0xEE, 0xF0, 0xF5, 0xFF,
    0xEE, 0xF0, 0xF5, 0xFF, 0xEE, 0xF0, 0xF5, 0xFF, 0xEE, 0xF0, 0xF5, 0xFF,
    0xEE, 0xF0, 0xF5, 0xFF, 0x7C, 0x7D, 0x80, 0x3D, 0x00, 0x00, 0x00, 0x04,
    0x00, 0x00, 0x00, 0x04, 0x7C, 0x7D, 0x7F, 0x3D, 0xED, 0xEF, 0xF4, 0xFF,
    0xED, 0xEF, 0xF4, 0xFF, 0xED, 0xEF, 0xF4, 0xFF, 0xED, 0xEF, 0xF4, 0xFF,
    0xED, 0xEF, 0xF4, 0xFF, 0xED, 0xEF, 0xF4, 0xFF, 0xED, 0xEF, 0xF4, 0xFF,
    0xED, 0xEF, 0xF4, 0xFF, 0xE8, 0xE2, 0xDD, 0xFF, 0xED, 0xEF, 0xF4, 0xFF,
    0xED, 0xEF, 0xF4, 0xFF, 0xED, 0xEF, 0xF4, 0xFF, 0xED, 0xEF, 0xF4, 0xFF,
    0xED, 0xEF, 0xF4, 0xFF, 0xED, 0xEF, 0xF4, 0xFF, 0xED, 0xEF, 0xF4, 0xFF,
    0xED, 0xEF, 0xF4, 0xFF, 0xED, 0xEF, 0xF4, 0xFF, 0xED, 0xEF, 0xF4, 0xFF,
    0xED, 0xEF, 0xF4, 0xFF, 0x7C, 0x7D, 0x7F, 0x3D, 0x00, 0x00, 0x00, 0x04,
    0x00, 0x00, 0x00, 0x04, 0x7B, 0x7C, 0x7F, 0x3D, 0xEC, 0xEE, 0xF3, 0xFF,
    0xEC, 0xEE, 0xF3, 0xFF, 0xEC, 0xEE, 0xF3, 0xFF, 0xDE, 0xE2, 0xE9, 0xFF,
    0xB2, 0xBA, 0xC7, 0xFF, 0xAE, 0xB6, 0xC4, 0xFF, 0xAE, 0xB6, 0xC4, 0xFF,
    0xAE, 0xB6, 0xC4, 0xFF, 0xC4, 0xCA, 0xD4, 0xFF, 0xEC, 0xEE, 0xF3, 0xFF,
    0xEC, 0xEE, 0xF3, 0xFF, 0xEC, 0xEE, 0xF3, 0xFF, 0xEC, 0xEE, 0xF3, 0xFF,
    0xEC, 0xEE, 0xF3, 0xFF, 0xEC, 0xEE, 0xF3, 0xFF, 0xEC, 0xEE, 0xF3, 0xFF,
    0xEC, 0xEE, 0xF3, 0xFF, 0xEC, 0xEE, 0xF3, 0xFF, 0xEC, 0xEE, 0xF3, 0xFF,
    0xEC, 0xEE, 0xF3, 0xFF, 0x7B, 0x7C, 0x7F, 0x3D, 0x00, 0x00, 0x00, 0x04,
    0x00, 0x00, 0x00, 0x04, 0x7A, 0x7B, 0x7E, 0x3D, 0xEA, 0xED, 0xF2, 0xFF,
    0xEA, 0xED, 0xF2, 0xFF, 0xEA, 0xED, 0xF2, 0xFF, 0xE0, 0xE3, 0xEA, 0xFF,
    0xC2, 0xC8, 0xD3, 0xFF, 0xC2, 0xC8, 0xD3, 0xFF, 0xC2, 0xC8, 0xD3, 0xFF,
    0xC2, 0xC8, 0xD3, 0xFF, 0xCC, 0xD1, 0xDB, 0xFF, 0xEA, 0xED, 0xF2, 0xFF,
    0xEA, 0xED, 0xF2, 0xFF, 0xEA, 0xED, 0xF2, 0xFF, 0xEA, 0xED, 0xF2, 0xFF,
    0xEA, 0xED, 0xF2, 0xFF, 0xEA, 0xED, 0xF2, 0xFF, 0xEA, 0xED, 0xF2, 0xFF,
    0xEA, 0xED, 0xF2, 0xFF, 0xEA, 0xED, 0xF2, 0xFF, 0xEA, 0xED, 0xF2, 0xFF,
    0xEA, 0xED, 0xF2, 0xFF, 0x7A, 0x7B, 0x7E, 0x3D, 0x00, 0x00, 0x00, 0x04,
    0x00, 0x00, 0x00, 0x04, 0x64, 0x65, 0x67, 0x35, 0xE9, 0xEC, 0xF1, 0xFF,
    0xE9, 0xEC, 0xF1, 0xFF, 0xE9, 0xEC, 0xF1, 0xFF, 0xE9, 0xEC, 0xF1, 0xFF,
    0xE9, 0xEC, 0xF1, 0xFF, 0xE9, 0xEC, 0xF1, 0xFF, 0xE9, 0xEC, 0xF1, 0xFF,
    0xE9, 0xEC, 0xF1, 0xFF, 0xE9, 0xEC, 0xF1, 0xFF, 0xE9, 0xEC, 0xF1, 0xFF,
    0xE9, 0xEC, 0xF1, 0xFF, 0xE9, 0xEC, 0xF1, 0xFF, 0xE9, 0xEC, 0xF1, 0xFF,
    0xE9, 0xEC, 0xF1, 0xFF, 0xE9, 0xEC, 0xF1, 0xFF, 0xE9, 0xEC, 0xF1, 0xFF,
    0xE9, 0xEC, 0xF1, 0xFF, 0xE9, 0xEC, 0xF1, 0xFF, 0xE9, 0xEC, 0xF1, 0xFF,
    0xE9, 0xEC, 0xF1, 0xFF, 0x64, 0x65, 0x67, 0x35, 0x00, 0x00, 0x00, 0x04,
    0x00, 0x00, 0x00, 0x03, 0x00, 0x00, 0x00, 0x20, 0xE2, 0xE4, 0xEA, 0xE7,
    0xE8, 0xEB, 0xF1, 0xFF, 0xE8, 0xEB, 0xF1, 0xFF, 0xE8, 0xEB, 0xF1, 0xFF,
    0xE8, 0xEB, 0xF1, 0xFF, 0xE8, 0xEB, 0xF1, 0xFF, 0xE8, 0xEB, 0xF1, 0xFF,
    0xE8, 0xEB, 0xF1, 0xFF, 0xE8, 0xEB, 0xF1, 0xFF, 0xE8, 0xEB, 0xF1, 0xFF,
    0xE8, 0xEB, 0xF1, 0xFF, 0xE8, 0xEB, 0xF1, 0xFF, 0xE8, 0xEB, 0xF1, 0xFF,
    0xE8, 0xEB, 0xF1, 0xFF, 0xE8, 0xEB, 0xF1, 0xFF, 0xE8, 0xEB, 0xF1, 0xFF,
    0xE8, 0xEB, 0xF1, 0xFF, 0xE8, 0xEB, 0xF1, 0xFF, 0xE8, 0xEB, 0xF1, 0xFF,
    0xE2, 0xE4, 0xEA, 0xE7, 0x00, 0x00, 0x00, 0x20, 0x00, 0x00, 0x00, 0x03,
    0x00, 0x00, 0x00, 0x02, 0x00, 0x00, 0x00, 0x1B, 0xB6, 0xB8, 0xBD, 0x88,
    0xE7, 0xE9, 0xF0, 0xFF, 0xE7, 0xE9, 0xF0, 0xFF, 0xE7, 0xE9, 0xF0, 0xFF,
    0xE7, 0xE9, 0xF0, 0xFF, 0xE7, 0xE9, 0xF0, 0xFF, 0xE7, 0xE9, 0xF0, 0xFF,
    0xE7, 0xE9, 0xF0, 0xFF, 0xE7, 0xE9, 0xF0, 0xFF, 0xE7, 0xE9, 0xF0, 0xFF,
    0xE7, 0xE9, 0xF0, 0xFF, 0xE7, 0xE9, 0xF0, 0xFF, 0xE7, 0xE9, 0xF0, 0xFF,
    0xE7, 0xE9, 0xF0, 0xFF, 0xE7, 0xE9, 0xF0, 0xFF, 0xE7, 0xE9, 0xF0, 0xFF,
    0xE7, 0xE9, 0xF0, 0xFF, 0xE7, 0xE9, 0xF0, 0xFF, 0xE7, 0xE9, 0xF0, 0xFF,
    0xB6, 0xB8, 0xBD, 0x88, 0x00, 0x00, 0x00, 0x1B, 0x00, 0x00, 0x00, 0x02,
    0x00, 0x00, 0x00, 0x00, 0x00, 0x00, 0x00, 0x13, 0x00, 0x00, 0x00, 0x29,
    0xC9, 0xCB, 0xD1, 0xAB, 0xE6, 0xE8, 0xEF, 0xFF, 0xE6, 0xE8, 0xEF, 0xFF,
    0xE6, 0xE8, 0xEF, 0xFF, 0xE6, 0xE8, 0xEF, 0xFF, 0xE6, 0xE8, 0xEF, 0xFF,
    0xE6, 0xE8, 0xEF, 0xFF, 0xE6, 0xE8, 0xEF, 0xFF, 0xE6, 0xE8, 0xEF, 0xFF,
    0xE6, 0xE8, 0xEF, 0xFF, 0xE6, 0xE8, 0xEF, 0xFF, 0xE6, 0xE8, 0xEF, 0xFF,
    0xE6, 0xE8, 0xEF, 0xFF, 0xE6, 0xE8, 0xEF, 0xFF, 0xE6, 0xE8, 0xEF, 0xFF,
    0xE6, 0xE8, 0xEF, 0xFF, 0xE6, 0xE8, 0xEF, 0xFF, 0xC9, 0xCB, 0xD1, 0xAB,
    0x00, 0x00, 0x00, 0x29, 0x00, 0x00, 0x00, 0x13, 0x00, 0x00, 0x00, 0x00,
    0x00, 0x00, 0x00, 0x00, 0x00, 0x00, 0x00, 0x07, 0x00, 0x00, 0x00, 0x1C,
    0x00, 0x00, 0x00, 0x2B, 0x92, 0x94, 0x98, 0x68, 0xCB, 0xCE, 0xD4, 0xB2,
    0xD6, 0xD9, 0xDF, 0xCC, 0xD6, 0xD9, 0xDF, 0xCC, 0xD6, 0xD9, 0xDF, 0xCC,
    0xD6, 0xD9, 0xDF, 0xCC, 0xD6, 0xD9, 0xDF, 0xCC, 0xD6, 0xD9, 0xDF, 0xCC,
    0xD6, 0xD9, 0xDF, 0xCC, 0xD6, 0xD9, 0xDF, 0xCC, 0xD6, 0xD9, 0xDF, 0xCC,
    0xD6, 0xD9, 0xDF, 0xCC, 0xD6, 0xD9, 0xDF, 0xCC, 0xD6, 0xD9, 0xDF, 0xCC,
    0xCB, 0xCE, 0xD4, 0xB2, 0x92, 0x94, 0x98, 0x68, 0x00, 0x00, 0x00, 0x2B,
    0x00, 0x00, 0x00, 0x1C, 0x00, 0x00, 0x00, 0x07, 0x00, 0x00, 0x00, 0x00,
    0x00, 0x00, 0x00, 0x00, 0x00, 0x00, 0x00, 0x00, 0x00, 0x00, 0x00, 0x0C,
    0x00, 0x00, 0x00, 0x1B, 0x00, 0x00, 0x00, 0x25, 0x00, 0x00, 0x00, 0x2C,
    0x00, 0x00, 0x00, 0x2E, 0x00, 0x00, 0x00, 0x2E, 0x00, 0x00, 0x00, 0x2E,
    0x00, 0x00, 0x00, 0x2E, 0x00, 0x00, 0x00, 0x2E, 0x00, 0x00, 0x00, 0x2E,
    0x00, 0x00, 0x00, 0x2E, 0x00, 0x00, 0x00, 0x2E, 0x00, 0x00, 0x00, 0x2E,
    0x00, 0x00, 0x00, 0x2E, 0x00, 0x00, 0x00, 0x2E, 0x00, 0x00, 0x00, 0x2E,
    0x00, 0x00, 0x00, 0x2C, 0x00, 0x00, 0x00, 0x25, 0x00, 0x00, 0x00, 0x1B,
    0x00, 0x00, 0x00, 0x0C, 0x00, 0x00, 0x00, 0x00, 0x00, 0x00, 0x00, 0x00,
    0x00, 0x00, 0x00, 0x00, 0x00, 0x00, 0x00, 0x00, 0x00, 0x00, 0x00, 0x00,
    0x00, 0x00, 0x00, 0x08, 0x00, 0x00, 0x00, 0x13, 0x00, 0x00, 0x00, 0x17,
    0x00, 0x00, 0x00, 0x1B, 0x00, 0x00, 0x00, 0x1B, 0x00, 0x00, 0x00, 0x1B,
    0x00, 0x00, 0x00, 0x1B, 0x00, 0x00, 0x00, 0x1B, 0x00, 0x00, 0x00, 0x1B,
    0x00, 0x00, 0x00, 0x1B, 0x00, 0x00, 0x00, 0x1B, 0x00, 0x00, 0x00, 0x1B,
    0x00, 0x00, 0x00, 0x1B, 0x00, 0x00, 0x00, 0x1B, 0x00, 0x00, 0x00, 0x1B,
    0x00, 0x00, 0x00, 0x17, 0x00, 0x00, 0x00, 0x13, 0x00, 0x00, 0x00, 0x08,
    0x00, 0x00, 0x00, 0x00, 0x00, 0x00, 0x00, 0x00, 0x00, 0x00, 0x00, 0x00,
};

const uint8_t ICON_FILES[] = {
    0x4C, 0x49, 0x43, 0x32, 0x30, 0x30, 0x00, 0x00,
    0x00, 0x00, 0x00, 0x00, 0x00, 0x00, 0x00, 0x00, 0x00, 0x00, 0x00, 0x00,
    0x00, 0x00, 0x00, 0x00, 0x00, 0x00, 0x00, 0x00, 0x00, 0x00, 0x00, 0x00,
    0x00, 0x00, 0x00, 0x00, 0x00, 0x00, 0x00, 0x00, 0x00, 0x00, 0x00, 0x00,
    0x00, 0x00, 0x00, 0x00, 0x00, 0x00, 0x00, 0x00, 0x00, 0x00, 0x00, 0x00,
    0x00, 0x00, 0x00, 0x00, 0x00, 0x00, 0x00, 0x00, 0x00, 0x00, 0x00, 0x00,
    0x00, 0x00, 0x00, 0x00, 0x00, 0x00, 0x00, 0x00, 0x00, 0x00, 0x00, 0x00,
    0x00, 0x00, 0x00, 0x00, 0x00, 0x00, 0x00, 0x00, 0x00, 0x00, 0x00, 0x00,
    0x00, 0x00, 0x00, 0x00, 0x00, 0x00, 0x00, 0x00, 0x00, 0x00, 0x00, 0x00,
    0x00, 0x00, 0x00, 0x00, 0x00, 0x00, 0x00, 0x00, 0x00, 0x00, 0x00, 0x00,
    0x00, 0x00, 0x00, 0x00, 0x00, 0x00, 0x00, 0x00, 0x00, 0x00, 0x00, 0x00,
    0x00, 0x00, 0x00, 0x00, 0x00, 0x00, 0x00, 0x00, 0x00, 0x00, 0x00, 0x00,
    0x00, 0x00, 0x00, 0x00, 0x00, 0x00, 0x00, 0x00, 0x00, 0x00, 0x00, 0x00,
    0x00, 0x00, 0x00, 0x00, 0x00, 0x00, 0x00, 0x00, 0x00, 0x00, 0x00, 0x00,
    0x00, 0x00, 0x00, 0x00, 0x00, 0x00, 0x00, 0x00, 0x00, 0x00, 0x00, 0x00,
    0x00, 0x00, 0x00, 0x00, 0x00, 0x00, 0x00, 0x00, 0x00, 0x00, 0x00, 0x00,
    0x00, 0x00, 0x00, 0x00, 0x00, 0x00, 0x00, 0x00, 0x00, 0x00, 0x00, 0x00,
    0x00, 0x00, 0x00, 0x00, 0x00, 0x00, 0x00, 0x00, 0x00, 0x00, 0x00, 0x00,
    0x00, 0x00, 0x00, 0x00, 0x00, 0x00, 0x00, 0x00, 0x00, 0x00, 0x00, 0x00,
    0x00, 0x00, 0x00, 0x00, 0x00, 0x00, 0x00, 0x00, 0x00, 0x00, 0x00, 0x00,
    0x00, 0x00, 0x00, 0x00, 0x00, 0x00, 0x00, 0x00, 0x00, 0x00, 0x00, 0x00,
    0x00, 0x00, 0x00, 0x00, 0x00, 0x00, 0x00, 0x00, 0x00, 0x00, 0x00, 0x00,
    0x00, 0x00, 0x00, 0x00, 0x00, 0x00, 0x00, 0x00, 0x00, 0x00, 0x00, 0x00,
    0x00, 0x00, 0x00, 0x00, 0x00, 0x00, 0x00, 0x00, 0x00, 0x00, 0x00, 0x00,
    0x00, 0x00, 0x00, 0x00, 0x00, 0x00, 0x00, 0x00, 0x00, 0x00, 0x00, 0x00,
    0x00, 0x00, 0x00, 0x00, 0x00, 0x00, 0x00, 0x00, 0x00, 0x00, 0x00, 0x00,
    0x00, 0x00, 0x00, 0x00, 0x00, 0x00, 0x00, 0x00, 0x00, 0x00, 0x00, 0x00,
    0x00, 0x00, 0x00, 0x00, 0x00, 0x00, 0x00, 0x00, 0x00, 0x00, 0x00, 0x00,
    0x00, 0x00, 0x00, 0x00, 0x00, 0x00, 0x00, 0x00, 0x00, 0x00, 0x00, 0x00,
    0x00, 0x00, 0x00, 0x00, 0x00, 0x00, 0x00, 0x00, 0x00, 0x00, 0x00, 0x00,
    0x00, 0x00, 0x00, 0x00, 0x00, 0x00, 0x00, 0x00, 0x00, 0x00, 0x00, 0x00,
    0x00, 0x00, 0x00, 0x00, 0x00, 0x00, 0x00, 0x00, 0x00, 0x00, 0x00, 0x00,
    0x00, 0x00, 0x00, 0x00, 0x00, 0x00, 0x00, 0x00, 0x00, 0x00, 0x00, 0x00,
    0x00, 0x00, 0x00, 0x00, 0x00, 0x00, 0x00, 0x00, 0x00, 0x00, 0x00, 0x00,
    0x00, 0x00, 0x00, 0x00, 0x00, 0x00, 0x00, 0x00, 0x00, 0x00, 0x00, 0x00,
    0x00, 0x00, 0x00, 0x00, 0x00, 0x00, 0x00, 0x00, 0x00, 0x00, 0x00, 0x00,
    0x00, 0x00, 0x00, 0x00, 0x00, 0x00, 0x00, 0x00, 0x00, 0x00, 0x00, 0x00,
    0x00, 0x00, 0x00, 0x00, 0x00, 0x00, 0x00, 0x00, 0x00, 0x00, 0x00, 0x00,
    0x00, 0x00, 0x00, 0x00, 0x00, 0x00, 0x00, 0x00, 0x00, 0x00, 0x00, 0x00,
    0x00, 0x00, 0x00, 0x00, 0x00, 0x00, 0x00, 0x00, 0x00, 0x00, 0x00, 0x00,
    0x00, 0x00, 0x00, 0x00, 0x00, 0x00, 0x00, 0x00, 0x00, 0x00, 0x00, 0x00,
    0x00, 0x00, 0x00, 0x00, 0x00, 0x00, 0x00, 0x00, 0x00, 0x00, 0x00, 0x00,
    0x00, 0x00, 0x00, 0x00, 0x00, 0x00, 0x00, 0x00, 0x00, 0x00, 0x00, 0x00,
    0x00, 0x00, 0x00, 0x00, 0x00, 0x00, 0x00, 0x00, 0x00, 0x00, 0x00, 0x00,
    0x00, 0x00, 0x00, 0x00, 0x00, 0x00, 0x00, 0x00, 0x00, 0x00, 0x00, 0x00,
    0x00, 0x00, 0x00, 0x00, 0x00, 0x00, 0x00, 0x00, 0x00, 0x00, 0x00, 0x00,
    0x00, 0x00, 0x00, 0x00, 0x00, 0x00, 0x00, 0x00, 0x00, 0x00, 0x00, 0x00,
    0x00, 0x00, 0x00, 0x00, 0x00, 0x00, 0x00, 0x00, 0x00, 0x00, 0x00, 0x00,
    0x00, 0x00, 0x00, 0x00, 0x00, 0x00, 0x00, 0x00, 0x00, 0x00, 0x00, 0x00,
    0x00, 0x00, 0x00, 0x00, 0x00, 0x00, 0x00, 0x00, 0x00, 0x00, 0x00, 0x00,
    0x00, 0x00, 0x00, 0x00, 0x00, 0x00, 0x00, 0x00, 0x00, 0x00, 0x00, 0x00,
    0x00, 0x00, 0x00, 0x00, 0x00, 0x00, 0x00, 0x00, 0x00, 0x00, 0x00, 0x00,
    0x92, 0xCD, 0xFF, 0x52, 0x98, 0xD0, 0xFF, 0xB5, 0x98, 0xD0, 0xFF, 0xE1,
    0x90, 0xCC, 0xFF, 0xFF, 0x90, 0xCC, 0xFF, 0xFF, 0x90, 0xCC, 0xFF, 0xFF,
    0x90, 0xCC, 0xFF, 0xFF, 0x90, 0xCC, 0xFF, 0xFF, 0x90, 0xCC, 0xFF, 0xFF,
    0x90, 0xCC, 0xFF, 0xFF, 0x90, 0xCC, 0xFF, 0xFF, 0x90, 0xCC, 0xFF, 0xFF,
    0x90, 0xCC, 0xFF, 0xFF, 0x90, 0xCC, 0xFF, 0xFF, 0x90, 0xCC, 0xFF, 0xFF,
    0x90, 0xCC, 0xFF, 0xFF, 0x90, 0xCC, 0xFF, 0xFF, 0x90, 0xCC, 0xFF, 0xFF,
    0x90, 0xCC, 0xFF, 0xFF, 0x90, 0xCC, 0xFF, 0xFF, 0x90, 0xCC, 0xFF, 0xFF,
    0x90, 0xCC, 0xFF, 0xFF, 0x90, 0xCC, 0xFF, 0xFF, 0x90, 0xCC, 0xFF, 0xFF,
    0x90, 0xCC, 0xFF, 0xFF, 0x90, 0xCC, 0xFF, 0xFF, 0x90, 0xCC, 0xFF, 0xFF,
    0x98, 0xD0, 0xFF, 0xE1, 0x98, 0xD0, 0xFF, 0xB5, 0x92, 0xCD, 0xFF, 0x52,
    0x00, 0x00, 0x00, 0x00, 0x00, 0x00, 0x00, 0x00, 0x00, 0x00, 0x00, 0x00,
    0x00, 0x00, 0x00, 0x00, 0x00, 0x00, 0x00, 0x00, 0x00, 0x00, 0x00, 0x00,
    0x00, 0x00, 0x00, 0x00, 0x00, 0x00, 0x00, 0x00, 0x00, 0x00, 0x00, 0x00,
    0x00, 0x00, 0x00, 0x00, 0x00, 0x00, 0x00, 0x00, 0x00, 0x00, 0x00, 0x00,
    0x00, 0x00, 0x00, 0x00, 0x00, 0x00, 0x00, 0x00, 0x00, 0x00, 0x00, 0x00,
    0x00, 0x00, 0x00, 0x00, 0x8E, 0xCA, 0xFE, 0x33, 0x95, 0xCE, 0xFE, 0xD3,
    0x83, 0xC5, 0xFE, 0xFF, 0x6A, 0xBA, 0xFE, 0xFF, 0x61, 0xB6, 0xFD, 0xFF,
    0x61, 0xB6, 0xFD, 0xFF, 0x61, 0xB6, 0xFD, 0xFF, 0x61, 0xB6, 0xFD, 0xFF,
    0x61, 0xB6, 0xFD, 0xFF, 0x61, 0xB6, 0xFD, 0xFF, 0x61, 0xB6, 0xFD, 0xFF,
    0x61, 0xB6, 0xFD, 0xFF, 0x61, 0xB6, 0xFD, 0xFF, 0x61, 0xB6, 0xFD, 0xFF,
    0x61, 0xB6, 0xFD, 0xFF, 0x61, 0xB6, 0xFD, 0xFF, 0x61, 0xB6, 0xFD, 0xFF,
    0x61, 0xB6, 0xFD, 0xFF, 0x61, 0xB6, 0xFD, 0xFF, 0x61, 0xB6, 0xFD, 0xFF,
    0x61, 0xB6, 0xFD, 0xFF, 0x61, 0xB6, 0xFD, 0xFF, 0x61, 0xB6, 0xFD, 0xFF,
    0x61, 0xB6, 0xFD, 0xFF, 0x61, 0xB6, 0xFD, 0xFF, 0x61, 0xB6, 0xFD, 0xFF,
    0x61, 0xB6, 0xFD, 0xFF, 0x61, 0xB6, 0xFD, 0xFF, 0x61, 0xB6, 0xFD, 0xFF,
    0x61, 0xB6, 0xFD, 0xFF, 0x6A, 0xBA, 0xFE, 0xFF, 0x83, 0xC5, 0xFE, 0xFF,
    0x95, 0xCE, 0xFE, 0xD3, 0x8E, 0xCA, 0xFE, 0x33, 0x00, 0x00, 0x00, 0x00,
    0x00, 0x00, 0x00, 0x00, 0x00, 0x00, 0x00, 0x00, 0x00, 0x00, 0x00, 0x00,
    0x00, 0x00, 0x00, 0x00, 0x00, 0x00, 0x00, 0x00, 0x00, 0x00, 0x00, 0x00,
    0x00, 0x00, 0x00, 0x00, 0x00, 0x00, 0x00, 0x00, 0x00, 0x00, 0x00, 0x00,
    0x00, 0x00, 0x00, 0x00, 0x00, 0x00, 0x00, 0x00, 0x00, 0x00, 0x00, 0x00,
    0x8B, 0xC8, 0xFB, 0x56, 0x8C, 0xC9, 0xFD, 0xF6, 0x68, 0xB8, 0xFD, 0xFF,
    0x5F, 0xB4, 0xFC, 0xFF, 0x5F, 0xB4, 0xFC, 0xFF, 0x5F, 0xB4, 0xFC, 0xFF,
    0x5F, 0xB4, 0xFC, 0xFF, 0x5F, 0xB4, 0xFC, 0xFF, 0x5F, 0xB4, 0xFC, 0xFF,
    0x5F, 0xB4, 0xFC, 0xFF, 0x5F, 0xB4, 0xFC, 0xFF, 0x5F, 0xB4, 0xFC, 0xFF,
    0x5F, 0xB4, 0xFC, 0xFF, 0x5F, 0xB4, 0xFC, 0xFF, 0x5F, 0xB4, 0xFC, 0xFF,
    0x5F, 0xB4, 0xFC, 0xFF, 0x5F, 0xB4, 0xFC, 0xFF, 0x5F, 0xB4, 0xFC, 0xFF,
    0x5F, 0xB4, 0xFC, 0xFF, 0x5F, 0xB4, 0xFC, 0xFF, 0x5F, 0xB4, 0xFC, 0xFF,
    0x5F, 0xB4, 0xFC, 0xFF, 0x5F, 0xB4, 0xFC, 0xFF, 0x5F, 0xB4, 0xFC, 0xFF,
    0x5F, 0xB4, 0xFC, 0xFF, 0x5F, 0xB4, 0xFC, 0xFF, 0x5F, 0xB4, 0xFC, 0xFF,
    0x5F, 0xB4, 0xFC, 0xFF, 0x5F, 0xB4, 0xFC, 0xFF, 0x5F, 0xB4, 0xFC, 0xFF,
    0x5F, 0xB4, 0xFC, 0xFF, 0x5F, 0xB4, 0xFC, 0xFF, 0x5F, 0xB4, 0xFC, 0xFF,
    0x68, 0xB8, 0xFD, 0xFF, 0x8C, 0xC9, 0xFD, 0xF6, 0x8B, 0xC8, 0xFB, 0x56,
    0x00, 0x00, 0x00, 0x00, 0x00, 0x00, 0x00, 0x00, 0x00, 0x00, 0x00, 0x00,
    0x00, 0x00, 0x00, 0x00, 0x00, 0x00, 0x00, 0x00, 0x00, 0x00, 0x00, 0x00,
    0x00, 0x00, 0x00, 0x00, 0x00, 0x00, 0x00, 0x00, 0x00, 0x00, 0x00, 0x00,
    0x00, 0x00, 0x00, 0x00, 0x00, 0x00, 0x00, 0x00, 0x84, 0xC0, 0xF3, 0x42,
    0x88, 0xC6, 0xFC, 0xF8, 0x60, 0xB4, 0xFC, 0xFF, 0x5D, 0xB2, 0xFB, 0xFF,
    0x5D, 0xB2, 0xFB, 0xFF, 0x5D, 0xB2, 0xFB, 0xFF, 0x5D, 0xB2, 0xFB, 0xFF,
    0x5D, 0xB2, 0xFB, 0xFF, 0x5D, 0xB2, 0xFB, 0xFF, 0x5D, 0xB2, 0xFB, 0xFF,
    0x5D, 0xB2, 0xFB, 0xFF, 0x5D, 0xB2, 0xFB, 0xFF, 0x5D, 0xB2, 0xFB, 0xFF,
    0x5D, 0xB2, 0xFB, 0xFF, 0x5D, 0xB2, 0xFB, 0xFF, 0x5D, 0xB2, 0xFB, 0xFF,
    0x5D, 0xB2, 0xFB, 0xFF, 0x5D, 0xB2, 0xFB, 0xFF, 0x5D, 0xB2, 0xFB, 0xFF,
    0x5D, 0xB2, 0xFB, 0xFF, 0x5D, 0xB2, 0xFB, 0xFF, 0x5D, 0xB2, 0xFB, 0xFF,
    0x5D, 0xB2, 0xFB, 0xFF, 0x5D, 0xB2, 0xFB, 0xFF, 0x5D, 0xB2, 0xFB, 0xFF,
    0x5D, 0xB2, 0xFB, 0xFF, 0x5D, 0xB2, 0xFB, 0xFF, 0x5D, 0xB2, 0xFB, 0xFF,
    0x5D, 0xB2, 0xFB, 0xFF, 0x5D, 0xB2, 0xFB, 0xFF, 0x5D, 0xB2, 0xFB, 0xFF,
    0x5D, 0xB2, 0xFB, 0xFF, 0x5D, 0xB2, 0xFB, 0xFF, 0x5D, 0xB2, 0xFB, 0xFF,
    0x5D, 0xB2, 0xFB, 0xFF, 0x60, 0xB4, 0xFC, 0xFF, 0x88, 0xC6, 0xFC, 0xF8,
    0x84, 0xC0, 0xF3, 0x42, 0x00, 0x00, 0x00, 0x00, 0x00, 0x00, 0x00, 0x00,
    0x00, 0x00, 0x00, 0x00, 0x00, 0x00, 0x00, 0x00, 0x00, 0x00, 0x00, 0x00,
    0x00, 0x00, 0x00, 0x00, 0x00, 0x00, 0x00, 0x00, 0x00, 0x00, 0x00, 0x00,
    0x00, 0x00, 0x00, 0x00, 0x57, 0x82, 0xA7, 0x0B, 0x88, 0xC4, 0xF8, 0xE3,
    0x61, 0xB3, 0xFB, 0xFF, 0x5C, 0xB1, 0xFA, 0xFF, 0x5C, 0xB1, 0xFA, 0xFF,
    0x5C, 0xB1, 0xFA, 0xFF, 0x5C, 0xB1, 0xFA, 0xFF, 0x5C, 0xB1, 0xFA, 0xFF,
    0x5C, 0xB1, 0xFA, 0xFF, 0x5C, 0xB1, 0xFA, 0xFF, 0x5C, 0xB1, 0xFA, 0xFF,
    0x5C, 0xB1, 0xFA, 0xFF, 0x5C, 0xB1, 0xFA, 0xFF, 0x5C, 0xB1, 0xFA, 0xFF,
    0x5C, 0xB1, 0xFA, 0xFF, 0x5C, 0xB1, 0xFA, 0xFF, 0x5C, 0xB1, 0xFA, 0xFF,
    0x5C, 0xB1, 0xFA, 0xFF, 0x5C, 0xB1, 0xFA, 0xFF, 0x5C, 0xB1, 0xFA, 0xFF,
    0x5C, 0xB1, 0xFA, 0xFF, 0x5C, 0xB1, 0xFA, 0xFF, 0x5C, 0xB1, 0xFA, 0xFF,
    0x5C, 0xB1, 0xFA, 0xFF, 0x5C, 0xB1, 0xFA, 0xFF, 0x5C, 0xB1, 0xFA, 0xFF,
    0x5C, 0xB1, 0xFA, 0xFF, 0x5C, 0xB1, 0xFA, 0xFF, 0x5C, 0xB1, 0xFA, 0xFF,
    0x5C, 0xB1, 0xFA, 0xFF, 0x5C, 0xB1, 0xFA, 0xFF, 0x5C, 0xB1, 0xFA, 0xFF,
    0x5C, 0xB1, 0xFA, 0xFF, 0x5C, 0xB1, 0xFA, 0xFF, 0x5C, 0xB1, 0xFA, 0xFF,
    0x5C, 0xB1, 0xFA, 0xFF, 0x5C, 0xB1, 0xFA, 0xFF, 0x61, 0xB3, 0xFB, 0xFF,
    0x88, 0xC4, 0xF8, 0xE3, 0x57, 0x82, 0xA7, 0x0B, 0x00, 0x00, 0x00, 0x00,
    0x00, 0x00, 0x00, 0x00, 0x00, 0x00, 0x00, 0x00, 0x00, 0x00, 0x00, 0x00,
    0x00, 0x00, 0x00, 0x00, 0x00, 0x00, 0x00, 0x00, 0x00, 0x00, 0x00, 0x00,
    0x00, 0x00, 0x00, 0x02, 0x79, 0xB2, 0xE4, 0x83, 0x71, 0xBA, 0xFA, 0xFF,
    0x5A, 0xAF, 0xF9, 0xFF, 0x5A, 0xAF, 0xF9, 0xFF, 0x5A, 0xAF, 0xF9, 0xFF,
    0x5A, 0xAF, 0xF9, 0xFF, 0x5A, 0xAF, 0xF9, 0xFF, 0x5A, 0xAF, 0xF9, 0xFF,
    0x5A, 0xAF, 0xF9, 0xFF, 0x5A, 0xAF, 0xF9, 0xFF, 0x5A, 0xAF, 0xF9, 0xFF,
    0x5A, 0xAF, 0xF9, 0xFF, 0x5A, 0xAF, 0xF9, 0xFF, 0x5A, 0xAF, 0xF9, 0xFF,
    0x5A, 0xAF, 0xF9, 0xFF, 0x5A, 0xAF, 0xF9, 0xFF, 0x5A, 0xAF, 0xF9, 0xFF,
    0x5A, 0xAF, 0xF9, 0xFF, 0x5A, 0xAF, 0xF9, 0xFF, 0x5A, 0xAF, 0xF9, 0xFF,
    0x5A, 0xAF, 0xF9, 0xFF, 0x5A, 0xAF, 0xF9, 0xFF, 0x5A, 0xAF, 0xF9, 0xFF,
    0x5A, 0xAF, 0xF9, 0xFF, 0x5A, 0xAF, 0xF9, 0xFF, 0x5A, 0xAF, 0xF9, 0xFF,
    0x5A, 0xAF, 0xF9, 0xFF, 0x5A, 0xAF, 0xF9, 0xFF, 0x5A, 0xAF, 0xF9, 0xFF,
    0x5A, 0xAF, 0xF9, 0xFF, 0x5A, 0xAF, 0xF9, 0xFF, 0x5A, 0xAF, 0xF9, 0xFF,
    0x5A, 0xAF, 0xF9, 0xFF, 0x5A, 0xAF, 0xF9, 0xFF, 0x5A, 0xAF, 0xF9, 0xFF,
    0x5A, 0xAF, 0xF9, 0xFF, 0x5A, 0xAF, 0xF9, 0xFF, 0x5A, 0xAF, 0xF9, 0xFF,
    0x71, 0xBA, 0xFA, 0xFF, 0x79, 0xB2, 0xE4, 0x83, 0x00, 0x00, 0x00, 0x02,
    0x00, 0x00, 0x00, 0x00, 0x00, 0x00, 0x00, 0x00, 0x00, 0x00, 0x00, 0x00,
    0x00, 0x00, 0x00, 0x00, 0x00, 0x00, 0x00, 0x00, 0x00, 0x00, 0x00, 0x00,
    0x00, 0x00, 0x00, 0x0E, 0x80, 0xBD, 0xF3, 0xD9, 0x5B, 0xAF, 0xF9, 0xFF,
    0x59, 0xAD, 0xF8, 0xFF, 0x59, 0xAD, 0xF8, 0xFF, 0x59, 0xAD, 0xF8, 0xFF,
    0x59, 0xAD, 0xF8, 0xFF, 0x59, 0xAD, 0xF8, 0xFF, 0x59, 0xAD, 0xF8, 0xFF,
    0x59, 0xAD, 0xF8, 0xFF, 0x59, 0xAD, 0xF8, 0xFF, 0x59, 0xAD, 0xF8, 0xFF,
    0x59, 0xAD, 0xF8, 0xFF, 0x59, 0xAD, 0xF8, 0xFF, 0x59, 0xAD, 0xF8, 0xFF,
    0x59, 0xAD, 0xF8, 0xFF, 0x59, 0xAD, 0xF8, 0xFF, 0x59, 0xAD, 0xF8, 0xFF,
    0x59, 0xAD, 0xF8, 0xFF, 0x59, 0xAD, 0xF8, 0xFF, 0x59, 0xAD, 0xF8, 0xFF,
    0x59, 0xAD, 0xF8, 0xFF, 0x59, 0xAD, 0xF8, 0xFF, 0x59, 0xAD, 0xF8, 0xFF,
    0x59, 0xAD, 0xF8, 0xFF, 0x59, 0xAD, 0xF8, 0xFF, 0x59, 0xAD, 0xF8, 0xFF,
    0x59, 0xAD, 0xF8, 0xFF, 0x59, 0xAD, 0xF8, 0xFF, 0x59, 0xAD, 0xF8, 0xFF,
    0x59, 0xAD, 0xF8, 0xFF, 0x59, 0xAD, 0xF8, 0xFF, 0x59, 0xAD, 0xF8, 0xFF,
    0x59, 0xAD, 0xF8, 0xFF, 0x59, 0xAD, 0xF8, 0xFF, 0x59, 0xAD, 0xF8, 0xFF,
    0x59, 0xAD, 0xF8, 0xFF, 0x59, 0xAD, 0xF8, 0xFF, 0x59, 0xAD, 0xF8, 0xFF,
    0x5B, 0xAF, 0xF9, 0xFF, 0x80, 0xBD, 0xF3, 0xD9, 0x00, 0x00, 0x00, 0x0E,
    0x00, 0x00, 0x00, 0x00, 0x00, 0x00, 0x00, 0x00, 0x00, 0x00, 0x00, 0x00,
    0x00, 0x00, 0x00, 0x00, 0x00, 0x00, 0x00, 0x00, 0x00, 0x00, 0x00, 0x04,
    0x30, 0x4A, 0x61, 0x28, 0x78, 0xBC, 0xF9, 0xFE, 0x57, 0xAC, 0xF7, 0xFF,
    0x57, 0xAC, 0xF7, 0xFF, 0x57, 0xAC, 0xF7, 0xFF, 0x57, 0xAC, 0xF7, 0xFF,
    0x57, 0xAC, 0xF7, 0xFF, 0x57, 0xAC, 0xF7, 0xFF, 0x57, 0xAC, 0xF7, 0xFF,
    0x57, 0xAC, 0xF7, 0xFF, 0x57, 0xAC, 0xF7, 0xFF, 0x57, 0xAC, 0xF7, 0xFF,
    0x57, 0xAC, 0xF7, 0xFF, 0x57, 0xAC, 0xF7, 0xFF, 0x57, 0xAC, 0xF7, 0xFF,
    0x57, 0xAC, 0xF7, 0xFF, 0x57, 0xAC, 0xF7, 0xFF, 0x57, 0xAC, 0xF7, 0xFF,
    0x57, 0xAC, 0xF7, 0xFF, 0x57, 0xAC, 0xF7, 0xFF, 0x57, 0xAC, 0xF7, 0xFF,
    0x57, 0xAC, 0xF7, 0xFF, 0x57, 0xAC, 0xF7, 0xFF, 0x57, 0xAC, 0xF7, 0xFF,
    0x57, 0xAC, 0xF7, 0xFF, 0x57, 0xAC, 0xF7, 0xFF, 0x57, 0xAC, 0xF7, 0xFF,
    0x57, 0xAC, 0xF7, 0xFF, 0x57, 0xAC, 0xF7, 0xFF, 0x57, 0xAC, 0xF7, 0xFF,
    0x57, 0xAC, 0xF7, 0xFF, 0x57, 0xAC, 0xF7, 0xFF, 0x57, 0xAC, 0xF7, 0xFF,
    0x57, 0xAC, 0xF7, 0xFF, 0x57, 0xAC, 0xF7, 0xFF, 0x57, 0xAC, 0xF7, 0xFF,
    0x57, 0xAC, 0xF7, 0xFF, 0x57, 0xAC, 0xF7, 0xFF, 0x57, 0xAC, 0xF7, 0xFF,
    0x57, 0xAC, 0xF7, 0xFF, 0x78, 0xBC, 0xF9, 0xFE, 0x30, 0x4A, 0x61, 0x28,
    0x00, 0x00, 0x00, 0x04, 0x00, 0x00, 0x00, 0x00, 0x00, 0x00, 0x00, 0x00,
    0x00, 0x00, 0x00, 0x00, 0x00, 0x00, 0x00, 0x00, 0x00, 0x00, 0x00, 0x0C,
    0x54, 0x83, 0xAC, 0x55, 0x6E, 0xB7, 0xF8, 0xFF, 0x55, 0xAA, 0xF6, 0xFF,
    0x55, 0xAA, 0xF6, 0xFF, 0x55, 0xAA, 0xF6, 0xFF, 0x55, 0xAA, 0xF6, 0xFF,
    0x55, 0xAA, 0xF6, 0xFF, 0x55, 0xAA, 0xF6, 0xFF, 0x55, 0xAA, 0xF6, 0xFF,
    0x55, 0xAA, 0xF6, 0xFF, 0x55, 0xAA, 0xF6, 0xFF, 0x55, 0xAA, 0xF6, 0xFF,
    0x55, 0xAA, 0xF6, 0xFF, 0x55, 0xAA, 0xF6, 0xFF, 0x55, 0xAA, 0xF6, 0xFF,
    0x55, 0xAA, 0xF6, 0xFF, 0x55, 0xAA, 0xF6, 0xFF, 0x55, 0xAA, 0xF6, 0xFF,
    0x55, 0xAA, 0xF6, 0xFF, 0x55, 0xAA, 0xF6, 0xFF, 0x55, 0xAA, 0xF6, 0xFF,
    0x55, 0xAA, 0xF6, 0xFF, 0x55, 0xAA, 0xF6, 0xFF, 0x55, 0xAA, 0xF6, 0xFF,
    0x55, 0xAA, 0xF6, 0xFF, 0x55, 0xAA, 0xF6, 0xFF, 0x55, 0xAA, 0xF6, 0xFF,
    0x55, 0xAA, 0xF6, 0xFF, 0x55, 0xAA, 0xF6, 0xFF, 0x55, 0xAA, 0xF6, 0xFF,
    0x55, 0xAA, 0xF6, 0xFF, 0x55, 0xAA, 0xF6, 0xFF, 0x55, 0xAA, 0xF6, 0xFF,
    0x55, 0xAA, 0xF6, 0xFF, 0x55, 0xAA, 0xF6, 0xFF, 0x55, 0xAA, 0xF6, 0xFF,
    0x55, 0xAA, 0xF6, 0xFF, 0x55, 0xAA, 0xF6, 0xFF, 0x55, 0xAA, 0xF6, 0xFF,
    0x55, 0xAA, 0xF6, 0xFF, 0x6E, 0xB7, 0xF8, 0xFF, 0x54, 0x83, 0xAC, 0x55,
    0x00, 0x00, 0x00, 0x0C, 0x00, 0x00, 0x00, 0x00, 0x00, 0x00, 0x00, 0x00,
    0x00, 0x00, 0x00, 0x00, 0x00, 0x00, 0x00, 0x01, 0x00, 0x00, 0x00, 0x14,
    0x57, 0x88, 0xB5, 0x66, 0x69, 0xB3, 0xF7, 0xFF, 0x54, 0xA9, 0xF5, 0xFF,
    0x54, 0xA9, 0xF5, 0xFF, 0x54, 0xA9, 0xF5, 0xFF, 0x54, 0xA9, 0xF5, 0xFF,
    0x54, 0xA9, 0xF5, 0xFF, 0x54, 0xA9, 0xF5, 0xFF, 0x54, 0xA9, 0xF5, 0xFF,
    0x54, 0xA9, 0xF5, 0xFF, 0x54, 0xA9, 0xF5, 0xFF, 0x54, 0xA9, 0xF5, 0xFF,
    0x54, 0xA9, 0xF5, 0xFF, 0x54, 0xA9, 0xF5, 0xFF, 0x54, 0xA9, 0xF5, 0xFF,
    0x54, 0xA9, 0xF5, 0xFF, 0x54, 0xA9, 0xF5, 0xFF, 0x54, 0xA9, 0xF5, 0xFF,
    0x54, 0xA9, 0xF5, 0xFF, 0x54, 0xA9, 0xF5, 0xFF, 0x54, 0xA9, 0xF5, 0xFF,
    0x54, 0xA9, 0xF5, 0xFF, 0x54, 0xA9, 0xF5, 0xFF, 0x54, 0xA9, 0xF5, 0xFF,
    0x54, 0xA9, 0xF5, 0xFF, 0x54, 0xA9, 0xF5, 0xFF, 0x54, 0xA9, 0xF5, 0xFF,
    0x54, 0xA9, 0xF5, 0xFF, 0x54, 0xA9, 0xF5, 0xFF, 0x54, 0xA9, 0xF5, 0xFF,
    0x54, 0xA9, 0xF5, 0xFF, 0x54, 0xA9, 0xF5, 0xFF, 0x54, 0xA9, 0xF5, 0xFF,
    0x54, 0xA9, 0xF5, 0xFF, 0x54, 0xA9, 0xF5, 0xFF, 0x54, 0xA9, 0xF5, 0xFF,
    0x54, 0xA9, 0xF5, 0xFF, 0x54, 0xA9, 0xF5, 0xFF, 0x54, 0xA9, 0xF5, 0xFF,
    0x54, 0xA9, 0xF5, 0xFF, 0x69, 0xB3, 0xF7, 0xFF, 0x57, 0x88, 0xB5, 0x66,
    0x00, 0x00, 0x00, 0x14, 0x00, 0x00, 0x00, 0x01, 0x00, 0x00, 0x00, 0x00,
    0x00, 0x00, 0x00, 0x00, 0x00, 0x00, 0x00, 0x04, 0x00, 0x00, 0x00, 0x16,
    0x53, 0x84, 0xB1, 0x68, 0x66, 0xB1, 0xF6, 0xFF, 0x52, 0xA7, 0xF4, 0xFF,
    0x52, 0xA7, 0xF4, 0xFF, 0x52, 0xA7, 0xF4, 0xFF, 0x52, 0xA7, 0xF4, 0xFF,
    0x52, 0xA7, 0xF4, 0xFF, 0x52, 0xA7, 0xF4, 0xFF, 0x52, 0xA7, 0xF4, 0xFF,
    0x52, 0xA7, 0xF4, 0xFF, 0x52, 0xA7, 0xF4, 0xFF, 0x52, 0xA7, 0xF4, 0xFF,
    0x52, 0xA7, 0xF4, 0xFF, 0x52, 0xA7, 0xF4, 0xFF, 0x52, 0xA7, 0xF4, 0xFF,
    0x52, 0xA7, 0xF4, 0xFF, 0x52, 0xA7, 0xF4, 0xFF, 0x52, 0xA7, 0xF4, 0xFF,
    0x52, 0xA7, 0xF4, 0xFF, 0x52, 0xA7, 0xF4, 0xFF, 0x52, 0xA7, 0xF4, 0xFF,
    0x52, 0xA7, 0xF4, 0xFF, 0x52, 0xA7, 0xF4, 0xFF, 0x52, 0xA7, 0xF4, 0xFF,
    0x52, 0xA7, 0xF4, 0xFF, 0x52, 0xA7, 0xF4, 0xFF, 0x52, 0xA7, 0xF4, 0xFF,
    0x52, 0xA7, 0xF4, 0xFF, 0x52, 0xA7, 0xF4, 0xFF, 0x52, 0xA7, 0xF4, 0xFF,
    0x52, 0xA7, 0xF4, 0xFF, 0x52, 0xA7, 0xF4, 0xFF, 0x52, 0xA7, 0xF4, 0xFF,
    0x52, 0xA7, 0xF4, 0xFF, 0x52, 0xA7, 0xF4, 0xFF, 0x52, 0xA7, 0xF4, 0xFF,
    0x52, 0xA7, 0xF4, 0xFF, 0x52, 0xA7, 0xF4, 0xFF, 0x52, 0xA7, 0xF4, 0xFF,
    0x52, 0xA7, 0xF4, 0xFF, 0x66, 0xB1, 0xF6, 0xFF, 0x53, 0x84, 0xB1, 0x68,
    0x00, 0x00, 0x00, 0x16, 0x00, 0x00, 0x00, 0x04, 0x00, 0x00, 0x00, 0x00,
    0x00, 0x00, 0x00, 0x00, 0x00, 0x00, 0x00, 0x06, 0x00, 0x00, 0x00, 0x18,
    0x50, 0x81, 0xAE, 0x68, 0x63, 0xAF, 0xF5, 0xFF, 0x51, 0xA5, 0xF3, 0xFF,
    0x51, 0xA5, 0xF3, 0xFF, 0x51, 0xA5, 0xF3, 0xFF, 0x51, 0xA5, 0xF3, 0xFF,
    0x51, 0xA5, 0xF3, 0xFF, 0x58, 0xA9, 0xF4, 0xFF, 0xAD, 0xD5, 0xFB, 0xFF,
    0xBC, 0xDD, 0xFC, 0xFF, 0xBC, 0xDD, 0xFC, 0xFF, 0xBC, 0xDD, 0xFC, 0xFF,
    0xBC, 0xDD, 0xFC, 0xFF, 0xBC, 0xDD, 0xFC, 0xFF, 0xBC, 0xDD, 0xFC, 0xFF,
    0xBC, 0xDD, 0xFC, 0xFF, 0xBC, 0xDD, 0xFC, 0xFF, 0xBC, 0xDD, 0xFC, 0xFF,
    0xAD, 0xD5, 0xFB, 0xFF, 0x58, 0xA9, 0xF4, 0xFF, 0x51, 0xA5, 0xF3, 0xFF,
    0x51, 0xA5, 0xF3, 0xFF, 0x51, 0xA5, 0xF3, 0xFF, 0x51, 0xA5, 0xF3, 0xFF,
    0x51, 0xA5, 0xF3, 0xFF, 0x51, 0xA5, 0xF3, 0xFF, 0x51, 0xA5, 0xF3, 0xFF,
    0x51, 0xA5, 0xF3, 0xFF, 0x51, 0xA5, 0xF3, 0xFF, 0x51, 0xA5, 0xF3, 0xFF,
    0x51, 0xA5, 0xF3, 0xFF, 0x51, 0xA5, 0xF3, 0xFF, 0x51, 0xA5, 0xF3, 0xFF,
    0x51, 0xA5, 0xF3, 0xFF, 0x51, 0xA5, 0xF3, 0xFF, 0x51, 0xA5, 0xF3, 0xFF,
    0x51, 0xA5, 0xF3, 0xFF, 0x51, 0xA5, 0xF3, 0xFF, 0x51, 0xA5, 0xF3, 0xFF,
    0x51, 0xA5, 0xF3, 0xFF, 0x63, 0xAF, 0xF5, 0xFF, 0x50, 0x81, 0xAE, 0x68,
    0x00, 0x00, 0x00, 0x18, 0x00, 0x00, 0x00, 0x06, 0x00, 0x00, 0x00, 0x00,
    0x00, 0x00, 0x00, 0x00, 0x00, 0x00, 0x00, 0x07, 0x00, 0x00, 0x00, 0x18,
    0x4D, 0x7E, 0xAC, 0x68, 0x60, 0xAD, 0xF4, 0xFF, 0x4F, 0xA4, 0xF2, 0xFF,
    0x4F, 0xA4, 0xF2, 0xFF, 0x4F, 0xA4, 0xF2, 0xFF, 0x4F, 0xA4, 0xF2, 0xFF,
    0x4F, 0xA4, 0xF2, 0xFF, 0x91, 0xC6, 0xF8, 0xFF, 0xE0, 0xEF, 0xFE, 0xFF,
    0xE0, 0xEF, 0xFE, 0xFF, 0xE0, 0xEF, 0xFE, 0xFF, 0xE0, 0xEF, 0xFE, 0xFF,
    0xE0, 0xEF, 0xFE, 0xFF, 0xE0, 0xEF, 0xFE, 0xFF, 0xE0, 0xEF, 0xFE, 0xFF,
    0xE0, 0xEF, 0xFE, 0xFF, 0xE0, 0xEF, 0xFE, 0xFF, 0xE0, 0xEF, 0xFE, 0xFF,
    0xE0, 0xEF, 0xFE, 0xFF, 0x91, 0xC6, 0xF8, 0xFF, 0x4F, 0xA4, 0xF2, 0xFF,
    0x4F, 0xA4, 0xF2, 0xFF, 0x4F, 0xA4, 0xF2, 0xFF, 0x4F, 0xA4, 0xF2, 0xFF,
    0x4F, 0xA4, 0xF2, 0xFF, 0x4F, 0xA4, 0xF2, 0xFF, 0x4F, 0xA4, 0xF2, 0xFF,
    0x4F, 0xA4, 0xF2, 0xFF, 0x4F, 0xA4, 0xF2, 0xFF, 0x4F, 0xA4, 0xF2, 0xFF,
    0x4F, 0xA4, 0xF2, 0xFF, 0x4F, 0xA4, 0xF2, 0xFF, 0x4F, 0xA4, 0xF2, 0xFF,
    0x4F, 0xA4, 0xF2, 0xFF, 0x4F, 0xA4, 0xF2, 0xFF, 0x4F, 0xA4, 0xF2, 0xFF,
    0x4F, 0xA4, 0xF2, 0xFF, 0x4F, 0xA4, 0xF2, 0xFF, 0x4F, 0xA4, 0xF2, 0xFF,
    0x4F, 0xA4, 0xF2, 0xFF, 0x60, 0xAD, 0xF4, 0xFF, 0x4D, 0x7E, 0xAC, 0x68,
    0x00, 0x00, 0x00, 0x18, 0x00, 0x00, 0x00, 0x07, 0x00, 0x00, 0x00, 0x00,
    0x00, 0x00, 0x00, 0x00, 0x00, 0x00, 0x00, 0x07, 0x00, 0x00, 0x00, 0x18,
    0x4A, 0x7C, 0xAB, 0x67, 0x5D, 0xAA, 0xF3, 0xFF, 0x4D, 0xA2, 0xF1, 0xFF,
    0x4D, 0xA2, 0xF1, 0xFF, 0x4D, 0xA2, 0xF1, 0xFF, 0x4D, 0xA2, 0xF1, 0xFF,
    0x4D, 0xA2, 0xF1, 0xFF, 0x97, 0xC8, 0xF8, 0xFF, 0xE2, 0xF0, 0xFE, 0xFF,
    0xED, 0xF6, 0xFF, 0xFF, 0xF0, 0xF7, 0xFF, 0xFF, 0xF0, 0xF7, 0xFF, 0xFF,
    0xF0, 0xF7, 0xFF, 0xFF, 0xF0, 0xF7, 0xFF, 0xFF, 0xF0, 0xF7, 0xFF, 0xFF,
    0xF0, 0xF7, 0xFF, 0xFF, 0xF0, 0xF7, 0xFF, 0xFF, 0xF0, 0xF7, 0xFF, 0xFF,
    0xF0, 0xF7, 0xFF, 0xFF, 0xCB, 0xE4, 0xFB, 0xFF, 0xA6, 0xD1, 0xF8, 0xFF,
    0xA6, 0xD1, 0xF8, 0xFF, 0xA6, 0xD1, 0xF8, 0xFF, 0xA6, 0xD1, 0xF8, 0xFF,
    0xA6, 0xD1, 0xF8, 0xFF, 0xA6, 0xD1, 0xF8, 0xFF, 0xA6, 0xD1, 0xF8, 0xFF,
    0xA6, 0xD1, 0xF8, 0xFF, 0xA6, 0xD1, 0xF8, 0xFF, 0xA6, 0xD1, 0xF8, 0xFF,
    0xA6, 0xD1, 0xF8, 0xFF, 0xA6, 0xD1, 0xF8, 0xFF, 0x97, 0xC9, 0xF7, 0xFF,
    0x57, 0xA7, 0xF2, 0xFF, 0x4D, 0xA2, 0xF1, 0xFF, 0x4D, 0xA2, 0xF1, 0xFF,
    0x4D, 0xA2, 0xF1, 0xFF, 0x4D, 0xA2, 0xF1, 0xFF, 0x4D, 0xA2, 0xF1, 0xFF,
    0x4D, 0xA2, 0xF1, 0xFF, 0x5D, 0xAA, 0xF3, 0xFF, 0x4A, 0x7C, 0xAB, 0x67,
    0x00, 0x00, 0x00, 0x18, 0x00, 0x00, 0x00, 0x07, 0x00, 0x00, 0x00, 0x00,
    0x00, 0x00, 0x00, 0x00, 0x00, 0x00, 0x00, 0x07, 0x00, 0x00, 0x00, 0x18,
    0x47, 0x7A, 0xA9, 0x66, 0x5A, 0xA8, 0xF2, 0xFF, 0x4C, 0xA0, 0xF0, 0xFF,
    0x4C, 0xA0, 0xF0, 0xFF, 0x4C, 0xA0, 0xF0, 0xFF, 0x4C, 0xA0, 0xF0, 0xFF,
    0x4C, 0xA0, 0xF0, 0xFF, 0x94, 0xC7, 0xF7, 0xFF, 0xF9, 0xFB, 0xFE, 0xFF,
    0xFD, 0xFE, 0xFE, 0xFF, 0xFD, 0xFE, 0xFE, 0xFF, 0xFD, 0xFE, 0xFE, 0xFF,
    0xFD, 0xFE, 0xFE, 0xFF, 0xFD, 0xFE, 0xFE, 0xFF, 0xFD, 0xFE, 0xFE, 0xFF,
    0xFD, 0xFE, 0xFE, 0xFF, 0xFD, 0xFE, 0xFE, 0xFF, 0xFD, 0xFE, 0xFE, 0xFF,
    0xFD, 0xFE, 0xFE, 0xFF, 0xFD, 0xFE, 0xFE, 0xFF, 0xFD, 0xFE, 0xFE, 0xFF,
    0xFD, 0xFE, 0xFE, 0xFF, 0xFD, 0xFE, 0xFE, 0xFF, 0xFD, 0xFE, 0xFE, 0xFF,
    0xFD, 0xFE, 0xFE, 0xFF, 0xFD, 0xFE, 0xFE, 0xFF, 0xFD, 0xFE, 0xFE, 0xFF,
    0xFD, 0xFE, 0xFE, 0xFF, 0xFD, 0xFE, 0xFE, 0xFF, 0xFD, 0xFE, 0xFE, 0xFF,
    0xFD, 0xFE, 0xFE, 0xFF, 0xFD, 0xFE, 0xFE, 0xFF, 0xFD, 0xFE, 0xFE, 0xFF,
    0xE2, 0xEF, 0xFC, 0xFF, 0x55, 0xA5, 0xF1, 0xFF, 0x4C, 0xA0, 0xF0, 0xFF,
    0x4C, 0xA0, 0xF0, 0xFF, 0x4C, 0xA0, 0xF0, 0xFF, 0x4C, 0xA0, 0xF0, 0xFF,
    0x4C, 0xA0, 0xF0, 0xFF, 0x5A, 0xA8, 0xF2, 0xFF, 0x47, 0x7A, 0xA9, 0x66,
    0x00, 0x00, 0x00, 0x18, 0x00, 0x00, 0x00, 0x07, 0x00, 0x00, 0x00, 0x00,
    0x00, 0x00, 0x00, 0x00, 0x00, 0x00, 0x00, 0x07, 0x00, 0x00, 0x00, 0x18,
    0x44, 0x77, 0xA8, 0x66, 0x57, 0xA6, 0xF0, 0xFF, 0x4A, 0x9F, 0xEF, 0xFF,
    0x4A, 0x9F, 0xEF, 0xFF, 0x4A, 0x9F, 0xEF, 0xFF, 0x4A, 0x9F, 0xEF, 0xFF,
    0x4A, 0x9F, 0xEF, 0xFF, 0x96, 0xC7, 0xF6, 0xFF, 0xFB, 0xFC, 0xFE, 0xFF,
    0xFB, 0xFC, 0xFE, 0xFF, 0xFB, 0xFC, 0xFE, 0xFF, 0xFB, 0xFC, 0xFE, 0xFF,
    0xFB, 0xFC, 0xFE, 0xFF, 0xFB, 0xFC, 0xFE, 0xFF, 0xFB, 0xFC, 0xFE, 0xFF,
    0xFB, 0xFC, 0xFE, 0xFF, 0xFB, 0xFC, 0xFE, 0xFF, 0xFB, 0xFC, 0xFE, 0xFF,
    0xFB, 0xFC, 0xFE, 0xFF, 0xFB, 0xFC, 0xFE, 0xFF, 0xFB, 0xFC, 0xFE, 0xFF,
    0xFB, 0xFC, 0xFE, 0xFF, 0xFB, 0xFC, 0xFE, 0xFF, 0xFB, 0xFC, 0xFE, 0xFF,
    0xFB, 0xFC, 0xFE, 0xFF, 0xFB, 0xFC, 0xFE, 0xFF, 0xFB, 0xFC, 0xFE, 0xFF,
    0xFB, 0xFC, 0xFE, 0xFF, 0xFB, 0xFC, 0xFE, 0xFF, 0xFB, 0xFC, 0xFE, 0xFF,
    0xFB, 0xFC, 0xFE, 0xFF, 0xFB, 0xFC, 0xFE, 0xFF, 0xFB, 0xFC, 0xFE, 0xFF,
    0xFB, 0xFC, 0xFE, 0xFF, 0x92, 0xC5, 0xF5, 0xFF, 0x4A, 0x9F, 0xEF, 0xFF,
    0x4A, 0x9F, 0xEF, 0xFF, 0x4A, 0x9F, 0xEF, 0xFF, 0x4A, 0x9F, 0xEF, 0xFF,
    0x4A, 0x9F, 0xEF, 0xFF, 0x57, 0xA6, 0xF0, 0xFF, 0x44, 0x77, 0xA8, 0x66,
    0x00, 0x00, 0x00, 0x18, 0x00, 0x00, 0x00, 0x07, 0x00, 0x00, 0x00, 0x00,
    0x00, 0x00, 0x00, 0x00, 0x00, 0x00, 0x00, 0x07, 0x00, 0x00, 0x00, 0x18,
    0x41, 0x75, 0xA6, 0x65, 0x54, 0xA3, 0xEF, 0xFF, 0x49, 0x9D, 0xEE, 0xFF,
    0x49, 0x9D, 0xEE, 0xFF, 0x49, 0x9D, 0xEE, 0xFF, 0x49, 0x9D, 0xEE, 0xFF,
    0x49, 0x9D, 0xEE, 0xFF, 0xA1, 0xCC, 0xF6, 0xFF, 0xF9, 0xFB, 0xFD, 0xFF,
    0xF9, 0xFB, 0xFD, 0xFF, 0xF8, 0xF4, 0xE5, 0xFF, 0xF8, 0xF3, 0xE1, 0xFF,
    0xF8, 0xF3, 0xE1, 0xFF, 0xF8, 0xF3, 0xE1, 0xFF, 0xF8, 0xF3, 0xE1, 0xFF,
    0xF8, 0xF3, 0xE1, 0xFF, 0xF8, 0xF3, 0xE1, 0xFF, 0xF8, 0xF3, 0xE1, 0xFF,
    0xF8, 0xF3, 0xE1, 0xFF, 0xF8, 0xF3, 0xE1, 0xFF, 0xF8, 0xF3, 0xE1, 0xFF,
    0xF8, 0xF3, 0xE1, 0xFF, 0xF8, 0xF3, 0xE1, 0xFF, 0xF8, 0xF3, 0xE1, 0xFF,
    0xF8, 0xF3, 0xE1, 0xFF, 0xF8, 0xF3, 0xE1, 0xFF, 0xF8, 0xF3, 0xE1, 0xFF,
    0xF8, 0xF3, 0xE1, 0xFF, 0xF8, 0xF3, 0xE1, 0xFF, 0xF8, 0xF3, 0xE1, 0xFF,
    0xF8, 0xF3, 0xE1, 0xFF, 0xF8, 0xF4, 0xE5, 0xFF, 0xF9, 0xFB, 0xFD, 0xFF,
    0xF9, 0xFB, 0xFD, 0xFF, 0xA1, 0xCC, 0xF6, 0xFF, 0x49, 0x9D, 0xEE, 0xFF,
    0x49, 0x9D, 0xEE, 0xFF, 0x49, 0x9D, 0xEE, 0xFF, 0x49, 0x9D, 0xEE, 0xFF,
    0x49, 0x9D, 0xEE, 0xFF, 0x54, 0xA3, 0xEF, 0xFF, 0x41, 0x75, 0xA6, 0x65,
    0x00, 0x00, 0x00, 0x18, 0x00, 0x00, 0x00, 0x07, 0x00, 0x00, 0x00, 0x00,
    0x00, 0x00, 0x00, 0x00, 0x00, 0x00, 0x00, 0x07, 0x00, 0x00, 0x00, 0x18,
    0x3E, 0x72, 0xA5, 0x64, 0x51, 0xA1, 0xEE, 0xFF, 0x47, 0x9B, 0xED, 0xFF,
    0x47, 0x9B, 0xED, 0xFF, 0x47, 0x9B, 0xED, 0xFF, 0x47, 0x9B, 0xED, 0xFF,
    0x47, 0x9B, 0xED, 0xFF, 0x9F, 0xCB, 0xF5, 0xFF, 0xF5, 0xE8, 0xC2, 0xFF,
    0xF3, 0xD7, 0x8A, 0xFF, 0xF3, 0xD7, 0x8A, 0xFF, 0xF3, 0xD7, 0x8A, 0xFF,
    0xF3, 0xD7, 0x8A, 0xFF, 0xF3, 0xD7, 0x8A, 0xFF, 0xF3, 0xD7, 0x8A, 0xFF,
    0xF3, 0xD7, 0x8A, 0xFF, 0xF3, 0xD7, 0x8A, 0xFF, 0xF3, 0xD7, 0x8A, 0xFF,
    0xF3, 0xD7, 0x8A, 0xFF, 0xF3, 0xD7, 0x8A, 0xFF, 0xF3, 0xD7, 0x8A, 0xFF,
    0xF3, 0xD7, 0x8A, 0xFF, 0xF3, 0xD7, 0x8A, 0xFF, 0xF3, 0xD7, 0x8A, 0xFF,
    0xF3, 0xD7, 0x8A, 0xFF, 0xF3, 0xD7, 0x8A, 0xFF, 0xF3, 0xD7, 0x8A, 0xFF,
    0xF3, 0xD7, 0x8A, 0xFF, 0xF3, 0xD7, 0x8A, 0xFF, 0xF3, 0xD7, 0x8A, 0xFF,
    0xF3, 0xD7, 0x8A, 0xFF, 0xF3, 0xD7, 0x8A, 0xFF, 0xF3, 0xD7, 0x8A, 0xFF,
    0xF5, 0xE8, 0xC2, 0xFF, 0x9F, 0xCB, 0xF5, 0xFF, 0x47, 0x9B, 0xED, 0xFF,
    0x47, 0x9B, 0xED, 0xFF, 0x47, 0x9B, 0xED, 0xFF, 0x47, 0x9B, 0xED, 0xFF,
    0x47, 0x9B, 0xED, 0xFF, 0x51, 0xA1, 0xEE, 0xFF, 0x3E, 0x72, 0xA5, 0x64,
    0x00, 0x00, 0x00, 0x18, 0x00, 0x00, 0x00, 0x07, 0x00, 0x00, 0x00, 0x00,
    0x00, 0x00, 0x00, 0x00, 0x00, 0x00, 0x00, 0x07, 0x00, 0x00, 0x00, 0x18,
    0x3B, 0x70, 0xA3, 0x64, 0x4E, 0x9F, 0xED, 0xFF, 0x45, 0x9A, 0xEC, 0xFF,
    0x45, 0x9A, 0xEC, 0xFF, 0x45, 0x9A, 0xEC, 0xFF, 0x45, 0x9A, 0xEC, 0xFF,
    0x45, 0x9A, 0xEC, 0xFF, 0xB5, 0xCC, 0xD6, 0xFF, 0xF2, 0xD5, 0x86, 0xFF,
    0xF2, 0xD5, 0x86, 0xFF, 0xF2, 0xD5, 0x86, 0xFF, 0xF2, 0xD5, 0x86, 0xFF,
    0xF2, 0xD5, 0x86, 0xFF, 0xF2, 0xD5, 0x86, 0xFF, 0xF2, 0xD5, 0x86, 0xFF,
    0xF2, 0xD5, 0x86, 0xFF, 0xF2, 0xD5, 0x86, 0xFF, 0xF2, 0xD5, 0x86, 0xFF,
    0xF2, 0xD5, 0x86, 0xFF, 0xF2, 0xD5, 0x86, 0xFF, 0xF2, 0xD5, 0x86, 0xFF,
    0xF2, 0xD5, 0x86, 0xFF, 0xF2, 0xD5, 0x86, 0xFF, 0xF2, 0xD5, 0x86, 0xFF,
    0xF2, 0xD5, 0x86, 0xFF, 0xF2, 0xD5, 0x86, 0xFF, 0xF2, 0xD5, 0x86, 0xFF,
    0xF2, 0xD5, 0x86, 0xFF, 0xF2, 0xD5, 0x86, 0xFF, 0xF2, 0xD5, 0x86, 0xFF,
    0xF2, 0xD5, 0x86, 0xFF, 0xF2, 0xD5, 0x86, 0xFF, 0xF2, 0xD5, 0x86, 0xFF,
    0xF2, 0xD5, 0x86, 0xFF, 0xB5, 0xCC, 0xD6, 0xFF, 0x45, 0x9A, 0xEC, 0xFF,
    0x45, 0x9A, 0xEC, 0xFF, 0x45, 0x9A, 0xEC, 0xFF, 0x45, 0x9A, 0xEC, 0xFF,
    0x45, 0x9A, 0xEC, 0xFF, 0x4E, 0x9F, 0xED, 0xFF, 0x3B, 0x70, 0xA3, 0x64,
    0x00, 0x00, 0x00, 0x18, 0x00, 0x00, 0x00, 0x07, 0x00, 0x00, 0x00, 0x00,
    0x00, 0x00, 0x00, 0x00, 0x00, 0x00, 0x00, 0x07, 0x00, 0x00, 0x00, 0x18,
    0x38, 0x6D, 0xA2, 0x63, 0x4B, 0x9C, 0xEC, 0xFF, 0x44, 0x98, 0xEB, 0xFF,
    0x44, 0x98, 0xEB, 0xFF, 0x44, 0x98, 0xEB, 0xFF, 0x44, 0x98, 0xEB, 0xFF,
    0x44, 0x98, 0xEB, 0xFF, 0xC5, 0xCD, 0xBC, 0xFF, 0xF0, 0xD2, 0x83, 0xFF,
    0xF0, 0xD2, 0x83, 0xFF, 0xF0, 0xD2, 0x83, 0xFF, 0xF0, 0xD2, 0x83, 0xFF,
    0xF0, 0xD2, 0x83, 0xFF, 0xF0, 0xD2, 0x83, 0xFF, 0xF0, 0xD2, 0x83, 0xFF,
    0xF0, 0xD2, 0x83, 0xFF, 0xF0, 0xD2, 0x83, 0xFF, 0xF0, 0xD2, 0x83, 0xFF,
    0xF0, 0xD2, 0x83, 0xFF, 0xF0, 0xD2, 0x83, 0xFF, 0xF0, 0xD2, 0x83, 0xFF,
    0xF0, 0xD2, 0x83, 0xFF, 0xF0, 0xD2, 0x83, 0xFF, 0xF0, 0xD2, 0x83, 0xFF,
    0xF0, 0xD2, 0x83, 0xFF, 0xF0, 0xD2, 0x83, 0xFF, 0xF0, 0xD2, 0x83, 0xFF,
    0xF0, 0xD2, 0x83, 0xFF, 0xF0, 0xD2, 0x83, 0xFF, 0xF0, 0xD2, 0x83, 0xFF,
    0xF0, 0xD2, 0x83, 0xFF, 0xF0, 0xD2, 0x83, 0xFF, 0xF0, 0xD2, 0x83, 0xFF,
    0xF0, 0xD2, 0x83, 0xFF, 0xC5, 0xCD, 0xBC, 0xFF, 0x44, 0x98, 0xEB, 0xFF,
    0x44, 0x98, 0xEB, 0xFF, 0x44, 0x98, 0xEB, 0xFF, 0x44, 0x98, 0xEB, 0xFF,
    0x44, 0x98, 0xEB, 0xFF, 0x4B, 0x9C, 0xEC, 0xFF, 0x38, 0x6D, 0xA2, 0x63,
    0x00, 0x00, 0x00, 0x18, 0x00, 0x00, 0x00, 0x07, 0x00, 0x00, 0x00, 0x00,
    0x00, 0x00, 0x00, 0x00, 0x00, 0x00, 0x00, 0x07, 0x00, 0x00, 0x00, 0x18,
    0x35, 0x6A, 0xA0, 0x62, 0x48, 0x9A, 0xEB, 0xFF, 0x42, 0x97, 0xEA, 0xFF,
    0x42, 0x97, 0xEA, 0xFF, 0x42, 0x97, 0xEA, 0xFF, 0x42, 0x97, 0xEA, 0xFF,
    0x42, 0x97, 0xEA, 0xFF, 0xC4, 0xCB, 0xB9, 0xFF, 0xEF, 0xCF, 0x7F, 0xFF,
    0xEF, 0xCF, 0x7F, 0xFF, 0xEF, 0xCF, 0x7F, 0xFF, 0xEF, 0xCF, 0x7F, 0xFF,
    0xEF, 0xCF, 0x7F, 0xFF, 0xEF, 0xCF, 0x7F, 0xFF, 0xEF, 0xCF, 0x7F, 0xFF,
    0xEF, 0xCF, 0x7F, 0xFF, 0xEF, 0xCF, 0x7F, 0xFF, 0xEF, 0xCF, 0x7F, 0xFF,
    0xEF, 0xCF, 0x7F, 0xFF, 0xEF, 0xCF, 0x7F, 0xFF, 0xEF, 0xCF, 0x7F, 0xFF,
    0xEF, 0xCF, 0x7F, 0xFF, 0xEF, 0xCF, 0x7F, 0xFF, 0xEF, 0xCF, 0x7F, 0xFF,
    0xEF, 0xCF, 0x7F, 0xFF, 0xEF, 0xCF, 0x7F, 0xFF, 0xEF, 0xCF, 0x7F, 0xFF,
    0xEF, 0xCF, 0x7F, 0xFF, 0xEF, 0xCF, 0x7F, 0xFF, 0xEF, 0xCF, 0x7F, 0xFF,
    0xEF, 0xCF, 0x7F, 0xFF, 0xEF, 0xCF, 0x7F, 0xFF, 0xEF, 0xCF, 0x7F, 0xFF,
    0xEF, 0xCF, 0x7F, 0xFF, 0xC4, 0xCB, 0xB9, 0xFF, 0x42, 0x97, 0xEA, 0xFF,
    0x42, 0x97, 0xEA, 0xFF, 0x42, 0x97, 0xEA, 0xFF, 0x42, 0x97, 0xEA, 0xFF,
    0x42, 0x97, 0xEA, 0xFF, 0x48, 0x9A, 0xEB, 0xFF, 0x35, 0x6A, 0xA0, 0x62,
    0x00, 0x00, 0x00, 0x18, 0x00, 0x00, 0x00, 0x07, 0x00, 0x00, 0x00, 0x00,
    0x00, 0x00, 0x00, 0x00, 0x00, 0x00, 0x00, 0x07, 0x00, 0x00, 0x00, 0x18,
    0x31, 0x68, 0x9E, 0x62, 0x45, 0x97, 0xEA, 0xFF, 0x40, 0x95, 0xE9, 0xFF,
    0x40, 0x95, 0xE9, 0xFF, 0x40, 0x95, 0xE9, 0xFF, 0x40, 0x95, 0xE9, 0xFF,
    0x40, 0x95, 0xE9, 0xFF, 0xC2, 0xC9, 0xB7, 0xFF, 0xED, 0xCD, 0x7B, 0xFF,
    0xED, 0xCD, 0x7B, 0xFF, 0xED, 0xCD, 0x7B, 0xFF, 0xED, 0xCD, 0x7B, 0xFF,
    0xED, 0xCD, 0x7B, 0xFF, 0xED, 0xCD, 0x7B, 0xFF, 0xED, 0xCD, 0x7B, 0xFF,
    0xED, 0xCD, 0x7B, 0xFF, 0xED, 0xCD, 0x7B, 0xFF, 0xED, 0xCD, 0x7B, 0xFF,
    0xED, 0xCD, 0x7B, 0xFF, 0xED, 0xCD, 0x7B, 0xFF, 0xED, 0xCD, 0x7B, 0xFF,
    0xED, 0xCD, 0x7B, 0xFF, 0xED, 0xCD, 0x7B, 0xFF, 0xED, 0xCD, 0x7B, 0xFF,
    0xED, 0xCD, 0x7B, 0xFF, 0xED, 0xCD, 0x7B, 0xFF, 0xED, 0xCD, 0x7B, 0xFF,
    0xED, 0xCD, 0x7B, 0xFF, 0xED, 0xCD, 0x7B, 0xFF, 0xED, 0xCD, 0x7B, 0xFF,
    0xED, 0xCD, 0x7B, 0xFF, 0xED, 0xCD, 0x7B, 0xFF, 0xED, 0xCD, 0x7B, 0xFF,
    0xED, 0xCD, 0x7B, 0xFF, 0xC2, 0xC9, 0xB7, 0xFF, 0x40, 0x95, 0xE9, 0xFF,
    0x40, 0x95, 0xE9, 0xFF, 0x40, 0x95, 0xE9, 0xFF, 0x40, 0x95, 0xE9, 0xFF,
    0x40, 0x95, 0xE9, 0xFF, 0x45, 0x97, 0xEA, 0xFF, 0x31, 0x68, 0x9E, 0x62,
    0x00, 0x00, 0x00, 0x18, 0x00, 0x00, 0x00, 0x07, 0x00, 0x00, 0x00, 0x00,
    0x00, 0x00, 0x00, 0x00, 0x00, 0x00, 0x00, 0x07, 0x00, 0x00, 0x00, 0x18,
    0x2E, 0x65, 0x9C, 0x61, 0x42, 0x95, 0xE9, 0xFF, 0x3F, 0x93, 0xE8, 0xFF,
    0x3F, 0x93, 0xE8, 0xFF, 0x3F, 0x93, 0xE8, 0xFF, 0x3F, 0x93, 0xE8, 0xFF,
    0x3F, 0x93, 0xE8, 0xFF, 0xC1, 0xC7, 0xB4, 0xFF, 0xEC, 0xCA, 0x78, 0xFF,
    0xEC, 0xCA, 0x78, 0xFF, 0xEC, 0xCA, 0x78, 0xFF, 0xEC, 0xCA, 0x78, 0xFF,
    0xEC, 0xCA, 0x78, 0xFF, 0xEC, 0xCA, 0x78, 0xFF, 0xEC, 0xCA, 0x78, 0xFF,
    0xEC, 0xCA, 0x78, 0xFF, 0xEC, 0xCA, 0x78, 0xFF, 0xEC, 0xCA, 0x78, 0xFF,
    0xEC, 0xCA, 0x78, 0xFF, 0xEC, 0xCA, 0x78, 0xFF, 0xEC, 0xCA, 0x78, 0xFF,
    0xEC, 0xCA, 0x78, 0xFF, 0xEC, 0xCA, 0x78, 0xFF, 0xEC, 0xCA, 0x78, 0xFF,
    0xEC, 0xCA, 0x78, 0xFF, 0xEC, 0xCA, 0x78, 0xFF, 0xEC, 0xCA, 0x78, 0xFF,
    0xEC, 0xCA, 0x78, 0xFF, 0xEC, 0xCA, 0x78, 0xFF, 0xEC, 0xCA, 0x78, 0xFF,
    0xEC, 0xCA, 0x78, 0xFF, 0xEC, 0xCA, 0x78, 0xFF, 0xEC, 0xCA, 0x78, 0xFF,
    0xEC, 0xCA, 0x78, 0xFF, 0xC1, 0xC7, 0xB4, 0xFF, 0x3F, 0x93, 0xE8, 0xFF,
    0x3F, 0x93, 0xE8, 0xFF, 0x3F, 0x93, 0xE8, 0xFF, 0x3F, 0x93, 0xE8, 0xFF,
    0x3F, 0x93, 0xE8, 0xFF, 0x42, 0x95, 0xE9, 0xFF, 0x2E, 0x65, 0x9C, 0x61,
    0x00, 0x00, 0x00, 0x18, 0x00, 0x00, 0x00, 0x07, 0x00, 0x00, 0x00, 0x00,
    0x00, 0x00, 0x00, 0x00, 0x00, 0x00, 0x00, 0x07, 0x00, 0x00, 0x00, 0x18,
    0x2B, 0x62, 0x9B, 0x60, 0x3F, 0x92, 0xE7, 0xFF, 0x3D, 0x92, 0xE7, 0xFF,
    0x3D, 0x92, 0xE7, 0xFF, 0x3D, 0x92, 0xE7, 0xFF, 0x3D, 0x92, 0xE7, 0xFF,
    0x3D, 0x92, 0xE7, 0xFF, 0xBF, 0xC5, 0xB2, 0xFF, 0xEA, 0xC7, 0x74, 0xFF,
    0xEA, 0xC7, 0x74, 0xFF, 0xEA, 0xC7, 0x74, 0xFF, 0xEA, 0xC7, 0x74, 0xFF,
    0xEA, 0xC7, 0x74, 0xFF, 0xEA, 0xC7, 0x74, 0xFF, 0xEA, 0xC7, 0x74, 0xFF,
    0xEA, 0xC7, 0x74, 0xFF, 0xEA, 0xC7, 0x74, 0xFF, 0xEA, 0xC7, 0x74, 0xFF,
    0xEA, 0xC7, 0x74, 0xFF, 0xEA, 0xC7, 0x74, 0xFF, 0xEA, 0xC7, 0x74, 0xFF,
    0xEA, 0xC7, 0x74, 0xFF, 0xEA, 0xC7, 0x74, 0xFF, 0xEA, 0xC7, 0x74, 0xFF,
    0xEA, 0xC7, 0x74, 0xFF, 0xEA, 0xC7, 0x74, 0xFF, 0xEA, 0xC7, 0x74, 0xFF,
    0xEA, 0xC7, 0x74, 0xFF, 0xEA, 0xC7, 0x74, 0xFF, 0xEA, 0xC7, 0x74, 0xFF,
    0xEA, 0xC7, 0x74, 0xFF, 0xEA, 0xC7, 0x74, 0xFF, 0xEA, 0xC7, 0x74, 0xFF,
    0xEA, 0xC7, 0x74, 0xFF, 0xBF, 0xC5, 0xB2, 0xFF, 0x3D, 0x92, 0xE7, 0xFF,
    0x3D, 0x92, 0xE7, 0xFF, 0x3D, 0x92, 0xE7, 0xFF, 0x3D, 0x92, 0xE7, 0xFF,
    0x3D, 0x92, 0xE7, 0xFF, 0x3F, 0x92, 0xE7, 0xFF, 0x2B, 0x62, 0x9B, 0x60,
    0x00, 0x00, 0x00, 0x18, 0x00, 0x00, 0x00, 0x07, 0x00, 0x00, 0x00, 0x00,
    0x00, 0x00, 0x00, 0x00, 0x00, 0x00, 0x00, 0x07, 0x00, 0x00, 0x00, 0x18,
    0x28, 0x60, 0x99, 0x60, 0x3C, 0x90, 0xE6, 0xFF, 0x3C, 0x90, 0xE6, 0xFF,
    0x3C, 0x90, 0xE6, 0xFF, 0x3C, 0x90, 0xE6, 0xFF, 0x3C, 0x90, 0xE6, 0xFF,
    0x3C, 0x90, 0xE6, 0xFF, 0xBE, 0xC2, 0xB0, 0xFF, 0xE9, 0xC5, 0x71, 0xFF,
    0xE9, 0xC5, 0x71, 0xFF, 0xE9, 0xC5, 0x71, 0xFF, 0xE9, 0xC5, 0x71, 0xFF,
    0xE9, 0xC5, 0x71, 0xFF, 0xE9, 0xC5, 0x71, 0xFF, 0xE9, 0xC5, 0x71, 0xFF,
    0xE9, 0xC5, 0x71, 0xFF, 0xE9, 0xC5, 0x71, 0xFF, 0xE9, 0xC5, 0x71, 0xFF,
    0xE9, 0xC5, 0x71, 0xFF, 0xE9, 0xC5, 0x71, 0xFF, 0xE9, 0xC5, 0x71, 0xFF,
    0xE9, 0xC5, 0x71, 0xFF, 0xE9, 0xC5, 0x71, 0xFF, 0xE9, 0xC5, 0x71, 0xFF,
    0xE9, 0xC5, 0x71, 0xFF, 0xE9, 0xC5, 0x71, 0xFF, 0xE9, 0xC5, 0x71, 0xFF,
    0xE9, 0xC5, 0x71, 0xFF, 0xE9, 0xC5, 0x71, 0xFF, 0xE9, 0xC5, 0x71, 0xFF,
    0xE9, 0xC5, 0x71, 0xFF, 0xE9, 0xC5, 0x71, 0xFF, 0xE9, 0xC5, 0x71, 0xFF,
    0xE9, 0xC5, 0x71, 0xFF, 0xBE, 0xC2, 0xB0, 0xFF, 0x3C, 0x90, 0xE6, 0xFF,
    0x3C, 0x90, 0xE6, 0xFF, 0x3C, 0x90, 0xE6, 0xFF, 0x3C, 0x90, 0xE6, 0xFF,
    0x3C, 0x90, 0xE6, 0xFF, 0x3C, 0x90, 0xE6, 0xFF, 0x28, 0x60, 0x99, 0x60,
    0x00, 0x00, 0x00, 0x18, 0x00, 0x00, 0x00, 0x07, 0x00, 0x00, 0x00, 0x00,
    0x00, 0x00, 0x00, 0x00, 0x00, 0x00, 0x00, 0x07, 0x00, 0x00, 0x00, 0x18,
    0x27, 0x5F, 0x98, 0x60, 0x3A, 0x8E, 0xE5, 0xFF, 0x3A, 0x8E, 0xE5, 0xFF,
    0x3A, 0x8E, 0xE5, 0xFF, 0x3A, 0x8E, 0xE5, 0xFF, 0x3A, 0x8E, 0xE5, 0xFF,
    0x3A, 0x8E, 0xE5, 0xFF, 0xBC, 0xC0, 0xAE, 0xFF, 0xE8, 0xC2, 0x6D, 0xFF,
    0xE8, 0xC2, 0x6D, 0xFF, 0xE8, 0xC2, 0x6D, 0xFF, 0xE8, 0xC2, 0x6D, 0xFF,
    0xE8, 0xC2, 0x6D, 0xFF, 0xE8, 0xC2, 0x6D, 0xFF, 0xE8, 0xC2, 0x6D, 0xFF,
    0xE8, 0xC2, 0x6D, 0xFF, 0xE8, 0xC2, 0x6D, 0xFF, 0xE8, 0xC2, 0x6D, 0xFF,
    0xE8, 0xC2, 0x6D, 0xFF, 0xE8, 0xC2, 0x6D, 0xFF, 0xE8, 0xC2, 0x6D, 0xFF,
    0xE8, 0xC2, 0x6D, 0xFF, 0xE8, 0xC2, 0x6D, 0xFF, 0xE8, 0xC2, 0x6D, 0xFF,
    0xE8, 0xC2, 0x6D, 0xFF, 0xE8, 0xC2, 0x6D, 0xFF, 0xE8, 0xC2, 0x6D, 0xFF,
    0xE8, 0xC2, 0x6D, 0xFF, 0xE8, 0xC2, 0x6D, 0xFF, 0xE8, 0xC2, 0x6D, 0xFF,
    0xE8, 0xC2, 0x6D, 0xFF, 0xE8, 0xC2, 0x6D, 0xFF, 0xE8, 0xC2, 0x6D, 0xFF,
    0xE8, 0xC2, 0x6D, 0xFF, 0xBC, 0xC0, 0xAE, 0xFF, 0x3A, 0x8E, 0xE5, 0xFF,
    0x3A, 0x8E, 0xE5, 0xFF, 0x3A, 0x8E, 0xE5, 0xFF, 0x3A, 0x8E, 0xE5, 0xFF,
    0x3A, 0x8E, 0xE5, 0xFF, 0x3A, 0x8E, 0xE5, 0xFF, 0x27, 0x5F, 0x98, 0x60,
    0x00, 0x00, 0x00, 0x18, 0x00, 0x00, 0x00, 0x07, 0x00, 0x00, 0x00, 0x00,
    0x00, 0x00, 0x00, 0x00, 0x00, 0x00, 0x00, 0x07, 0x00, 0x00, 0x00, 0x18,
    0x26, 0x5E, 0x98, 0x60, 0x38, 0x8D, 0xE4, 0xFF, 0x38, 0x8D, 0xE4, 0xFF,
    0x38, 0x8D, 0xE4, 0xFF, 0x38, 0x8D, 0xE4, 0xFF, 0x38, 0x8D, 0xE4, 0xFF,
    0x38, 0x8D, 0xE4, 0xFF, 0xBA, 0xBE, 0xAC, 0xFF, 0xE6, 0xBF, 0x69, 0xFF,
    0xE6, 0xBF, 0x69, 0xFF, 0xE6, 0xBF, 0x69, 0xFF, 0xE6, 0xBF, 0x69, 0xFF,
    0xE6, 0xBF, 0x69, 0xFF, 0xE6, 0xBF, 0x69, 0xFF, 0xE6, 0xBF, 0x69, 0xFF,
    0xE6, 0xBF, 0x69, 0xFF, 0xE6, 0xBF, 0x69, 0xFF, 0xE6, 0xBF, 0x69, 0xFF,
    0xE6, 0xBF, 0x69, 0xFF, 0xE6, 0xBF, 0x69, 0xFF, 0xE6, 0xBF, 0x69, 0xFF,
    0xE6, 0xBF, 0x69, 0xFF, 0xE6, 0xBF, 0x69, 0xFF, 0xE6, 0xBF, 0x69, 0xFF,
    0xE6, 0xBF, 0x69, 0xFF, 0xE6, 0xBF, 0x69, 0xFF, 0xE6, 0xBF, 0x69, 0xFF,
    0xE6, 0xBF, 0x69, 0xFF, 0xE6, 0xBF, 0x69, 0xFF, 0xE6, 0xBF, 0x69, 0xFF,
    0xE6, 0xBF, 0x69, 0xFF, 0xE6, 0xBF, 0x69, 0xFF, 0xE6, 0xBF, 0x69, 0xFF,
    0xE6, 0xBF, 0x69, 0xFF, 0xBA, 0xBE, 0xAC, 0xFF, 0x38, 0x8D, 0xE4, 0xFF,
    0x38, 0x8D, 0xE4, 0xFF, 0x38, 0x8D, 0xE4, 0xFF, 0x38, 0x8D, 0xE4, 0xFF,
    0x38, 0x8D, 0xE4, 0xFF, 0x38, 0x8D, 0xE4, 0xFF, 0x26, 0x5E, 0x98, 0x60,
    0x00, 0x00, 0x00, 0x18, 0x00, 0x00, 0x00, 0x07, 0x00, 0x00, 0x00, 0x00,
    0x00, 0x00, 0x00, 0x00, 0x00, 0x00, 0x00, 0x07, 0x00, 0x00, 0x00, 0x18,
    0x25, 0x5D, 0x97, 0x60, 0x37, 0x8B, 0xE3, 0xFF, 0x37, 0x8B, 0xE3, 0xFF,
    0x37, 0x8B, 0xE3, 0xFF, 0x37, 0x8B, 0xE3, 0xFF, 0x37, 0x8B, 0xE3, 0xFF,
    0x37, 0x8B, 0xE3, 0xFF, 0xB9, 0xBC, 0xAA, 0xFF, 0xE5, 0xBD, 0x66, 0xFF,
    0xE5, 0xBD, 0x66, 0xFF, 0xE5, 0xBD, 0x66, 0xFF, 0xE5, 0xBD, 0x66, 0xFF,
    0xE5, 0xBD, 0x66, 0xFF, 0xE5, 0xBD, 0x66, 0xFF, 0xE5, 0xBD, 0x66, 0xFF,
    0xE5, 0xBD, 0x66, 0xFF, 0xE5, 0xBD, 0x66, 0xFF, 0xE5, 0xBD, 0x66, 0xFF,
    0xE5, 0xBD, 0x66, 0xFF, 0xE5, 0xBD, 0x66, 0xFF, 0xE5, 0xBD, 0x66, 0xFF,
    0xE5, 0xBD, 0x66, 0xFF, 0xE5, 0xBD, 0x66, 0xFF, 0xE5, 0xBD, 0x66, 0xFF,
    0xE5, 0xBD, 0x66, 0xFF, 0xE5, 0xBD, 0x66, 0xFF, 0xE5, 0xBD, 0x66, 0xFF,
    0xE5, 0xBD, 0x66, 0xFF, 0xE5, 0xBD, 0x66, 0xFF, 0xE5, 0xBD, 0x66, 0xFF,
    0xE5, 0xBD, 0x66, 0xFF, 0xE5, 0xBD, 0x66, 0xFF, 0xE5, 0xBD, 0x66, 0xFF,
    0xE5, 0xBD, 0x66, 0xFF, 0xB9, 0xBC, 0xAA, 0xFF, 0x37, 0x8B, 0xE3, 0xFF,
    0x37, 0x8B, 0xE3, 0xFF, 0x37, 0x8B, 0xE3, 0xFF, 0x37, 0x8B, 0xE3, 0xFF,
    0x37, 0x8B, 0xE3, 0xFF, 0x37, 0x8B, 0xE3, 0xFF, 0x25, 0x5D, 0x97, 0x60,
    0x00, 0x00, 0x00, 0x18, 0x00, 0x00, 0x00, 0x07, 0x00, 0x00, 0x00, 0x00,
    0x00, 0x00, 0x00, 0x00, 0x00, 0x00, 0x00, 0x07, 0x00, 0x00, 0x00, 0x18,
    0x23, 0x5C, 0x96, 0x60, 0x35, 0x8A, 0xE2, 0xFF, 0x35, 0x8A, 0xE2, 0xFF,
    0x35, 0x8A, 0xE2, 0xFF, 0x35, 0x8A, 0xE2, 0xFF, 0x35, 0x8A, 0xE2, 0xFF,
    0x35, 0x8A, 0xE2, 0xFF, 0xAF, 0xB8, 0xAD, 0xFF, 0xE3, 0xBA, 0x62, 0xFF,
    0xE3, 0xBA, 0x62, 0xFF, 0xE3, 0xBA, 0x62, 0xFF, 0xE3, 0xBA, 0x62, 0xFF,
    0xE3, 0xBA, 0x62, 0xFF, 0xE3, 0xBA, 0x62, 0xFF, 0xE3, 0xBA, 0x62, 0xFF,
    0xE3, 0xBA, 0x62, 0xFF, 0xE3, 0xBA, 0x62, 0xFF, 0xE3, 0xBA, 0x62, 0xFF,
    0xE3, 0xBA, 0x62, 0xFF, 0xE3, 0xBA, 0x62, 0xFF, 0xE3, 0xBA, 0x62, 0xFF,
    0xE3, 0xBA, 0x62, 0xFF, 0xE3, 0xBA, 0x62, 0xFF, 0xE3, 0xBA, 0x62, 0xFF,
    0xE3, 0xBA, 0x62, 0xFF, 0xE3, 0xBA, 0x62, 0xFF, 0xE3, 0xBA, 0x62, 0xFF,
    0xE3, 0xBA, 0x62, 0xFF, 0xE3, 0xBA, 0x62, 0xFF, 0xE3, 0xBA, 0x62, 0xFF,
    0xE3, 0xBA, 0x62, 0xFF, 0xE3, 0xBA, 0x62, 0xFF, 0xE3, 0xBA, 0x62, 0xFF,
    0xE3, 0xBA, 0x62, 0xFF, 0xAF, 0xB8, 0xAD, 0xFF, 0x35, 0x8A, 0xE2, 0xFF,
    0x35, 0x8A, 0xE2, 0xFF, 0x35, 0x8A, 0xE2, 0xFF, 0x35, 0x8A, 0xE2, 0xFF,
    0x35, 0x8A, 0xE2, 0xFF, 0x35, 0x8A, 0xE2, 0xFF, 0x23, 0x5C, 0x96, 0x60,
    0x00, 0x00, 0x00, 0x18, 0x00, 0x00, 0x00, 0x07, 0x00, 0x00, 0x00, 0x00,
    0x00, 0x00, 0x00, 0x00, 0x00, 0x00, 0x00, 0x07, 0x00, 0x00, 0x00, 0x18,
    0x22, 0x5A, 0x96, 0x60, 0x34, 0x88, 0xE1, 0xFF, 0x34, 0x88, 0xE1, 0xFF,
    0x34, 0x88, 0xE1, 0xFF, 0x34, 0x88, 0xE1, 0xFF, 0x34, 0x88, 0xE1, 0xFF,
    0x34, 0x88, 0xE1, 0xFF, 0x5C, 0x99, 0xD3, 0xFF, 0xE1, 0xB9, 0x65, 0xFF,
    0xE2, 0xB7, 0x5F, 0xFF, 0xE2, 0xB7, 0x5F, 0xFF, 0xE2, 0xB7, 0x5F, 0xFF,
    0xE2, 0xB7, 0x5F, 0xFF, 0xE2, 0xB7, 0x5F, 0xFF, 0xE2, 0xB7, 0x5F, 0xFF,
    0xE2, 0xB7, 0x5F, 0xFF, 0xE2, 0xB7, 0x5F, 0xFF, 0xE2, 0xB7, 0x5F, 0xFF,
    0xE2, 0xB7, 0x5F, 0xFF, 0xE2, 0xB7, 0x5F, 0xFF, 0xE2, 0xB7, 0x5F, 0xFF,
    0xE2, 0xB7, 0x5F, 0xFF, 0xE2, 0xB7, 0x5F, 0xFF, 0xE2, 0xB7, 0x5F, 0xFF,
    0xE2, 0xB7, 0x5F, 0xFF, 0xE2, 0xB7, 0x5F, 0xFF, 0xE2, 0xB7, 0x5F, 0xFF,
    0xE2, 0xB7, 0x5F, 0xFF, 0xE2, 0xB7, 0x5F, 0xFF, 0xE2, 0xB7, 0x5F, 0xFF,
    0xE2, 0xB7, 0x5F, 0xFF, 0xE2, 0xB7, 0x5F, 0xFF, 0xE2, 0xB7, 0x5F, 0xFF,
    0xE1, 0xB9, 0x65, 0xFF, 0x5C, 0x99, 0xD3, 0xFF, 0x34, 0x88, 0xE1, 0xFF,
    0x34, 0x88, 0xE1, 0xFF, 0x34, 0x88, 0xE1, 0xFF, 0x34, 0x88, 0xE1, 0xFF,
    0x34, 0x88, 0xE1, 0xFF, 0x34, 0x88, 0xE1, 0xFF, 0x22, 0x5A, 0x96, 0x60,
    0x00, 0x00, 0x00, 0x18, 0x00, 0x00, 0x00, 0x07, 0x00, 0x00, 0x00, 0x00,
    0x00, 0x00, 0x00, 0x00, 0x00, 0x00, 0x00, 0x07, 0x00, 0x00, 0x00, 0x18,
    0x21, 0x59, 0x95, 0x60, 0x32, 0x86, 0xE0, 0xFF, 0x32, 0x86, 0xE0, 0xFF,
    0x32, 0x86, 0xE0, 0xFF, 0x32, 0x86, 0xE0, 0xFF, 0x32, 0x86, 0xE0, 0xFF,
    0x32, 0x86, 0xE0, 0xFF, 0x32, 0x86, 0xE0, 0xFF, 0x6F, 0x9F, 0xC9, 0xFF,
    0xCC, 0xBB, 0x8C, 0xFF, 0xD5, 0xBB, 0x80, 0xFF, 0xD5, 0xBB, 0x80, 0xFF,
    0xD5, 0xBB, 0x80, 0xFF, 0xD5, 0xBB, 0x80, 0xFF, 0xD5, 0xBB, 0x80, 0xFF,
    0xD5, 0xBB, 0x80, 0xFF, 0xD5, 0xBB, 0x80, 0xFF, 0xD5, 0xBB, 0x80, 0xFF,
    0xD5, 0xBB, 0x80, 0xFF, 0xD5, 0xBB, 0x80, 0xFF, 0xD5, 0xBB, 0x80, 0xFF,
    0xD5, 0xBB, 0x80, 0xFF, 0xD5, 0xBB, 0x80, 0xFF, 0xD5, 0xBB, 0x80, 0xFF,
    0xD5, 0xBB, 0x80, 0xFF, 0xD5, 0xBB, 0x80, 0xFF, 0xD5, 0xBB, 0x80, 0xFF,
    0xD5, 0xBB, 0x80, 0xFF, 0xD5, 0xBB, 0x80, 0xFF, 0xD5, 0xBB, 0x80, 0xFF,
    0xD5, 0xBB, 0x80, 0xFF, 0xD5, 0xBB, 0x80, 0xFF, 0xCC, 0xBB, 0x8C, 0xFF,
    0x6F, 0x9F, 0xC9, 0xFF, 0x32, 0x86, 0xE0, 0xFF, 0x32, 0x86, 0xE0, 0xFF,
    0x32, 0x86, 0xE0, 0xFF, 0x32, 0x86, 0xE0, 0xFF, 0x32, 0x86, 0xE0, 0xFF,
    0x32, 0x86, 0xE0, 0xFF, 0x32, 0x86, 0xE0, 0xFF, 0x21, 0x59, 0x95, 0x60,
    0x00, 0x00, 0x00, 0x18, 0x00, 0x00, 0x00, 0x07, 0x00, 0x00, 0x00, 0x00,
    0x00, 0x00, 0x00, 0x00, 0x00, 0x00, 0x00, 0x07, 0x00, 0x00, 0x00, 0x18,
    0x1F, 0x54, 0x8E, 0x5B, 0x30, 0x85, 0xDF, 0xFF, 0x30, 0x85, 0xDF, 0xFF,
    0x30, 0x85, 0xDF, 0xFF, 0x30, 0x85, 0xDF, 0xFF, 0x30, 0x85, 0xDF, 0xFF,
    0x30, 0x85, 0xDF, 0xFF, 0x30, 0x85, 0xDF, 0xFF, 0x30, 0x85, 0xDF, 0xFF,
    0x30, 0x85, 0xDF, 0xFF, 0x30, 0x85, 0xDF, 0xFF, 0x30, 0x85, 0xDF, 0xFF,
    0x30, 0x85, 0xDF, 0xFF, 0x30, 0x85, 0xDF, 0xFF, 0x30, 0x85, 0xDF, 0xFF,
    0x30, 0x85, 0xDF, 0xFF, 0x30, 0x85, 0xDF, 0xFF, 0x30, 0x85, 0xDF, 0xFF,
    0x30, 0x85, 0xDF, 0xFF, 0x30, 0x85, 0xDF, 0xFF, 0x30, 0x85, 0xDF, 0xFF,
    0x30, 0x85, 0xDF, 0xFF, 0x30, 0x85, 0xDF, 0xFF, 0x30, 0x85, 0xDF, 0xFF,
    0x30, 0x85, 0xDF, 0xFF, 0x30, 0x85, 0xDF, 0xFF, 0x30, 0x85, 0xDF, 0xFF,
    0x30, 0x85, 0xDF, 0xFF, 0x30, 0x85, 0xDF, 0xFF, 0x30, 0x85, 0xDF, 0xFF,
    0x30, 0x85, 0xDF, 0xFF, 0x30, 0x85, 0xDF, 0xFF, 0x30, 0x85, 0xDF, 0xFF,
    0x30, 0x85, 0xDF, 0xFF, 0x30, 0x85, 0xDF, 0xFF, 0x30, 0x85, 0xDF, 0xFF,
    0x30, 0x85, 0xDF, 0xFF, 0x30, 0x85, 0xDF, 0xFF, 0x30, 0x85, 0xDF, 0xFF,
    0x30, 0x85, 0xDF, 0xFF, 0x30, 0x85, 0xDF, 0xFF, 0x1F, 0x54, 0x8E, 0x5B,
    0x00, 0x00, 0x00, 0x18, 0x00, 0x00, 0x00, 0x07, 0x00, 0x00, 0x00, 0x00,
    0x00, 0x00, 0x00, 0x00, 0x00, 0x00, 0x00, 0x07, 0x00, 0x00, 0x00, 0x18,
    0x16, 0x3E, 0x6A, 0x47, 0x2F, 0x83, 0xDE, 0xFF, 0x2F, 0x83, 0xDE, 0xFF,
    0x2F, 0x83, 0xDE, 0xFF, 0x2F, 0x83, 0xDE, 0xFF, 0x2F, 0x83, 0xDE, 0xFF,
    0x2F, 0x83, 0xDE, 0xFF, 0x2F, 0x83, 0xDE, 0xFF, 0x2F, 0x83, 0xDE, 0xFF,
    0x2F, 0x83, 0xDE, 0xFF, 0x2F, 0x83, 0xDE, 0xFF, 0x2F, 0x83, 0xDE, 0xFF,
    0x2F, 0x83, 0xDE, 0xFF, 0x2F, 0x83, 0xDE, 0xFF, 0x2F, 0x83, 0xDE, 0xFF,
    0x2F, 0x83, 0xDE, 0xFF, 0x2F, 0x83, 0xDE, 0xFF, 0x2F, 0x83, 0xDE, 0xFF,
    0x2F, 0x83, 0xDE, 0xFF, 0x2F, 0x83, 0xDE, 0xFF, 0x2F, 0x83, 0xDE, 0xFF,
    0x2F, 0x83, 0xDE, 0xFF, 0x2F, 0x83, 0xDE, 0xFF, 0x2F, 0x83, 0xDE, 0xFF,
    0x2F, 0x83, 0xDE, 0xFF, 0x2F, 0x83, 0xDE, 0xFF, 0x2F, 0x83, 0xDE, 0xFF,
    0x2F, 0x83, 0xDE, 0xFF, 0x2F, 0x83, 0xDE, 0xFF, 0x2F, 0x83, 0xDE, 0xFF,
    0x2F, 0x83, 0xDE, 0xFF, 0x2F, 0x83, 0xDE, 0xFF, 0x2F, 0x83, 0xDE, 0xFF,
    0x2F, 0x83, 0xDE, 0xFF, 0x2F, 0x83, 0xDE, 0xFF, 0x2F, 0x83, 0xDE, 0xFF,
    0x2F, 0x83, 0xDE, 0xFF, 0x2F, 0x83, 0xDE, 0xFF, 0x2F, 0x83, 0xDE, 0xFF,
    0x2F, 0x83, 0xDE, 0xFF, 0x2F, 0x83, 0xDE, 0xFF, 0x16, 0x3E, 0x6A, 0x47,
    0x00, 0x00, 0x00, 0x18, 0x00, 0x00, 0x00, 0x07, 0x00, 0x00, 0x00, 0x00,
    0x00, 0x00, 0x00, 0x00, 0x00, 0x00, 0x00, 0x07, 0x00, 0x00, 0x00, 0x18,
    0x01, 0x03, 0x05, 0x2B, 0x2C, 0x7F, 0xD9, 0xEF, 0x2D, 0x81, 0xDD, 0xFF,
    0x2D, 0x81, 0xDD, 0xFF, 0x2D, 0x81, 0xDD, 0xFF, 0x2D, 0x81, 0xDD, 0xFF,
    0x2D, 0x81, 0xDD, 0xFF, 0x2D, 0x81, 0xDD, 0xFF, 0x2D, 0x81, 0xDD, 0xFF,
    0x2D, 0x81, 0xDD, 0xFF, 0x2D, 0x81, 0xDD, 0xFF, 0x2D, 0x81, 0xDD, 0xFF,
    0x2D, 0x81, 0xDD, 0xFF, 0x2D, 0x81, 0xDD, 0xFF, 0x2D, 0x81, 0xDD, 0xFF,
    0x2D, 0x81, 0xDD, 0xFF, 0x2D, 0x81, 0xDD, 0xFF, 0x2D, 0x81, 0xDD, 0xFF,
    0x2D, 0x81, 0xDD, 0xFF, 0x2D, 0x81, 0xDD, 0xFF, 0x2D, 0x81, 0xDD, 0xFF,
    0x2D, 0x81, 0xDD, 0xFF, 0x2D, 0x81, 0xDD, 0xFF, 0x2D, 0x81, 0xDD, 0xFF,
    0x2D, 0x81, 0xDD, 0xFF, 0x2D, 0x81, 0xDD, 0xFF, 0x2D, 0x81, 0xDD, 0xFF,
    0x2D, 0x81, 0xDD, 0xFF, 0x2D, 0x81, 0xDD, 0xFF, 0x2D, 0x81, 0xDD, 0xFF,
    0x2D, 0x81, 0xDD, 0xFF, 0x2D, 0x81, 0xDD, 0xFF, 0x2D, 0x81, 0xDD, 0xFF,
    0x2D, 0x81, 0xDD, 0xFF, 0x2D, 0x81, 0xDD, 0xFF, 0x2D, 0x81, 0xDD, 0xFF,
    0x2D, 0x81, 0xDD, 0xFF, 0x2D, 0x81, 0xDD, 0xFF, 0x2D, 0x81, 0xDD, 0xFF,
    0x2D, 0x81, 0xDD, 0xFF, 0x2C, 0x7F, 0xD9, 0xEF, 0x01, 0x03, 0x05, 0x2B,
    0x00, 0x00, 0x00, 0x18, 0x00, 0x00, 0x00, 0x07, 0x00, 0x00, 0x00, 0x00,
    0x00, 0x00, 0x00, 0x00, 0x00, 0x00, 0x00, 0x07, 0x00, 0x00, 0x00, 0x17,
    0x00, 0x00, 0x00, 0x27, 0x26, 0x71, 0xC2, 0xAE, 0x2C, 0x80, 0xDC, 0xFF,
    0x2C, 0x80, 0xDC, 0xFF, 0x2C, 0x80, 0xDC, 0xFF, 0x2C, 0x80, 0xDC, 0xFF,
    0x2C, 0x80, 0xDC, 0xFF, 0x2C, 0x80, 0xDC, 0xFF, 0x2C, 0x80, 0xDC, 0xFF,
    0x2C, 0x80, 0xDC, 0xFF, 0x2C, 0x80, 0xDC, 0xFF, 0x2C, 0x80, 0xDC, 0xFF,
    0x2C, 0x80, 0xDC, 0xFF, 0x2C, 0x80, 0xDC, 0xFF, 0x2C, 0x80, 0xDC, 0xFF,
    0x2C, 0x80, 0xDC, 0xFF, 0x2C, 0x80, 0xDC, 0xFF, 0x2C, 0x80, 0xDC, 0xFF,
    0x2C, 0x80, 0xDC, 0xFF, 0x2C, 0x80, 0xDC, 0xFF, 0x2C, 0x80, 0xDC, 0xFF,
    0x2C, 0x80, 0xDC, 0xFF, 0x2C, 0x80, 0xDC, 0xFF, 0x2C, 0x80, 0xDC, 0xFF,
    0x2C, 0x80, 0xDC, 0xFF, 0x2C, 0x80, 0xDC, 0xFF, 0x2C, 0x80, 0xDC, 0xFF,
    0x2C, 0x80, 0xDC, 0xFF, 0x2C, 0x80, 0xDC, 0xFF, 0x2C, 0x80, 0xDC, 0xFF,
    0x2C, 0x80, 0xDC, 0xFF, 0x2C, 0x80, 0xDC, 0xFF, 0x2C, 0x80, 0xDC, 0xFF,
    0x2C, 0x80, 0xDC, 0xFF, 0x2C, 0x80, 0xDC, 0xFF, 0x2C, 0x80, 0xDC, 0xFF,
    0x2C, 0x80, 0xDC, 0xFF, 0x2C, 0x80, 0xDC, 0xFF, 0x2C, 0x80, 0xDC, 0xFF,
    0x2C, 0x80, 0xDC, 0xFF, 0x26, 0x71, 0xC2, 0xAE, 0x00, 0x00, 0x00, 0x27,
    0x00, 0x00, 0x00, 0x17, 0x00, 0x00, 0x00, 0x07, 0x00, 0x00, 0x00, 0x00,
    0x00, 0x00, 0x00, 0x00, 0x00, 0x00, 0x00, 0x06, 0x00, 0x00, 0x00, 0x16,
    0x00, 0x00, 0x00, 0x24, 0x15, 0x3E, 0x6C, 0x51, 0x2A, 0x7E, 0xDB, 0xFD,
    0x2A, 0x7E, 0xDB, 0xFF, 0x2A, 0x7E, 0xDB, 0xFF, 0x2A, 0x7E, 0xDB, 0xFF,
    0x2A, 0x7E, 0xDB, 0xFF, 0x2A, 0x7E, 0xDB, 0xFF, 0x2A, 0x7E, 0xDB, 0xFF,
    0x2A, 0x7E, 0xDB, 0xFF, 0x2A, 0x7E, 0xDB, 0xFF, 0x2A, 0x7E, 0xDB, 0xFF,
    0x2A, 0x7E, 0xDB, 0xFF, 0x2A, 0x7E, 0xDB, 0xFF, 0x2A, 0x7E, 0xDB, 0xFF,
    0x2A, 0x7E, 0xDB, 0xFF, 0x2A, 0x7E, 0xDB, 0xFF, 0x2A, 0x7E, 0xDB, 0xFF,
    0x2A, 0x7E, 0xDB, 0xFF, 0x2A, 0x7E, 0xDB, 0xFF, 0x2A, 0x7E, 0xDB, 0xFF,
    0x2A, 0x7E, 0xDB, 0xFF, 0x2A, 0x7E, 0xDB, 0xFF, 0x2A, 0x7E, 0xDB, 0xFF,
    0x2A, 0x7E, 0xDB, 0xFF, 0x2A, 0x7E, 0xDB, 0xFF, 0x2A, 0x7E, 0xDB, 0xFF,
    0x2A, 0x7E, 0xDB, 0xFF, 0x2A, 0x7E, 0xDB, 0xFF, 0x2A, 0x7E, 0xDB, 0xFF,
    0x2A, 0x7E, 0xDB, 0xFF, 0x2A, 0x7E, 0xDB, 0xFF, 0x2A, 0x7E, 0xDB, 0xFF,
    0x2A, 0x7E, 0xDB, 0xFF, 0x2A, 0x7E, 0xDB, 0xFF, 0x2A, 0x7E, 0xDB, 0xFF,
    0x2A, 0x7E, 0xDB, 0xFF, 0x2A, 0x7E, 0xDB, 0xFF, 0x2A, 0x7E, 0xDB, 0xFF,
    0x2A, 0x7E, 0xDB, 0xFD, 0x15, 0x3E, 0x6C, 0x51, 0x00, 0x00, 0x00, 0x24,
    0x00, 0x00, 0x00, 0x16, 0x00, 0x00, 0x00, 0x06, 0x00, 0x00, 0x00, 0x00,
    0x00, 0x00, 0x00, 0x00, 0x00, 0x00, 0x00, 0x04, 0x00, 0x00, 0x00, 0x13,
    0x00, 0x00, 0x00, 0x21, 0x00, 0x00, 0x00, 0x2C, 0x22, 0x6A, 0xB9, 0xA0,
    0x28, 0x7D, 0xDA, 0xFF, 0x28, 0x7D, 0xDA, 0xFF, 0x28, 0x7D, 0xDA, 0xFF,
    0x28, 0x7D, 0xDA, 0xFF, 0x28, 0x7D, 0xDA, 0xFF, 0x28, 0x7D, 0xDA, 0xFF,
    0x28, 0x7D, 0xDA, 0xFF, 0x28, 0x7D, 0xDA, 0xFF, 0x28, 0x7D, 0xDA, 0xFF,
    0x28, 0x7D, 0xDA, 0xFF, 0x28, 0x7D, 0xDA, 0xFF, 0x28, 0x7D, 0xDA, 0xFF,
    0x28, 0x7D, 0xDA, 0xFF, 0x28, 0x7D, 0xDA, 0xFF, 0x28, 0x7D, 0xDA, 0xFF,
    0x28, 0x7D, 0xDA, 0xFF, 0x28, 0x7D, 0xDA, 0xFF, 0x28, 0x7D, 0xDA, 0xFF,
    0x28, 0x7D, 0xDA, 0xFF, 0x28, 0x7D, 0xDA, 0xFF, 0x28, 0x7D, 0xDA, 0xFF,
    0x28, 0x7D, 0xDA, 0xFF, 0x28, 0x7D, 0xDA, 0xFF, 0x28, 0x7D, 0xDA, 0xFF,
    0x28, 0x7D, 0xDA, 0xFF, 0x28, 0x7D, 0xDA, 0xFF, 0x28, 0x7D, 0xDA, 0xFF,
    0x28, 0x7D, 0xDA, 0xFF, 0x28, 0x7D, 0xDA, 0xFF, 0x28, 0x7D, 0xDA, 0xFF,
    0x28, 0x7D, 0xDA, 0xFF, 0x28, 0x7D, 0xDA, 0xFF, 0x28, 0x7D, 0xDA, 0xFF,
    0x28, 0x7D, 0xDA, 0xFF, 0x28, 0x7D, 0xDA, 0xFF, 0x28, 0x7D, 0xDA, 0xFF,
    0x22, 0x6A, 0xB9, 0xA0, 0x00, 0x00, 0x00, 0x2C, 0x00, 0x00, 0x00, 0x21,
    0x00, 0x00, 0x00, 0x13, 0x00, 0x00, 0x00, 0x04, 0x00, 0x00, 0x00, 0x00,
    0x00, 0x00, 0x00, 0x00, 0x00, 0x00, 0x00, 0x01, 0x00, 0x00, 0x00, 0x0F,
    0x00, 0x00, 0x00, 0x1C, 0x00, 0x00, 0x00, 0x27, 0x03, 0x08, 0x0F, 0x35,
    0x24, 0x71, 0xC8, 0xC3, 0x27, 0x7B, 0xD9, 0xFF, 0x27, 0x7B, 0xD9, 0xFF,
    0x27, 0x7B, 0xD9, 0xFF, 0x27, 0x7B, 0xD9, 0xFF, 0x27, 0x7B, 0xD9, 0xFF,
    0x27, 0x7B, 0xD9, 0xFF, 0x27, 0x7B, 0xD9, 0xFF, 0x27, 0x7B, 0xD9, 0xFF,
    0x27, 0x7B, 0xD9, 0xFF, 0x27, 0x7B, 0xD9, 0xFF, 0x27, 0x7B, 0xD9, 0xFF,
    0x27, 0x7B, 0xD9, 0xFF, 0x27, 0x7B, 0xD9, 0xFF, 0x27, 0x7B, 0xD9, 0xFF,
    0x27, 0x7B, 0xD9, 0xFF, 0x27, 0x7B, 0xD9, 0xFF, 0x27, 0x7B, 0xD9, 0xFF,
    0x27, 0x7B, 0xD9, 0xFF, 0x27, 0x7B, 0xD9, 0xFF, 0x27, 0x7B, 0xD9, 0xFF,
    0x27, 0x7B, 0xD9, 0xFF, 0x27, 0x7B, 0xD9, 0xFF, 0x27, 0x7B, 0xD9, 0xFF,
    0x27, 0x7B, 0xD9, 0xFF, 0x27, 0x7B, 0xD9, 0xFF, 0x27, 0x7B, 0xD9, 0xFF,
    0x27, 0x7B, 0xD9, 0xFF, 0x27, 0x7B, 0xD9, 0xFF, 0x27, 0x7B, 0xD9, 0xFF,
    0x27, 0x7B, 0xD9, 0xFF, 0x27, 0x7B, 0xD9, 0xFF, 0x27, 0x7B, 0xD9, 0xFF,
    0x27, 0x7B, 0xD9, 0xFF, 0x27, 0x7B, 0xD9, 0xFF, 0x24, 0x71, 0xC8, 0xC3,
    0x03, 0x08, 0x0F, 0x35, 0x00, 0x00, 0x00, 0x27, 0x00, 0x00, 0x00, 0x1C,
    0x00, 0x00, 0x00, 0x0F, 0x00, 0x00, 0x00, 0x01, 0x00, 0x00, 0x00, 0x00,
    0x00, 0x00, 0x00, 0x00, 0x00, 0x00, 0x00, 0x00, 0x00, 0x00, 0x00, 0x0A,
    0x00, 0x00, 0x00, 0x16, 0x00, 0x00, 0x00, 0x21, 0x00, 0x00, 0x00, 0x2A,
    0x03, 0x0B, 0x14, 0x37, 0x21, 0x6B, 0xBE, 0xAE, 0x25, 0x79, 0xD8, 0xFF,
    0x25, 0x79, 0xD8, 0xFF, 0x25, 0x79, 0xD8, 0xFF, 0x25, 0x79, 0xD8, 0xFF,
    0x25, 0x79, 0xD8, 0xFF, 0x25, 0x79, 0xD8, 0xFF, 0x25, 0x79, 0xD8, 0xFF,
    0x25, 0x79, 0xD8, 0xFF, 0x25, 0x79, 0xD8, 0xFF, 0x25, 0x79, 0xD8, 0xFF,
    0x25, 0x79, 0xD8, 0xFF, 0x25, 0x79, 0xD8, 0xFF, 0x25, 0x79, 0xD8, 0xFF,
    0x25, 0x79, 0xD8, 0xFF, 0x25, 0x79, 0xD8, 0xFF, 0x25, 0x79, 0xD8, 0xFF,
    0x25, 0x79, 0xD8, 0xFF, 0x25, 0x79, 0xD8, 0xFF, 0x25, 0x79, 0xD8, 0xFF,
    0x25, 0x79, 0xD8, 0xFF, 0x25, 0x79, 0xD8, 0xFF, 0x25, 0x79, 0xD8, 0xFF,
    0x25, 0x79, 0xD8, 0xFF, 0x25, 0x79, 0xD8, 0xFF, 0x25, 0x79, 0xD8, 0xFF,
    0x25, 0x79, 0xD8, 0xFF, 0x25, 0x79, 0xD8, 0xFF, 0x25, 0x79, 0xD8, 0xFF,
    0x25, 0x79, 0xD8, 0xFF, 0x25, 0x79, 0xD8, 0xFF, 0x25, 0x79, 0xD8, 0xFF,
    0x25, 0x79, 0xD8, 0xFF, 0x21, 0x6B, 0xBE, 0xAE, 0x03, 0x0B, 0x14, 0x37,
    0x00, 0x00, 0x00, 0x2A, 0x00, 0x00, 0x00, 0x21, 0x00, 0x00, 0x00, 0x16,
    0x00, 0x00, 0x00, 0x0A, 0x00, 0x00, 0x00, 0x00, 0x00, 0x00, 0x00, 0x00,
    0x00, 0x00, 0x00, 0x00, 0x00, 0x00, 0x00, 0x00, 0x00, 0x00, 0x00, 0x04,
    0x00, 0x00, 0x00, 0x10, 0x00, 0x00, 0x00, 0x1B, 0x00, 0x00, 0x00, 0x25,
    0x00, 0x00, 0x00, 0x2B, 0x00, 0x00, 0x00, 0x33, 0x17, 0x4C, 0x88, 0x68,
    0x21, 0x70, 0xC9, 0xCC, 0x24, 0x78, 0xD7, 0xFF, 0x24, 0x78, 0xD7, 0xFF,
    0x24, 0x78, 0xD7, 0xFF, 0x24, 0x78, 0xD7, 0xFF, 0x24, 0x78, 0xD7, 0xFF,
    0x24, 0x78, 0xD7, 0xFF, 0x24, 0x78, 0xD7, 0xFF, 0x24, 0x78, 0xD7, 0xFF,
    0x24, 0x78, 0xD7, 0xFF, 0x24, 0x78, 0xD7, 0xFF, 0x24, 0x78, 0xD7, 0xFF,
    0x24, 0x78, 0xD7, 0xFF, 0x24, 0x78, 0xD7, 0xFF, 0x24, 0x78, 0xD7, 0xFF,
    0x24, 0x78, 0xD7, 0xFF, 0x24, 0x78, 0xD7, 0xFF, 0x24, 0x78, 0xD7, 0xFF,
    0x24, 0x78, 0xD7, 0xFF, 0x24, 0x78, 0xD7, 0xFF, 0x24, 0x78, 0xD7, 0xFF,
    0x24, 0x78, 0xD7, 0xFF, 0x24, 0x78, 0xD7, 0xFF, 0x24, 0x78, 0xD7, 0xFF,
    0x24, 0x78, 0xD7, 0xFF, 0x24, 0x78, 0xD7, 0xFF, 0x24, 0x78, 0xD7, 0xFF,
    0x24, 0x78, 0xD7, 0xFF, 0x24, 0x78, 0xD7, 0xFF, 0x21, 0x70, 0xC9, 0xCC,
    0x17, 0x4C, 0x88, 0x68, 0x00, 0x00, 0x00, 0x33, 0x00, 0x00, 0x00, 0x2B,
    0x00, 0x00, 0x00, 0x25, 0x00, 0x00, 0x00, 0x1B, 0x00, 0x00, 0x00, 0x10,
    0x00, 0x00, 0x00, 0x04, 0x00, 0x00, 0x00, 0x00, 0x00, 0x00, 0x00, 0x00,
    0x00, 0x00, 0x00, 0x00, 0x00, 0x00, 0x00, 0x00, 0x00, 0x00, 0x00, 0x00,
    0x00, 0x00, 0x00, 0x0A, 0x00, 0x00, 0x00, 0x13, 0x00, 0x00, 0x00, 0x1C,
    0x00, 0x00, 0x00, 0x25, 0x00, 0x00, 0x00, 0x2A, 0x00, 0x00, 0x00, 0x31,
    0x00, 0x00, 0x00, 0x34, 0x0D, 0x2E, 0x54, 0x4B, 0x18, 0x54, 0x98, 0x77,
    0x1C, 0x62, 0xB2, 0x99, 0x1C, 0x62, 0xB2, 0x99, 0x1C, 0x62, 0xB2, 0x99,
    0x1C, 0x62, 0xB2, 0x99, 0x1C, 0x62, 0xB2, 0x99, 0x1C, 0x62, 0xB2, 0x99,
    0x1C, 0x62, 0xB2, 0x99, 0x1C, 0x62, 0xB2, 0x99, 0x1C, 0x62, 0xB2, 0x99,
    0x1C, 0x62, 0xB2, 0x99, 0x1C, 0x62, 0xB2, 0x99, 0x1C, 0x62, 0xB2, 0x99,
    0x1C, 0x62, 0xB2, 0x99, 0x1C, 0x62, 0xB2, 0x99, 0x1C, 0x62, 0xB2, 0x99,
    0x1C, 0x62, 0xB2, 0x99, 0x1C, 0x62, 0xB2, 0x99, 0x1C, 0x62, 0xB2, 0x99,
    0x1C, 0x62, 0xB2, 0x99, 0x1C, 0x62, 0xB2, 0x99, 0x1C, 0x62, 0xB2, 0x99,
    0x1C, 0x62, 0xB2, 0x99, 0x1C, 0x62, 0xB2, 0x99, 0x1C, 0x62, 0xB2, 0x99,
    0x18, 0x54, 0x98, 0x77, 0x0D, 0x2E, 0x54, 0x4B, 0x00, 0x00, 0x00, 0x34,
    0x00, 0x00, 0x00, 0x31, 0x00, 0x00, 0x00, 0x2A, 0x00, 0x00, 0x00, 0x25,
    0x00, 0x00, 0x00, 0x1C, 0x00, 0x00, 0x00, 0x13, 0x00, 0x00, 0x00, 0x0A,
    0x00, 0x00, 0x00, 0x00, 0x00, 0x00, 0x00, 0x00, 0x00, 0x00, 0x00, 0x00,
    0x00, 0x00, 0x00, 0x00, 0x00, 0x00, 0x00, 0x00, 0x00, 0x00, 0x00, 0x00,
    0x00, 0x00, 0x00, 0x01, 0x00, 0x00, 0x00, 0x0C, 0x00, 0x00, 0x00, 0x14,
    0x00, 0x00, 0x00, 0x1C, 0x00, 0x00, 0x00, 0x22, 0x00, 0x00, 0x00, 0x28,
    0x00, 0x00, 0x00, 0x2B, 0x00, 0x00, 0x00, 0x2F, 0x00, 0x00, 0x00, 0x32,
    0x00, 0x00, 0x00, 0x34, 0x00, 0x00, 0x00, 0x34, 0x00, 0x00, 0x00, 0x34,
    0x00, 0x00, 0x00, 0x34, 0x00, 0x00, 0x00, 0x34, 0x00, 0x00, 0x00, 0x34,
    0x00, 0x00, 0x00, 0x34, 0x00, 0x00, 0x00, 0x34, 0x00, 0x00, 0x00, 0x34,
    0x00, 0x00, 0x00, 0x34, 0x00, 0x00, 0x00, 0x34, 0x00, 0x00, 0x00, 0x34,
    0x00, 0x00, 0x00, 0x34, 0x00, 0x00, 0x00, 0x34, 0x00, 0x00, 0x00, 0x34,
    0x00, 0x00, 0x00, 0x34, 0x00, 0x00, 0x00, 0x34, 0x00, 0x00, 0x00, 0x34,
    0x00, 0x00, 0x00, 0x34, 0x00, 0x00, 0x00, 0x34, 0x00, 0x00, 0x00, 0x34,
    0x00, 0x00, 0x00, 0x34, 0x00, 0x00, 0x00, 0x34, 0x00, 0x00, 0x00, 0x34,
    0x00, 0x00, 0x00, 0x32, 0x00, 0x00, 0x00, 0x2F, 0x00, 0x00, 0x00, 0x2B,
    0x00, 0x00, 0x00, 0x28, 0x00, 0x00, 0x00, 0x22, 0x00, 0x00, 0x00, 0x1C,
    0x00, 0x00, 0x00, 0x14, 0x00, 0x00, 0x00, 0x0C, 0x00, 0x00, 0x00, 0x01,
    0x00, 0x00, 0x00, 0x00, 0x00, 0x00, 0x00, 0x00, 0x00, 0x00, 0x00, 0x00,
    0x00, 0x00, 0x00, 0x00, 0x00, 0x00, 0x00, 0x00, 0x00, 0x00, 0x00, 0x00,
    0x00, 0x00, 0x00, 0x00, 0x00, 0x00, 0x00, 0x02, 0x00, 0x00, 0x00, 0x0D,
    0x00, 0x00, 0x00, 0x13, 0x00, 0x00, 0x00, 0x1A, 0x00, 0x00, 0x00, 0x1D,
    0x00, 0x00, 0x00, 0x23, 0x00, 0x00, 0x00, 0x27, 0x00, 0x00, 0x00, 0x28,
    0x00, 0x00, 0x00, 0x28, 0x00, 0x00, 0x00, 0x28, 0x00, 0x00, 0x00, 0x28,
    0x00, 0x00, 0x00, 0x28, 0x00, 0x00, 0x00, 0x28, 0x00, 0x00, 0x00, 0x28,
    0x00, 0x00, 0x00, 0x28, 0x00, 0x00, 0x00, 0x28, 0x00, 0x00, 0x00, 0x28,
    0x00, 0x00, 0x00, 0x28, 0x00, 0x00, 0x00, 0x28, 0x00, 0x00, 0x00, 0x28,
    0x00, 0x00, 0x00, 0x28, 0x00, 0x00, 0x00, 0x28, 0x00, 0x00, 0x00, 0x28,
    0x00, 0x00, 0x00, 0x28, 0x00, 0x00, 0x00, 0x28, 0x00, 0x00, 0x00, 0x28,
    0x00, 0x00, 0x00, 0x28, 0x00, 0x00, 0x00, 0x28, 0x00, 0x00, 0x00, 0x28,
    0x00, 0x00, 0x00, 0x28, 0x00, 0x00, 0x00, 0x28, 0x00, 0x00, 0x00, 0x28,
    0x00, 0x00, 0x00, 0x28, 0x00, 0x00, 0x00, 0x27, 0x00, 0x00, 0x00, 0x23,
    0x00, 0x00, 0x00, 0x1D, 0x00, 0x00, 0x00, 0x1A, 0x00, 0x00, 0x00, 0x13,
    0x00, 0x00, 0x00, 0x0D, 0x00, 0x00, 0x00, 0x02, 0x00, 0x00, 0x00, 0x00,
    0x00, 0x00, 0x00, 0x00, 0x00, 0x00, 0x00, 0x00, 0x00, 0x00, 0x00, 0x00,
    0x00, 0x00, 0x00, 0x00, 0x00, 0x00, 0x00, 0x00, 0x00, 0x00, 0x00, 0x00,
    0x00, 0x00, 0x00, 0x00, 0x00, 0x00, 0x00, 0x00, 0x00, 0x00, 0x00, 0x02,
    0x00, 0x00, 0x00, 0x0B, 0x00, 0x00, 0x00, 0x0F, 0x00, 0x00, 0x00, 0x16,
    0x00, 0x00, 0x00, 0x1B, 0x00, 0x00, 0x00, 0x1B, 0x00, 0x00, 0x00, 0x1D,
    0x00, 0x00, 0x00, 0x1E, 0x00, 0x00, 0x00, 0x1E, 0x00, 0x00, 0x00, 0x1E,
    0x00, 0x00, 0x00, 0x1E, 0x00, 0x00, 0x00, 0x1E, 0x00, 0x00, 0x00, 0x1E,
    0x00, 0x00, 0x00, 0x1E, 0x00, 0x00, 0x00, 0x1E, 0x00, 0x00, 0x00, 0x1E,
    0x00, 0x00, 0x00, 0x1E, 0x00, 0x00, 0x00, 0x1E, 0x00, 0x00, 0x00, 0x1E,
    0x00, 0x00, 0x00, 0x1E, 0x00, 0x00, 0x00, 0x1E, 0x00, 0x00, 0x00, 0x1E,
    0x00, 0x00, 0x00, 0x1E, 0x00, 0x00, 0x00, 0x1E, 0x00, 0x00, 0x00, 0x1E,
    0x00, 0x00, 0x00, 0x1E, 0x00, 0x00, 0x00, 0x1E, 0x00, 0x00, 0x00, 0x1E,
    0x00, 0x00, 0x00, 0x1E, 0x00, 0x00, 0x00, 0x1E, 0x00, 0x00, 0x00, 0x1E,
    0x00, 0x00, 0x00, 0x1D, 0x00, 0x00, 0x00, 0x1B, 0x00, 0x00, 0x00, 0x1B,
    0x00, 0x00, 0x00, 0x16, 0x00, 0x00, 0x00, 0x0F, 0x00, 0x00, 0x00, 0x0B,
    0x00, 0x00, 0x00, 0x02, 0x00, 0x00, 0x00, 0x00, 0x00, 0x00, 0x00, 0x00,
    0x00, 0x00, 0x00, 0x00, 0x00, 0x00, 0x00, 0x00, 0x00, 0x00, 0x00, 0x00,
    0x00, 0x00, 0x00, 0x00, 0x00, 0x00, 0x00, 0x00, 0x00, 0x00, 0x00, 0x00,
    0x00, 0x00, 0x00, 0x00, 0x00, 0x00, 0x00, 0x00, 0x00, 0x00, 0x00, 0x00,
    0x00, 0x00, 0x00, 0x00, 0x00, 0x00, 0x00, 0x07, 0x00, 0x00, 0x00, 0x0D,
    0x00, 0x00, 0x00, 0x0E, 0x00, 0x00, 0x00, 0x12, 0x00, 0x00, 0x00, 0x15,
    0x00, 0x00, 0x00, 0x15, 0x00, 0x00, 0x00, 0x15, 0x00, 0x00, 0x00, 0x15,
    0x00, 0x00, 0x00, 0x15, 0x00, 0x00, 0x00, 0x15, 0x00, 0x00, 0x00, 0x15,
    0x00, 0x00, 0x00, 0x15, 0x00, 0x00, 0x00, 0x15, 0x00, 0x00, 0x00, 0x15,
    0x00, 0x00, 0x00, 0x15, 0x00, 0x00, 0x00, 0x15, 0x00, 0x00, 0x00, 0x15,
    0x00, 0x00, 0x00, 0x15, 0x00, 0x00, 0x00, 0x15, 0x00, 0x00, 0x00, 0x15,
    0x00, 0x00, 0x00, 0x15, 0x00, 0x00, 0x00, 0x15, 0x00, 0x00, 0x00, 0x15,
    0x00, 0x00, 0x00, 0x15, 0x00, 0x00, 0x00, 0x15, 0x00, 0x00, 0x00, 0x15,
    0x00, 0x00, 0x00, 0x15, 0x00, 0x00, 0x00, 0x15, 0x00, 0x00, 0x00, 0x15,
    0x00, 0x00, 0x00, 0x15, 0x00, 0x00, 0x00, 0x12, 0x00, 0x00, 0x00, 0x0E,
    0x00, 0x00, 0x00, 0x0D, 0x00, 0x00, 0x00, 0x07, 0x00, 0x00, 0x00, 0x00,
    0x00, 0x00, 0x00, 0x00, 0x00, 0x00, 0x00, 0x00, 0x00, 0x00, 0x00, 0x00,
    0x00, 0x00, 0x00, 0x00, 0x00, 0x00, 0x00, 0x00, 0x00, 0x00, 0x00, 0x00,
};

const uint8_t ICON_FILES_SMALL[] = {
    0x4C, 0x49, 0x43, 0x32, 0x18, 0x18, 0x00, 0x00,
    0x00, 0x00, 0x00, 0x00, 0x00, 0x00, 0x00, 0x00, 0x00, 0x00, 0x00, 0x00,
    0x00, 0x00, 0x00, 0x00, 0x00, 0x00, 0x00, 0x00, 0x00, 0x00, 0x00, 0x00,
    0x00, 0x00, 0x00, 0x00, 0x00, 0x00, 0x00, 0x00, 0x00, 0x00, 0x00, 0x00,
    0x00, 0x00, 0x00, 0x00, 0x00, 0x00, 0x00, 0x00, 0x00, 0x00, 0x00, 0x00,
    0x00, 0x00, 0x00, 0x00, 0x00, 0x00, 0x00, 0x00, 0x00, 0x00, 0x00, 0x00,
    0x00, 0x00, 0x00, 0x00, 0x00, 0x00, 0x00, 0x00, 0x00, 0x00, 0x00, 0x00,
    0x00, 0x00, 0x00, 0x00, 0x00, 0x00, 0x00, 0x00, 0x00, 0x00, 0x00, 0x00,
    0x00, 0x00, 0x00, 0x00, 0x00, 0x00, 0x00, 0x00, 0x00, 0x00, 0x00, 0x00,
    0x00, 0x00, 0x00, 0x00, 0x00, 0x00, 0x00, 0x00, 0x00, 0x00, 0x00, 0x00,
    0x00, 0x00, 0x00, 0x00, 0x90, 0xCD, 0xFF, 0x17, 0x95, 0xCF, 0xFF, 0x76,
    0x8D, 0xCB, 0xFF, 0x93, 0x7F, 0xC5, 0xFF, 0x8C, 0x7F, 0xC5, 0xFF, 0x8C,
    0x7F, 0xC5, 0xFF, 0x8C, 0x7F, 0xC5, 0xFF, 0x8C, 0x7F, 0xC5, 0xFF, 0x8C,
    0x7F, 0xC5, 0xFF, 0x8C, 0x7F, 0xC5, 0xFF, 0x8C, 0x7F, 0xC5, 0xFF, 0x8C,
    0x7F, 0xC5, 0xFF, 0x8C, 0x7F, 0xC5, 0xFF, 0x8C, 0x8D, 0xCB, 0xFF, 0x93,
    0x95, 0xCF, 0xFF, 0x76, 0x90, 0xCD, 0xFF, 0x17, 0x00, 0x00, 0x00, 0x00,
    0x00, 0x00, 0x00, 0x00, 0x00, 0x00, 0x00, 0x00, 0x00, 0x00, 0x00, 0x00,
    0x00, 0x00, 0x00, 0x00, 0x00, 0x00, 0x00, 0x00, 0x00, 0x00, 0x00, 0x00,
    0x87, 0xC5, 0xF9, 0x6C, 0x76, 0xBE, 0xFC, 0xF4, 0x62, 0xB6, 0xFD, 0xFF,
    0x60, 0xB5, 0xFD, 0xFF, 0x60, 0xB5, 0xFD, 0xFF, 0x60, 0xB5, 0xFD, 0xFF,
    0x60, 0xB5, 0xFD, 0xFF, 0x60, 0xB5, 0xFD, 0xFF, 0x60, 0xB5, 0xFD, 0xFF,
    0x60, 0xB5, 0xFD, 0xFF, 0x60, 0xB5, 0xFD, 0xFF, 0x60, 0xB5, 0xFD, 0xFF,
    0x60, 0xB5, 0xFD, 0xFF, 0x60, 0xB5, 0xFD, 0xFF, 0x60, 0xB5, 0xFD, 0xFF,
    0x62, 0xB6, 0xFD, 0xFF, 0x76, 0xBE, 0xFC, 0xF4, 0x87, 0xC5, 0xF9, 0x6C,
    0x00, 0x00, 0x00, 0x00, 0x00, 0x00, 0x00, 0x00, 0x00, 0x00, 0x00, 0x00,
    0x00, 0x00, 0x00, 0x00, 0x00, 0x00, 0x00, 0x00, 0x7D, 0xB9, 0xEC, 0x58,
    0x69, 0xB7, 0xFB, 0xFE, 0x5D, 0xB1, 0xFB, 0xFF, 0x5D, 0xB1, 0xFB, 0xFF,
    0x5D, 0xB1, 0xFB, 0xFF, 0x5D, 0xB1, 0xFB, 0xFF, 0x5D, 0xB1, 0xFB, 0xFF,
    0x5D, 0xB1, 0xFB, 0xFF, 0x5D, 0xB1, 0xFB, 0xFF, 0x5D, 0xB1, 0xFB, 0xFF,
    0x5D, 0xB1, 0xFB, 0xFF, 0x5D, 0xB1, 0xFB, 0xFF, 0x5D, 0xB1, 0xFB, 0xFF,
    0x5D, 0xB1, 0xFB, 0xFF, 0x5D, 0xB1, 0xFB, 0xFF, 0x5D, 0xB1, 0xFB, 0xFF,
    0x5D, 0xB1, 0xFB, 0xFF, 0x5D, 0xB1, 0xFB, 0xFF, 0x69, 0xB7, 0xFB, 0xFE,
    0x7D, 0xB9, 0xEC, 0x58, 0x00, 0x00, 0x00, 0x00, 0x00, 0x00, 0x00, 0x00,
    0x00, 0x00, 0x00, 0x00, 0x00, 0x00, 0x00, 0x04, 0x6E, 0xB4, 0xF2, 0xD8,
    0x59, 0xAE, 0xF9, 0xFF, 0x59, 0xAE, 0xF9, 0xFF, 0x59, 0xAE, 0xF9, 0xFF,
    0x59, 0xAE, 0xF9, 0xFF, 0x59, 0xAE, 0xF9, 0xFF, 0x59, 0xAE, 0xF9, 0xFF,
    0x59, 0xAE, 0xF9, 0xFF, 0x59, 0xAE, 0xF9, 0xFF, 0x59, 0xAE, 0xF9, 0xFF,
    0x59, 0xAE, 0xF9, 0xFF, 0x59, 0xAE, 0xF9, 0xFF, 0x59, 0xAE, 0xF9, 0xFF,
    0x59, 0xAE, 0xF9, 0xFF, 0x59, 0xAE, 0xF9, 0xFF, 0x59, 0xAE, 0xF9, 0xFF,
    0x59, 0xAE, 0xF9, 0xFF, 0x59, 0xAE, 0xF9, 0xFF, 0x59, 0xAE, 0xF9, 0xFF,
    0x6E, 0xB4, 0xF2, 0xD8, 0x00, 0x00, 0x00, 0x04, 0x00, 0x00, 0x00, 0x00,
    0x00, 0x00, 0x00, 0x00, 0x3F, 0x61, 0x7F, 0x25, 0x65, 0xB2, 0xF8, 0xFF,
    0x56, 0xAB, 0xF7, 0xFF, 0x56, 0xAB, 0xF7, 0xFF, 0x56, 0xAB, 0xF7, 0xFF,
    0x56, 0xAB, 0xF7, 0xFF, 0x56, 0xAB, 0xF7, 0xFF, 0x56, 0xAB, 0xF7, 0xFF,
    0x56, 0xAB, 0xF7, 0xFF, 0x56, 0xAB, 0xF7, 0xFF, 0x56, 0xAB, 0xF7, 0xFF,
    0x56, 0xAB, 0xF7, 0xFF, 0x56, 0xAB, 0xF7, 0xFF, 0x56, 0xAB, 0xF7, 0xFF,
    0x56, 0xAB, 0xF7, 0xFF, 0x56, 0xAB, 0xF7, 0xFF, 0x56, 0xAB, 0xF7, 0xFF,
    0x56, 0xAB, 0xF7, 0xFF, 0x56, 0xAB, 0xF7, 0xFF, 0x56, 0xAB, 0xF7, 0xFF,
    0x65, 0xB2, 0xF8, 0xFF, 0x3F, 0x61, 0x7F, 0x25, 0x00, 0x00, 0x00, 0x00,
    0x00, 0x00, 0x00, 0x01, 0x45, 0x6E, 0x92, 0x40, 0x5D, 0xAD, 0xF5, 0xFF,
    0x53, 0xA8, 0xF5, 0xFF, 0x53, 0xA8, 0xF5, 0xFF, 0x53, 0xA8, 0xF5, 0xFF,
    0x53, 0xA8, 0xF5, 0xFF, 0x53, 0xA8, 0xF5, 0xFF, 0x53, 0xA8, 0xF5, 0xFF,
    0x53, 0xA8, 0xF5, 0xFF, 0x53, 0xA8, 0xF5, 0xFF, 0x53, 0xA8, 0xF5, 0xFF,
    0x53, 0xA8, 0xF5, 0xFF, 0x53, 0xA8, 0xF5, 0xFF, 0x53, 0xA8, 0xF5, 0xFF,
    0x53, 0xA8, 0xF5, 0xFF, 0x53, 0xA8, 0xF5, 0xFF, 0x53, 0xA8, 0xF5, 0xFF,
    0x53, 0xA8, 0xF5, 0xFF, 0x53, 0xA8, 0xF5, 0xFF, 0x53, 0xA8, 0xF5, 0xFF,
    0x5D, 0xAD, 0xF5, 0xFF, 0x45, 0x6E, 0x92, 0x40, 0x00, 0x00, 0x00, 0x01,
    0x00, 0x00, 0x00, 0x03, 0x3F, 0x66, 0x8B, 0x42, 0x59, 0xA9, 0xF3, 0xFF,
    0x50, 0xA4, 0xF3, 0xFF, 0x50, 0xA4, 0xF3, 0xFF, 0x99, 0xCA, 0xF9, 0xFF,
    0xE0, 0xEF, 0xFE, 0xFF, 0xE0, 0xEF, 0xFE, 0xFF, 0xE0, 0xEF, 0xFE, 0xFF,
    0xE0, 0xEF, 0xFE, 0xFF, 0xCE, 0xE6, 0xFD, 0xFF, 0x62, 0xAE, 0xF4, 0xFF,
    0x50, 0xA4, 0xF3, 0xFF, 0x50, 0xA4, 0xF3, 0xFF, 0x50, 0xA4, 0xF3, 0xFF,
    0x50, 0xA4, 0xF3, 0xFF, 0x50, 0xA4, 0xF3, 0xFF, 0x50, 0xA4, 0xF3, 0xFF,
    0x50, 0xA4, 0xF3, 0xFF, 0x50, 0xA4, 0xF3, 0xFF, 0x50, 0xA4, 0xF3, 0xFF,
    0x59, 0xA9, 0xF3, 0xFF, 0x3F, 0x66, 0x8B, 0x42, 0x00, 0x00, 0x00, 0x03,
    0x00, 0x00, 0x00, 0x04, 0x3A, 0x62, 0x88, 0x41, 0x54, 0xA5, 0xF1, 0xFF,
    0x4D, 0xA1, 0xF1, 0xFF, 0x4D, 0xA1, 0xF1, 0xFF, 0xC9, 0xE3, 0xFC, 0xFF,
    0xF6, 0xFA, 0xFF, 0xFF, 0xF7, 0xFA, 0xFF, 0xFF, 0xF7, 0xFA, 0xFF, 0xFF,
    0xF7, 0xFA, 0xFF, 0xFF, 0xF7, 0xFA, 0xFF, 0xFF, 0xDA, 0xEC, 0xFC, 0xFF,
    0xD2, 0xE7, 0xFB, 0xFF, 0xD2, 0xE7, 0xFB, 0xFF, 0xD2, 0xE7, 0xFB, 0xFF,
    0xD2, 0xE7, 0xFB, 0xFF, 0xD2, 0xE7, 0xFB, 0xFF, 0xD1, 0xE7, 0xFB, 0xFF,
    0x75, 0xB6, 0xF4, 0xFF, 0x4D, 0xA1, 0xF1, 0xFF, 0x4D, 0xA1, 0xF1, 0xFF,
    0x54, 0xA5, 0xF1, 0xFF, 0x3A, 0x62, 0x88, 0x41, 0x00, 0x00, 0x00, 0x04,
    0x00, 0x00, 0x00, 0x04, 0x35, 0x5E, 0x85, 0x40, 0x50, 0xA1, 0xEF, 0xFF,
    0x49, 0x9E, 0xEF, 0xFF, 0x49, 0x9E, 0xEF, 0xFF, 0xCF, 0xE5, 0xFA, 0xFF,
    0xFA, 0xFC, 0xFE, 0xFF, 0xFA, 0xFC, 0xFE, 0xFF, 0xFA, 0xFC, 0xFE, 0xFF,
    0xFA, 0xFC, 0xFE, 0xFF, 0xFA, 0xFC, 0xFE, 0xFF, 0xFA, 0xFC, 0xFE, 0xFF,
    0xFA, 0xFC, 0xFE, 0xFF, 0xFA, 0xFC, 0xFE, 0xFF, 0xFA, 0xFC, 0xFE, 0xFF,
    0xFA, 0xFC, 0xFE, 0xFF, 0xFA, 0xFC, 0xFE, 0xFF, 0xFA, 0xFC, 0xFE, 0xFF,
    0xCA, 0xE2, 0xFA, 0xFF, 0x49, 0x9E, 0xEF, 0xFF, 0x49, 0x9E, 0xEF, 0xFF,
    0x50, 0xA1, 0xEF, 0xFF, 0x35, 0x5E, 0x85, 0x40, 0x00, 0x00, 0x00, 0x04,
    0x00, 0x00, 0x00, 0x04, 0x30, 0x5A, 0x82, 0x40, 0x4B, 0x9D, 0xED, 0xFF,
    0x46, 0x9B, 0xED, 0xFF, 0x46, 0x9B, 0xED, 0xFF, 0xDC, 0xDC, 0xC6, 0xFF,
    0xF2, 0xD6, 0x88, 0xFF, 0xF2, 0xD6, 0x88, 0xFF, 0xF2, 0xD6, 0x88, 0xFF,
    0xF2, 0xD6, 0x88, 0xFF, 0xF2, 0xD6, 0x88, 0xFF, 0xF2, 0xD6, 0x88, 0xFF,
    0xF2, 0xD6, 0x88, 0xFF, 0xF2, 0xD6, 0x88, 0xFF, 0xF2, 0xD6, 0x88, 0xFF,
    0xF2, 0xD6, 0x88, 0xFF, 0xF2, 0xD6, 0x88, 0xFF, 0xF2, 0xD6, 0x88, 0xFF,
    0xDC, 0xDC, 0xC6, 0xFF, 0x46, 0x9B, 0xED, 0xFF, 0x46, 0x9B, 0xED, 0xFF,
    0x4B, 0x9D, 0xED, 0xFF, 0x30, 0x5A, 0x82, 0x40, 0x00, 0x00, 0x00, 0x04,
    0x00, 0x00, 0x00, 0x04, 0x2B, 0x55, 0x7F, 0x3F, 0x46, 0x99, 0xEB, 0xFF,
    0x43, 0x97, 0xEB, 0xFF, 0x43, 0x97, 0xEB, 0xFF, 0xE5, 0xD4, 0x9F, 0xFF,
    0xEF, 0xD1, 0x81, 0xFF, 0xEF, 0xD1, 0x81, 0xFF, 0xEF, 0xD1, 0x81, 0xFF,
    0xEF, 0xD1, 0x81, 0xFF, 0xEF, 0xD1, 0x81, 0xFF, 0xEF, 0xD1, 0x81, 0xFF,
    0xEF, 0xD1, 0x81, 0xFF, 0xEF, 0xD1, 0x81, 0xFF, 0xEF, 0xD1, 0x81, 0xFF,
    0xEF, 0xD1, 0x81, 0xFF, 0xEF, 0xD1, 0x81, 0xFF, 0xEF, 0xD1, 0x81, 0xFF,
    0xE5, 0xD4, 0x9F, 0xFF, 0x43, 0x97, 0xEB, 0xFF, 0x43, 0x97, 0xEB, 0xFF,
    0x46, 0x99, 0xEB, 0xFF, 0x2B, 0x55, 0x7F, 0x3F, 0x00, 0x00, 0x00, 0x04,
    0x00, 0x00, 0x00, 0x04, 0x26, 0x51, 0x7C, 0x3E, 0x42, 0x95, 0xE9, 0xFF,
    0x40, 0x94, 0xE9, 0xFF, 0x40, 0x94, 0xE9, 0xFF, 0xE2, 0xCF, 0x99, 0xFF,
    0xED, 0xCB, 0x7A, 0xFF, 0xED, 0xCB, 0x7A, 0xFF, 0xED, 0xCB, 0x7A, 0xFF,
    0xED, 0xCB, 0x7A, 0xFF, 0xED, 0xCB, 0x7A, 0xFF, 0xED, 0xCB, 0x7A, 0xFF,
    0xED, 0xCB, 0x7A, 0xFF, 0xED, 0xCB, 0x7A, 0xFF, 0xED, 0xCB, 0x7A, 0xFF,
    0xED, 0xCB, 0x7A, 0xFF, 0xED, 0xCB, 0x7A, 0xFF, 0xED, 0xCB, 0x7A, 0xFF,
    0xE2, 0xCF, 0x99, 0xFF, 0x40, 0x94, 0xE9, 0xFF, 0x40, 0x94, 0xE9, 0xFF,
    0x42, 0x95, 0xE9, 0xFF, 0x26, 0x51, 0x7C, 0x3E, 0x00, 0x00, 0x00, 0x04,
    0x00, 0x00, 0x00, 0x04, 0x20, 0x4C, 0x79, 0x3D, 0x3D, 0x91, 0xE7, 0xFF,
    0x3C, 0x91, 0xE7, 0xFF, 0x3C, 0x91, 0xE7, 0xFF, 0xDF, 0xCB, 0x93, 0xFF,
    0xEA, 0xC6, 0x72, 0xFF, 0xEA, 0xC6, 0x72, 0xFF, 0xEA, 0xC6, 0x72, 0xFF,
    0xEA, 0xC6, 0x72, 0xFF, 0xEA, 0xC6, 0x72, 0xFF, 0xEA, 0xC6, 0x72, 0xFF,
    0xEA, 0xC6, 0x72, 0xFF, 0xEA, 0xC6, 0x72, 0xFF, 0xEA, 0xC6, 0x72, 0xFF,
    0xEA, 0xC6, 0x72, 0xFF, 0xEA, 0xC6, 0x72, 0xFF, 0xEA, 0xC6, 0x72, 0xFF,
    0xDF, 0xCB, 0x93, 0xFF, 0x3C, 0x91, 0xE7, 0xFF, 0x3C, 0x91, 0xE7, 0xFF,
    0x3D, 0x91, 0xE7, 0xFF, 0x20, 0x4C, 0x79, 0x3D, 0x00, 0x00, 0x00, 0x04,
    0x00, 0x00, 0x00, 0x04, 0x1E, 0x4A, 0x77, 0x3D, 0x39, 0x8E, 0xE5, 0xFF,
    0x39, 0x8E, 0xE5, 0xFF, 0x39, 0x8E, 0xE5, 0xFF, 0xDC, 0xC6, 0x8D, 0xFF,
    0xE7, 0xC1, 0x6B, 0xFF, 0xE7, 0xC1, 0x6B, 0xFF, 0xE7, 0xC1, 0x6B, 0xFF,
    0xE7, 0xC1, 0x6B, 0xFF, 0xE7, 0xC1, 0x6B, 0xFF, 0xE7, 0xC1, 0x6B, 0xFF,
    0xE7, 0xC1, 0x6B, 0xFF, 0xE7, 0xC1, 0x6B, 0xFF, 0xE7, 0xC1, 0x6B, 0xFF,
    0xE7, 0xC1, 0x6B, 0xFF, 0xE7, 0xC1, 0x6B, 0xFF, 0xE7, 0xC1, 0x6B, 0xFF,
    0xDC, 0xC6, 0x8D, 0xFF, 0x39, 0x8E, 0xE5, 0xFF, 0x39, 0x8E, 0xE5, 0xFF,
    0x39, 0x8E, 0xE5, 0xFF, 0x1E, 0x4A, 0x77, 0x3D, 0x00, 0x00, 0x00, 0x04,
    0x00, 0x00, 0x00, 0x04, 0x1C, 0x48, 0x76, 0x3D, 0x36, 0x8A, 0xE3, 0xFF,
    0x36, 0x8A, 0xE3, 0xFF, 0x36, 0x8A, 0xE3, 0xFF, 0xD8, 0xC1, 0x89, 0xFF,
    0xE4, 0xBB, 0x64, 0xFF, 0xE4, 0xBB, 0x64, 0xFF, 0xE4, 0xBB, 0x64, 0xFF,
    0xE4, 0xBB, 0x64, 0xFF, 0xE4, 0xBB, 0x64, 0xFF, 0xE4, 0xBB, 0x64, 0xFF,
    0xE4, 0xBB, 0x64, 0xFF, 0xE4, 0xBB, 0x64, 0xFF, 0xE4, 0xBB, 0x64, 0xFF,
    0xE4, 0xBB, 0x64, 0xFF, 0xE4, 0xBB, 0x64, 0xFF, 0xE4, 0xBB, 0x64, 0xFF,
    0xD8, 0xC1, 0x89, 0xFF, 0x36, 0x8A, 0xE3, 0xFF, 0x36, 0x8A, 0xE3, 0xFF,
    0x36, 0x8A, 0xE3, 0xFF, 0x1C, 0x48, 0x76, 0x3D, 0x00, 0x00, 0x00, 0x04,
    0x00, 0x00, 0x00, 0x04, 0x1B, 0x46, 0x75, 0x3D, 0x33, 0x87, 0xE1, 0xFF,
    0x33, 0x87, 0xE1, 0xFF, 0x33, 0x87, 0xE1, 0xFF, 0x90, 0xAC, 0xBB, 0xFF,
    0xD6, 0xBD, 0x82, 0xFF, 0xD6, 0xBD, 0x82, 0xFF, 0xD6, 0xBD, 0x82, 0xFF,
    0xD6, 0xBD, 0x82, 0xFF, 0xD6, 0xBD, 0x82, 0xFF, 0xD6, 0xBD, 0x82, 0xFF,
    0xD6, 0xBD, 0x82, 0xFF, 0xD6, 0xBD, 0x82, 0xFF, 0xD6, 0xBD, 0x82, 0xFF,
    0xD6, 0xBD, 0x82, 0xFF, 0xD6, 0xBD, 0x82, 0xFF, 0xD6, 0xBD, 0x82, 0xFF,
    0x90, 0xAC, 0xBB, 0xFF, 0x33, 0x87, 0xE1, 0xFF, 0x33, 0x87, 0xE1, 0xFF,
    0x33, 0x87, 0xE1, 0xFF, 0x1B, 0x46, 0x75, 0x3D, 0x00, 0x00, 0x00, 0x04,
    0x00, 0x00, 0x00, 0x04, 0x14, 0x39, 0x5F, 0x35, 0x30, 0x84, 0xDF, 0xFF,
    0x30, 0x84, 0xDF, 0xFF, 0x30, 0x84, 0xDF, 0xFF, 0x30, 0x84, 0xDF, 0xFF,
    0x30, 0x84, 0xDF, 0xFF, 0x30, 0x84, 0xDF, 0xFF, 0x30, 0x84, 0xDF, 0xFF,
    0x30, 0x84, 0xDF, 0xFF, 0x30, 0x84, 0xDF, 0xFF, 0x30, 0x84, 0xDF, 0xFF,
    0x30, 0x84, 0xDF, 0xFF, 0x30, 0x84, 0xDF, 0xFF, 0x30, 0x84, 0xDF, 0xFF,
    0x30, 0x84, 0xDF, 0xFF, 0x30, 0x84, 0xDF, 0xFF, 0x30, 0x84, 0xDF, 0xFF,
    0x30, 0x84, 0xDF, 0xFF, 0x30, 0x84, 0xDF, 0xFF, 0x30, 0x84, 0xDF, 0xFF,
    0x30, 0x84, 0xDF, 0xFF, 0x14, 0x39, 0x5F, 0x35, 0x00, 0x00, 0x00, 0x04,
    0x00, 0x00, 0x00, 0x03, 0x00, 0x00, 0x00, 0x20, 0x2B, 0x7D, 0xD7, 0xE7,
    0x2C, 0x81, 0xDD, 0xFF, 0x2C, 0x81, 0xDD, 0xFF, 0x2C, 0x81, 0xDD, 0xFF,
    0x2C, 0x81, 0xDD, 0xFF, 0x2C, 0x81, 0xDD, 0xFF, 0x2C, 0x81, 0xDD, 0xFF,
    0x2C, 0x81, 0xDD, 0xFF, 0x2C, 0x81, 0xDD, 0xFF, 0x2C, 0x81, 0xDD, 0xFF,
    0x2C, 0x81, 0xDD, 0xFF, 0x2C, 0x81, 0xDD, 0xFF, 0x2C, 0x81, 0xDD, 0xFF,
    0x2C, 0x81, 0xDD, 0xFF, 0x2C, 0x81, 0xDD, 0xFF, 0x2C, 0x81, 0xDD, 0xFF,
    0x2C, 0x81, 0xDD, 0xFF, 0x2C, 0x81, 0xDD, 0xFF, 0x2C, 0x81, 0xDD, 0xFF,
    0x2B, 0x7D, 0xD7, 0xE7, 0x00, 0x00, 0x00, 0x20, 0x00, 0x00, 0x00, 0x03,
    0x00, 0x00, 0x00, 0x02, 0x00, 0x00, 0x00, 0x1B, 0x21, 0x63, 0xAD, 0x88,
    0x29, 0x7D, 0xDB, 0xFF, 0x29, 0x7D, 0xDB, 0xFF, 0x29, 0x7D, 0xDB, 0xFF,
    0x29, 0x7D, 0xDB, 0xFF, 0x29, 0x7D, 0xDB, 0xFF, 0x29, 0x7D, 0xDB, 0xFF,
    0x29, 0x7D, 0xDB, 0xFF, 0x29, 0x7D, 0xDB, 0xFF, 0x29, 0x7D, 0xDB, 0xFF,
    0x29, 0x7D, 0xDB, 0xFF, 0x29, 0x7D, 0xDB, 0xFF, 0x29, 0x7D, 0xDB, 0xFF,
    0x29, 0x7D, 0xDB, 0xFF, 0x29, 0x7D, 0xDB, 0xFF, 0x29, 0x7D, 0xDB, 0xFF,
    0x29, 0x7D, 0xDB, 0xFF, 0x29, 0x7D, 0xDB, 0xFF, 0x29, 0x7D, 0xDB, 0xFF,
    0x21, 0x63, 0xAD, 0x88, 0x00, 0x00, 0x00, 0x1B, 0x00, 0x00, 0x00, 0x02,
    0x00, 0x00, 0x00, 0x00, 0x00, 0x00, 0x00, 0x13, 0x00, 0x00, 0x00, 0x29,
    0x21, 0x6B, 0xBE, 0xAB, 0x26, 0x7A, 0xD9, 0xFF, 0x26, 0x7A, 0xD9, 0xFF,
    0x26, 0x7A, 0xD9, 0xFF, 0x26, 0x7A, 0xD9, 0xFF, 0x26, 0x7A, 0xD9, 0xFF,
    0x26, 0x7A, 0xD9, 0xFF, 0x26, 0x7A, 0xD9, 0xFF, 0x26, 0x7A, 0xD9, 0xFF,
    0x26, 0x7A, 0xD9, 0xFF, 0x26, 0x7A, 0xD9, 0xFF, 0x26, 0x7A, 0xD9, 0xFF,
    0x26, 0x7A, 0xD9, 0xFF, 0x26, 0x7A, 0xD9, 0xFF, 0x26, 0x7A, 0xD9, 0xFF,
    0x26, 0x7A, 0xD9, 0xFF, 0x26, 0x7A, 0xD9, 0xFF, 0x21, 0x6B, 0xBE, 0xAB,
    0x00, 0x00, 0x00, 0x29, 0x00, 0x00, 0x00, 0x13, 0x00, 0x00, 0x00, 0x00,
    0x00, 0x00, 0x00, 0x00, 0x00, 0x00, 0x00, 0x07, 0x00, 0x00, 0x00, 0x1C,
    0x00, 0x00, 0x00, 0x2B, 0x16, 0x4C, 0x89, 0x68, 0x1F, 0x6A, 0xBF, 0xB2,
    0x21, 0x6F, 0xC9, 0xCC, 0x21, 0x6F, 0xC9, 0xCC, 0x21, 0x6F, 0xC9, 0xCC,
    0x21, 0x6F, 0xC9, 0xCC, 0x21, 0x6F, 0xC9, 0xCC, 0x21, 0x6F, 0xC9, 0xCC,
    0x21, 0x6F, 0xC9, 0xCC, 0x21, 0x6F, 0xC9, 0xCC, 0x21, 0x6F, 0xC9, 0xCC,
    0x21, 0x6F, 0xC9, 0xCC, 0x21, 0x6F, 0xC9, 0xCC, 0x21, 0x6F, 0xC9, 0xCC,
    0x1F, 0x6A, 0xBF, 0xB2, 0x16, 0x4C, 0x89, 0x68, 0x00, 0x00, 0x00, 0x2B,
    0x00, 0x00, 0x00, 0x1C, 0x00, 0x00, 0x00, 0x07, 0x00, 0x00, 0x00, 0x00,
    0x00, 0x00, 0x00, 0x00, 0x00, 0x00, 0x00, 0x00, 0x00, 0x00, 0x00, 0x0C,
    0x00, 0x00, 0x00, 0x1B, 0x00, 0x00, 0x00, 0x25, 0x00, 0x00, 0x00, 0x2C,
    0x00, 0x00, 0x00, 0x2E, 0x00, 0x00, 0x00, 0x2E, 0x00, 0x00, 0x00, 0x2E,
    0x00, 0x00, 0x00, 0x2E, 0x00, 0x00, 0x00, 0x2E, 0x00, 0x00, 0x00, 0x2E,
    0x00, 0x00, 0x00, 0x2E, 0x00, 0x00, 0x00, 0x2E, 0x00, 0x00, 0x00, 0x2E,
    0x00, 0x00, 0x00, 0x2E, 0x00, 0x00, 0x00, 0x2E, 0x00, 0x00, 0x00, 0x2E,
    0x00, 0x00, 0x00, 0x2C, 0x00, 0x00, 0x00, 0x25, 0x00, 0x00, 0x00, 0x1B,
    0x00, 0x00, 0x00, 0x0C, 0x00, 0x00, 0x00, 0x00, 0x00, 0x00, 0x00, 0x00,
    0x00, 0x00, 0x00, 0x00, 0x00, 0x00, 0x00, 0x00, 0x00, 0x00, 0x00, 0x00,
    0x00, 0x00, 0x00, 0x08, 0x00, 0x00, 0x00, 0x13, 0x00, 0x00, 0x00, 0x17,
    0x00, 0x00, 0x00, 0x1B, 0x00, 0x00, 0x00, 0x1B, 0x00, 0x00, 0x00, 0x1B,
    0x00, 0x00, 0x00, 0x1B, 0x00, 0x00, 0x00, 0x1B, 0x00, 0x00, 0x00, 0x1B,
    0x00, 0x00, 0x00, 0x1B, 0x00, 0x00, 0x00, 0x1B, 0x00, 0x00, 0x00, 0x1B,
    0x00, 0x00, 0x00, 0x1B, 0x00, 0x00, 0x00, 0x1B, 0x00, 0x00, 0x00, 0x1B,
    0x00, 0x00, 0x00, 0x17, 0x00, 0x00, 0x00, 0x13, 0x00, 0x00, 0x00, 0x08,
    0x00, 0x00, 0x00, 0x00, 0x00, 0x00, 0x00, 0x00, 0x00, 0x00, 0x00, 0x00,
};

const uint8_t ICON_SETTINGS[] = {
    0x4C, 0x49, 0x43, 0x32, 0x30, 0x30, 0x00, 0x00,
    0x00, 0x00, 0x00, 0x00, 0x00, 0x00, 0x00, 0x00, 0x00, 0x00, 0x00, 0x00,
    0x00, 0x00, 0x00, 0x00, 0x00, 0x00, 0x00, 0x00, 0x00, 0x00, 0x00, 0x00,
    0x00, 0x00, 0x00, 0x00, 0x00, 0x00, 0x00, 0x00, 0x00, 0x00, 0x00, 0x00,
    0x00, 0x00, 0x00, 0x00, 0x00, 0x00, 0x00, 0x00, 0x00, 0x00, 0x00, 0x00,
    0x00, 0x00, 0x00, 0x00, 0x00, 0x00, 0x00, 0x00, 0x00, 0x00, 0x00, 0x00,
    0x00, 0x00, 0x00, 0x00, 0x00, 0x00, 0x00, 0x00, 0x00, 0x00, 0x00, 0x00,
    0x00, 0x00, 0x00, 0x00, 0x00, 0x00, 0x00, 0x00, 0x00, 0x00, 0x00, 0x00,
    0x00, 0x00, 0x00, 0x00, 0x00, 0x00, 0x00, 0x00, 0x00, 0x00, 0x00, 0x00,
    0x00, 0x00, 0x00, 0x00, 0x00, 0x00, 0x00, 0x00, 0x00, 0x00, 0x00, 0x00,
    0x00, 0x00, 0x00, 0x00, 0x00, 0x00, 0x00, 0x00, 0x00, 0x00, 0x00, 0x00,
    0x00, 0x00, 0x00, 0x00, 0x00, 0x00, 0x00, 0x00, 0x00, 0x00, 0x00, 0x00,
    0x00, 0x00, 0x00, 0x00, 0x00, 0x00, 0x00, 0x00, 0x00, 0x00, 0x00, 0x00,
    0x00, 0x00, 0x00, 0x00, 0x00, 0x00, 0x00, 0x00, 0x00, 0x00, 0x00, 0x00,
    0x00, 0x00, 0x00, 0x00, 0x00, 0x00, 0x00, 0x00, 0x00, 0x00, 0x00, 0x00,
    0x00, 0x00, 0x00, 0x00, 0x00, 0x00, 0x00, 0x00, 0x00, 0x00, 0x00, 0x00,
    0x00, 0x00, 0x00, 0x00, 0x00, 0x00, 0x00, 0x00, 0x00, 0x00, 0x00, 0x00,
    0x00, 0x00, 0x00, 0x00, 0x00, 0x00, 0x00, 0x00, 0x00, 0x00, 0x00, 0x00,
    0x00, 0x00, 0x00, 0x00, 0x00, 0x00, 0x00, 0x00, 0x00, 0x00, 0x00, 0x00,
    0x00, 0x00, 0x00, 0x00, 0x00, 0x00, 0x00, 0x00, 0x00, 0x00, 0x00, 0x00,
    0x00, 0x00, 0x00, 0x00, 0x00, 0x00, 0x00, 0x00, 0x00, 0x00, 0x00, 0x00,
    0x00, 0x00, 0x00, 0x00, 0x00, 0x00, 0x00, 0x00, 0x00, 0x00, 0x00, 0x00,
    0x00, 0x00, 0x00, 0x00, 0x00, 0x00, 0x00, 0x00, 0x00, 0x00, 0x00, 0x00,
    0x00, 0x00, 0x00, 0x00, 0x00, 0x00, 0x00, 0x00, 0x00, 0x00, 0x00, 0x00,
    0x00, 0x00, 0x00, 0x00, 0x00, 0x00, 0x00, 0x00, 0x00, 0x00, 0x00, 0x00,
    0x00, 0x00, 0x00, 0x00, 0x00, 0x00, 0x00, 0x00, 0x00, 0x00, 0x00, 0x00,
    0x00, 0x00, 0x00, 0x00, 0x00, 0x00, 0x00, 0x00, 0x00, 0x00, 0x00, 0x00,
    0x00, 0x00, 0x00, 0x00, 0x00, 0x00, 0x00, 0x00, 0x00, 0x00, 0x00, 0x00,
    0x00, 0x00, 0x00, 0x00, 0x00, 0x00, 0x00, 0x00, 0x00, 0x00, 0x00, 0x00,
    0x00, 0x00, 0x00, 0x00, 0x00, 0x00, 0x00, 0x00, 0x00, 0x00, 0x00, 0x00,
    0x00, 0x00, 0x00, 0x00, 0x00, 0x00, 0x00, 0x00, 0x00, 0x00, 0x00, 0x00,
    0x00, 0x00, 0x00, 0x00, 0x00, 0x00, 0x00, 0x00, 0x00, 0x00, 0x00, 0x00,
    0x00, 0x00, 0x00, 0x00, 0x00, 0x00, 0x00, 0x00, 0x00, 0x00, 0x00, 0x00,
    0x00, 0x00, 0x00, 0x00, 0x00, 0x00, 0x00, 0x00, 0x00, 0x00, 0x00, 0x00,
    0x00, 0x00, 0x00, 0x00, 0x00, 0x00, 0x00, 0x00, 0x00, 0x00, 0x00, 0x00,
    0x00, 0x00, 0x00, 0x00, 0x00, 0x00, 0x00, 0x00, 0x00, 0x00, 0x00, 0x00,
    0x00, 0x00, 0x00, 0x00, 0x00, 0x00, 0x00, 0x00, 0x00, 0x00, 0x00, 0x00,
    0x00, 0x00, 0x00, 0x00, 0x00, 0x00, 0x00, 0x00, 0x00, 0x00, 0x00, 0x00,
    0x00, 0x00, 0x00, 0x00, 0x00, 0x00, 0x00, 0x00, 0x00, 0x00, 0x00, 0x00,
    0x00, 0x00, 0x00, 0x00, 0x00, 0x00, 0x00, 0x00, 0x00, 0x00, 0x00, 0x00,
    0x00, 0x00, 0x00, 0x00, 0x00, 0x00, 0x00, 0x00, 0x00, 0x00, 0x00, 0x00,
    0x00, 0x00, 0x00, 0x00, 0x00, 0x00, 0x00, 0x00, 0x00, 0x00, 0x00, 0x00,
    0x00, 0x00, 0x00, 0x00, 0x00, 0x00, 0x00, 0x00, 0x00, 0x00, 0x00, 0x00,
    0x00, 0x00, 0x00, 0x00, 0x00, 0x00, 0x00, 0x00, 0x00, 0x00, 0x00, 0x00,
    0x00, 0x00, 0x00, 0x00, 0x00, 0x00, 0x00, 0x00, 0x00, 0x00, 0x00, 0x00,
    0x00, 0x00, 0x00, 0x00, 0x00, 0x00, 0x00, 0x00, 0x00, 0x00, 0x00, 0x00,
    0x00, 0x00, 0x00, 0x00, 0x00, 0x00, 0x00, 0x00, 0x00, 0x00, 0x00, 0x00,
    0x00, 0x00, 0x00, 0x00, 0x00, 0x00, 0x00, 0x00, 0x00, 0x00, 0x00, 0x00,
    0x00, 0x00, 0x00, 0x00, 0x00, 0x00, 0x00, 0x00, 0x00, 0x00, 0x00, 0x00,
    0x00, 0x00, 0x00, 0x00, 0x00, 0x00, 0x00, 0x00, 0x00, 0x00, 0x00, 0x00,
    0x00, 0x00, 0x00, 0x00, 0x00, 0x00, 0x00, 0x00, 0x00, 0x00, 0x00, 0x00,
    0x00, 0x00, 0x00, 0x00, 0x00, 0x00, 0x00, 0x00, 0x00, 0x00, 0x00, 0x00,
    0xB7, 0xBE, 0xCB, 0x52, 0xBB, 0xC2, 0xCE, 0xB5, 0xBB, 0xC2, 0xCE, 0xE1,
    0xB6, 0xBD, 0xCA, 0xFF, 0xB6, 0xBD, 0xCA, 0xFF, 0xB6, 0xBD, 0xCA, 0xFF,
    0xB6, 0xBD, 0xCA, 0xFF, 0xB6, 0xBD, 0xCA, 0xFF, 0xB6, 0xBD, 0xCA, 0xFF,
    0xB6, 0xBD, 0xCA, 0xFF, 0xB6, 0xBD, 0xCA, 0xFF, 0xB6, 0xBD, 0xCA, 0xFF,
    0xB6, 0xBD, 0xCA, 0xFF, 0xB6, 0xBD, 0xCA, 0xFF, 0xB6, 0xBD, 0xCA, 0xFF,
    0xB6, 0xBD, 0xCA, 0xFF, 0xB6, 0xBD, 0xCA, 0xFF, 0xB6, 0xBD, 0xCA, 0xFF,
    0xB6, 0xBD, 0xCA, 0xFF, 0xB6, 0xBD, 0xCA, 0xFF, 0xB6, 0xBD, 0xCA, 0xFF,
    0xB6, 0xBD, 0xCA, 0xFF, 0xB6, 0xBD, 0xCA, 0xFF, 0xB6, 0xBD, 0xCA, 0xFF,
    0xB6, 0xBD, 0xCA, 0xFF, 0xB6, 0xBD, 0xCA, 0xFF, 0xB6, 0xBD, 0xCA, 0xFF,
    0xBB, 0xC2, 0xCE, 0xE1, 0xBB, 0xC2, 0xCE, 0xB5, 0xB7, 0xBE, 0xCB, 0x52,
    0x00, 0x00, 0x00, 0x00, 0x00, 0x00, 0x00, 0x00, 0x00, 0x00, 0x00, 0x00,
    0x00, 0x00, 0x00, 0x00, 0x00, 0x00, 0x00, 0x00, 0x00, 0x00, 0x00, 0x00,
    0x00, 0x00, 0x00, 0x00, 0x00, 0x00, 0x00, 0x00, 0x00, 0x00, 0x00, 0x00,
    0x00, 0x00, 0x00, 0x00, 0x00, 0x00, 0x00, 0x00, 0x00, 0x00, 0x00, 0x00,
    0x00, 0x00, 0x00, 0x00, 0x00, 0x00, 0x00, 0x00, 0x00, 0x00, 0x00, 0x00,
    0x00, 0x00, 0x00, 0x00, 0xB4, 0xBB, 0xC8, 0x33, 0xB8, 0xC0, 0xCC, 0xD3,
    0xAC, 0xB5, 0xC3, 0xFF, 0x9C, 0xA6, 0xB7, 0xFF, 0x95, 0xA0, 0xB3, 0xFF,
    0x95, 0xA0, 0xB3, 0xFF, 0x95, 0xA0, 0xB3, 0xFF, 0x95, 0xA0, 0xB3, 0xFF,
    0x95, 0xA0, 0xB3, 0xFF, 0x95, 0xA0, 0xB3, 0xFF, 0x95, 0xA0, 0xB3, 0xFF,
    0x95, 0xA0, 0xB3, 0xFF, 0x95, 0xA0, 0xB3, 0xFF, 0x95, 0xA0, 0xB3, 0xFF,
    0x95, 0xA0, 0xB3, 0xFF, 0x95, 0xA0, 0xB3, 0xFF, 0x95, 0xA0, 0xB3, 0xFF,
    0x95, 0xA0, 0xB3, 0xFF, 0x95, 0xA0, 0xB3, 0xFF, 0x95, 0xA0, 0xB3, 0xFF,
    0x95, 0xA0, 0xB3, 0xFF, 0x95, 0xA0, 0xB3, 0xFF, 0x95, 0xA0, 0xB3, 0xFF,
    0x95, 0xA0, 0xB3, 0xFF, 0x95, 0xA0, 0xB3, 0xFF, 0x95, 0xA0, 0xB3, 0xFF,
    0x95, 0xA0, 0xB3, 0xFF, 0x95, 0xA0, 0xB3, 0xFF, 0x95, 0xA0, 0xB3, 0xFF,
    0x95, 0xA0, 0xB3, 0xFF, 0x9C, 0xA6, 0xB7, 0xFF, 0xAC, 0xB5, 0xC3, 0xFF,
    0xB8, 0xC0, 0xCC, 0xD3, 0xB4, 0xBB, 0xC8, 0x33, 0x00, 0x00, 0x00, 0x00,
    0x00, 0x00, 0x00, 0x00, 0x00, 0x00, 0x00, 0x00, 0x00, 0x00, 0x00, 0x00,
    0x00, 0x00, 0x00, 0x00, 0x00, 0x00, 0x00, 0x00, 0x00, 0x00, 0x00, 0x00,
    0x00, 0x00, 0x00, 0x00, 0x00, 0x00, 0x00, 0x00, 0x00, 0x00, 0x00, 0x00,
    0x00, 0x00, 0x00, 0x00, 0x00, 0x00, 0x00, 0x00, 0x00, 0x00, 0x00, 0x00,
    0xB1, 0xB9, 0xC6, 0x56, 0xB2, 0xBA, 0xC7, 0xF6, 0x9A, 0xA4, 0xB5, 0xFF,
    0x94, 0x9F, 0xB1, 0xFF, 0x94, 0x9F, 0xB1, 0xFF, 0x94, 0x9F, 0xB1, 0xFF,
    0x94, 0x9F, 0xB1, 0xFF, 0x94, 0x9F, 0xB1, 0xFF, 0x94, 0x9F, 0xB1, 0xFF,
    0x94, 0x9F, 0xB1, 0xFF, 0x94, 0x9F, 0xB1, 0xFF, 0x94, 0x9F, 0xB1, 0xFF,
    0x94, 0x9F, 0xB1, 0xFF, 0x94, 0x9F, 0xB1, 0xFF, 0x94, 0x9F, 0xB1, 0xFF,
    0x94, 0x9F, 0xB1, 0xFF, 0x94, 0x9F, 0xB1, 0xFF, 0x94, 0x9F, 0xB1, 0xFF,
    0x94, 0x9F, 0xB1, 0xFF, 0x94, 0x9F, 0xB1, 0xFF, 0x94, 0x9F, 0xB1, 0xFF,
    0x94, 0x9F, 0xB1, 0xFF, 0x94, 0x9F, 0xB1, 0xFF, 0x94, 0x9F, 0xB1, 0xFF,
    0x94, 0x9F, 0xB1, 0xFF, 0x94, 0x9F, 0xB1, 0xFF, 0x94, 0x9F, 0xB1, 0xFF,
    0x94, 0x9F, 0xB1, 0xFF, 0x94, 0x9F, 0xB1, 0xFF, 0x94, 0x9F, 0xB1, 0xFF,
    0x94, 0x9F, 0xB1, 0xFF, 0x94, 0x9F, 0xB1, 0xFF, 0x94, 0x9F, 0xB1, 0xFF,
    0x9A, 0xA4, 0xB5, 0xFF, 0xB2, 0xBA, 0xC7, 0xF6, 0xB1, 0xB9, 0xC6, 0x56,
    0x00, 0x00, 0x00, 0x00, 0x00, 0x00, 0x00, 0x00, 0x00, 0x00, 0x00, 0x00,
    0x00, 0x00, 0x00, 0x00, 0x00, 0x00, 0x00, 0x00, 0x00, 0x00, 0x00, 0x00,
    0x00, 0x00, 0x00, 0x00, 0x00, 0x00, 0x00, 0x00, 0x00, 0x00, 0x00, 0x00,
    0x00, 0x00, 0x00, 0x00, 0x00, 0x00, 0x00, 0x00, 0xA9, 0xB1, 0xBE, 0x42,
    0xAE, 0xB6, 0xC4, 0xF8, 0x94, 0x9F, 0xB1, 0xFF, 0x92, 0x9D, 0xAF, 0xFF,
    0x92, 0x9D, 0xAF, 0xFF, 0x92, 0x9D, 0xAF, 0xFF, 0x92, 0x9D, 0xAF, 0xFF,
    0x92, 0x9D, 0xAF, 0xFF, 0x92, 0x9D, 0xAF, 0xFF, 0x92, 0x9D, 0xAF, 0xFF,
    0x92, 0x9D, 0xAF, 0xFF, 0x92, 0x9D, 0xAF, 0xFF, 0x92, 0x9D, 0xAF, 0xFF,
    0x92, 0x9D, 0xAF, 0xFF, 0x92, 0x9D, 0xAF, 0xFF, 0x92, 0x9D, 0xAF, 0xFF,
    0x92, 0x9D, 0xAF, 0xFF, 0x92, 0x9D, 0xAF, 0xFF, 0x92, 0x9D, 0xAF, 0xFF,
    0x92, 0x9D, 0xAF, 0xFF, 0x92, 0x9D, 0xAF, 0xFF, 0x92, 0x9D, 0xAF, 0xFF,
    0x92, 0x9D, 0xAF, 0xFF, 0x92, 0x9D, 0xAF, 0xFF, 0x92, 0x9D, 0xAF, 0xFF,
    0x92, 0x9D, 0xAF, 0xFF, 0x92, 0x9D, 0xAF, 0xFF, 0x92, 0x9D, 0xAF, 0xFF,
    0x92, 0x9D, 0xAF, 0xFF, 0x92, 0x9D, 0xAF, 0xFF, 0x92, 0x9D, 0xAF, 0xFF,
    0x92, 0x9D, 0xAF, 0xFF, 0x92, 0x9D, 0xAF, 0xFF, 0x92, 0x9D, 0xAF, 0xFF,
    0x92, 0x9D, 0xAF, 0xFF, 0x94, 0x9F, 0xB1, 0xFF, 0xAE, 0xB6, 0xC4, 0xF8,
    0xA9, 0xB1, 0xBE, 0x42, 0x00, 0x00, 0x00, 0x00, 0x00, 0x00, 0x00, 0x00,
    0x00, 0x00, 0x00, 0x00, 0x00, 0x00, 0x00, 0x00, 0x00, 0x00, 0x00, 0x00,
    0x00, 0x00, 0x00, 0x00, 0x00, 0x00, 0x00, 0x00, 0x00, 0x00, 0x00, 0x00,
    0x00, 0x00, 0x00, 0x00, 0x72, 0x77, 0x80, 0x0B, 0xAE, 0xB5, 0xC2, 0xE3,
    0x94, 0x9F, 0xB0, 0xFF, 0x90, 0x9B, 0xAE, 0xFF, 0x90, 0x9B, 0xAE, 0xFF,
    0x90, 0x9B, 0xAE, 0xFF, 0x90, 0x9B, 0xAE, 0xFF, 0x90, 0x9B, 0xAE, 0xFF,
    0x90, 0x9B, 0xAE, 0xFF, 0x90, 0x9B, 0xAE, 0xFF, 0x90, 0x9B, 0xAE, 0xFF,
    0x90, 0x9B, 0xAE, 0xFF, 0x90, 0x9B, 0xAE, 0xFF, 0x90, 0x9B, 0xAE, 0xFF,
    0x90, 0x9B, 0xAE, 0xFF, 0x90, 0x9B, 0xAE, 0xFF, 0x90, 0x9B, 0xAE, 0xFF,
    0x90, 0x9B, 0xAE, 0xFF, 0x90, 0x9B, 0xAE, 0xFF, 0x90, 0x9B, 0xAE, 0xFF,
    0x90, 0x9B, 0xAE, 0xFF, 0x90, 0x9B, 0xAE, 0xFF, 0x90, 0x9B, 0xAE, 0xFF,
    0x90, 0x9B, 0xAE, 0xFF, 0x90, 0x9B, 0xAE, 0xFF, 0x90, 0x9B, 0xAE, 0xFF,
    0x90, 0x9B, 0xAE, 0xFF, 0x90, 0x9B, 0xAE, 0xFF, 0x90, 0x9B, 0xAE, 0xFF,
    0x90, 0x9B, 0xAE, 0xFF, 0x90, 0x9B, 0xAE, 0xFF, 0x90, 0x9B, 0xAE, 0xFF,
    0x90, 0x9B, 0xAE, 0xFF, 0x90, 0x9B, 0xAE, 0xFF, 0x90, 0x9B, 0xAE, 0xFF,
    0x90, 0x9B, 0xAE, 0xFF, 0x90, 0x9B, 0xAE, 0xFF, 0x94, 0x9F, 0xB0, 0xFF,
    0xAE, 0xB5, 0xC2, 0xE3, 0x72, 0x77, 0x80, 0x0B, 0x00, 0x00, 0x00, 0x00,
    0x00, 0x00, 0x00, 0x00, 0x00, 0x00, 0x00, 0x00, 0x00, 0x00, 0x00, 0x00,
    0x00, 0x00, 0x00, 0x00, 0x00, 0x00, 0x00, 0x00, 0x00, 0x00, 0x00, 0x00,
    0x00, 0x00, 0x00, 0x02, 0x9C, 0xA4, 0xB0, 0x83, 0x9E, 0xA7, 0xB7, 0xFF,
    0x8F, 0x9A, 0xAC, 0xFF, 0x8F, 0x9A, 0xAC, 0xFF, 0x8F, 0x9A, 0xAC, 0xFF,
    0x8F, 0x9A, 0xAC, 0xFF, 0x8F, 0x9A, 0xAC, 0xFF, 0x8F, 0x9A, 0xAC, 0xFF,
    0x8F, 0x9A, 0xAC, 0xFF, 0x8F, 0x9A, 0xAC, 0xFF, 0x8F, 0x9A, 0xAC, 0xFF,
    0x8F, 0x9A, 0xAC, 0xFF, 0x8F, 0x9A, 0xAC, 0xFF, 0x8F, 0x9A, 0xAC, 0xFF,
    0x8F, 0x9A, 0xAC, 0xFF, 0x8F, 0x9A, 0xAC, 0xFF, 0x8F, 0x9A, 0xAC, 0xFF,
    0x8F, 0x9A, 0xAC, 0xFF, 0x8F, 0x9A, 0xAC, 0xFF, 0x8F, 0x9A, 0xAC, 0xFF,
    0x8F, 0x9A, 0xAC, 0xFF, 0x8F, 0x9A, 0xAC, 0xFF, 0x8F, 0x9A, 0xAC, 0xFF,
    0x8F, 0x9A, 0xAC, 0xFF, 0x8F, 0x9A, 0xAC, 0xFF, 0x8F, 0x9A, 0xAC, 0xFF,
    0x8F, 0x9A, 0xAC, 0xFF, 0x8F, 0x9A, 0xAC, 0xFF, 0x8F, 0x9A, 0xAC, 0xFF,
    0x8F, 0x9A, 0xAC, 0xFF, 0x8F, 0x9A, 0xAC, 0xFF, 0x8F, 0x9A, 0xAC, 0xFF,
    0x8F, 0x9A, 0xAC, 0xFF, 0x8F, 0x9A, 0xAC, 0xFF, 0x8F, 0x9A, 0xAC, 0xFF,
    0x8F, 0x9A, 0xAC, 0xFF, 0x8F, 0x9A, 0xAC, 0xFF, 0x8F, 0x9A, 0xAC, 0xFF,
    0x9E, 0xA7, 0xB7, 0xFF, 0x9C, 0xA4, 0xB0, 0x83, 0x00, 0x00, 0x00, 0x02,
    0x00, 0x00, 0x00, 0x00, 0x00, 0x00, 0x00, 0x00, 0x00, 0x00, 0x00, 0x00,
    0x00, 0x00, 0x00, 0x00, 0x00, 0x00, 0x00, 0x00, 0x00, 0x00, 0x00, 0x00,
    0x00, 0x00, 0x00, 0x0E, 0xA6, 0xAE, 0xBB, 0xD9, 0x8F, 0x99, 0xAB, 0xFF,
    0x8D, 0x98, 0xAA, 0xFF, 0x8D, 0x98, 0xAA, 0xFF, 0x8D, 0x98, 0xAA, 0xFF,
    0x8D, 0x98, 0xAA, 0xFF, 0x8D, 0x98, 0xAA, 0xFF, 0x8D, 0x98, 0xAA, 0xFF,
    0x8D, 0x98, 0xAA, 0xFF, 0x8D, 0x98, 0xAA, 0xFF, 0x8D, 0x98, 0xAA, 0xFF,
    0x8D, 0x98, 0xAA, 0xFF, 0x8D, 0x98, 0xAA, 0xFF, 0x8D, 0x98, 0xAA, 0xFF,
    0x8D, 0x98, 0xAA, 0xFF, 0x8D, 0x98, 0xAA, 0xFF, 0x8D, 0x98, 0xAA, 0xFF,
    0x8D, 0x98, 0xAA, 0xFF, 0x8D, 0x98, 0xAA, 0xFF, 0x8D, 0x98, 0xAA, 0xFF,
    0x8D, 0x98, 0xAA, 0xFF, 0x8D, 0x98, 0xAA, 0xFF, 0x8D, 0x98, 0xAA, 0xFF,
    0x8D, 0x98, 0xAA, 0xFF, 0x8D, 0x98, 0xAA, 0xFF, 0x8D, 0x98, 0xAA, 0xFF,
    0x8D, 0x98, 0xAA, 0xFF, 0x8D, 0x98, 0xAA, 0xFF, 0x8D, 0x98, 0xAA, 0xFF,
    0x8D, 0x98, 0xAA, 0xFF, 0x8D, 0x98, 0xAA, 0xFF, 0x8D, 0x98, 0xAA, 0xFF,
    0x8D, 0x98, 0xAA, 0xFF, 0x8D, 0x98, 0xAA, 0xFF, 0x8D, 0x98, 0xAA, 0xFF,
    0x8D, 0x98, 0xAA, 0xFF, 0x8D, 0x98, 0xAA, 0xFF, 0x8D, 0x98, 0xAA, 0xFF,
    0x8F, 0x99, 0xAB, 0xFF, 0xA6, 0xAE, 0xBB, 0xD9, 0x00, 0x00, 0x00, 0x0E,
    0x00, 0x00, 0x00, 0x00, 0x00, 0x00, 0x00, 0x00, 0x00, 0x00, 0x00, 0x00,
    0x00, 0x00, 0x00, 0x00, 0x00, 0x00, 0x00, 0x00, 0x00, 0x00, 0x00, 0x04,
    0x40, 0x43, 0x49, 0x28, 0xA2, 0xAB, 0xBA, 0xFE, 0x8B, 0x96, 0xA9, 0xFF,
    0x8B, 0x96, 0xA9, 0xFF, 0x8B, 0x96, 0xA9, 0xFF, 0x8B, 0x96, 0xA9, 0xFF,
    0x8B, 0x96, 0xA9, 0xFF, 0x8B, 0x96, 0xA9, 0xFF, 0x8B, 0x96, 0xA9, 0xFF,
    0x8B, 0x96, 0xA9, 0xFF, 0x8B, 0x96, 0xA9, 0xFF, 0x8B, 0x96, 0xA9, 0xFF,
    0x8B, 0x96, 0xA9, 0xFF, 0x8B, 0x96, 0xA9, 0xFF, 0x8B, 0x96, 0xA9, 0xFF,
    0x8B, 0x96, 0xA9, 0xFF, 0x8B, 0x96, 0xA9, 0xFF, 0x8B, 0x96, 0xA9, 0xFF,
    0x8B, 0x96, 0xA9, 0xFF, 0x8B, 0x96, 0xA9, 0xFF, 0x8B, 0x96, 0xA9, 0xFF,
    0x8B, 0x96, 0xA9, 0xFF, 0x8B, 0x96, 0xA9, 0xFF, 0x8B, 0x96, 0xA9, 0xFF,
    0x8B, 0x96, 0xA9, 0xFF, 0x8B, 0x96, 0xA9, 0xFF, 0x8B, 0x96, 0xA9, 0xFF,
    0x8B, 0x96, 0xA9, 0xFF, 0x8B, 0x96, 0xA9, 0xFF, 0x8B, 0x96, 0xA9, 0xFF,
    0x8B, 0x96, 0xA9, 0xFF, 0x8B, 0x96, 0xA9, 0xFF, 0x8B, 0x96, 0xA9, 0xFF,
    0x8B, 0x96, 0xA9, 0xFF, 0x8B, 0x96, 0xA9, 0xFF, 0x8B, 0x96, 0xA9, 0xFF,
    0x8B, 0x96, 0xA9, 0xFF, 0x8B, 0x96, 0xA9, 0xFF, 0x8B, 0x96, 0xA9, 0xFF,
    0x8B, 0x96, 0xA9, 0xFF, 0xA2, 0xAB, 0xBA, 0xFE, 0x40, 0x43, 0x49, 0x28,
    0x00, 0x00, 0x00, 0x04, 0x00, 0x00, 0x00, 0x00, 0x00, 0x00, 0x00, 0x00,
    0x00, 0x00, 0x00, 0x00, 0x00, 0x00, 0x00, 0x00, 0x00, 0x00, 0x00, 0x0C,
    0x71, 0x77, 0x81, 0x55, 0x9B, 0xA4, 0xB4, 0xFF, 0x8A, 0x95, 0xA7, 0xFF,
    0x8A, 0x95, 0xA7, 0xFF, 0x8A, 0x95, 0xA7, 0xFF, 0x8A, 0x95, 0xA7, 0xFF,
    0x8A, 0x95, 0xA7, 0xFF, 0x8A, 0x95, 0xA7, 0xFF, 0x8A, 0x95, 0xA7, 0xFF,
    0x8A, 0x95, 0xA7, 0xFF, 0x8A, 0x95, 0xA7, 0xFF, 0x8A, 0x95, 0xA7, 0xFF,
    0x8A, 0x95, 0xA7, 0xFF, 0x8A, 0x95, 0xA7, 0xFF, 0x8A, 0x95, 0xA7, 0xFF,
    0x8A, 0x95, 0xA7, 0xFF, 0x8A, 0x95, 0xA7, 0xFF, 0x8A, 0x95, 0xA7, 0xFF,
    0x94, 0x9E, 0xAF, 0xFF, 0xC4, 0xCA, 0xD3, 0xFF, 0xC4, 0xCA, 0xD3, 0xFF,
    0xC4, 0xCA, 0xD3, 0xFF, 0xC4, 0xCA, 0xD3, 0xFF, 0x94, 0x9E, 0xAF, 0xFF,
    0x8A, 0x95, 0xA7, 0xFF, 0x8A, 0x95, 0xA7, 0xFF, 0x8A, 0x95, 0xA7, 0xFF,
    0x8A, 0x95, 0xA7, 0xFF, 0x8A, 0x95, 0xA7, 0xFF, 0x8A, 0x95, 0xA7, 0xFF,
    0x8A, 0x95, 0xA7, 0xFF, 0x8A, 0x95, 0xA7, 0xFF, 0x8A, 0x95, 0xA7, 0xFF,
    0x8A, 0x95, 0xA7, 0xFF, 0x8A, 0x95, 0xA7, 0xFF, 0x8A, 0x95, 0xA7, 0xFF,
    0x8A, 0x95, 0xA7, 0xFF, 0x8A, 0x95, 0xA7, 0xFF, 0x8A, 0x95, 0xA7, 0xFF,
    0x8A, 0x95, 0xA7, 0xFF, 0x9B, 0xA4, 0xB4, 0xFF, 0x71, 0x77, 0x81, 0x55,
    0x00, 0x00, 0x00, 0x0C, 0x00, 0x00, 0x00, 0x00, 0x00, 0x00, 0x00, 0x00,
    0x00, 0x00, 0x00, 0x00, 0x00, 0x00, 0x00, 0x01, 0x00, 0x00, 0x00, 0x14,
    0x75, 0x7B, 0x86, 0x66, 0x97, 0xA0, 0xB0, 0xFF, 0x88, 0x93, 0xA5, 0xFF,
    0x88, 0x93, 0xA5, 0xFF, 0x88, 0x93, 0xA5, 0xFF, 0x88, 0x93, 0xA5, 0xFF,
    0x88, 0x93, 0xA5, 0xFF, 0x88, 0x93, 0xA5, 0xFF, 0x88, 0x93, 0xA5, 0xFF,
    0x88, 0x93, 0xA5, 0xFF, 0x88, 0x93, 0xA5, 0xFF, 0x88, 0x93, 0xA5, 0xFF,
    0x88, 0x93, 0xA5, 0xFF, 0x88, 0x93, 0xA5, 0xFF, 0x88, 0x93, 0xA5, 0xFF,
    0x98, 0xA1, 0xB1, 0xFF, 0xCE, 0xD2, 0xDA, 0xFF, 0x8B, 0x95, 0xA7, 0xFF,
    0x9D, 0xA6, 0xB5, 0xFF, 0xFE, 0xFE, 0xFF, 0xFF, 0xFE, 0xFE, 0xFF, 0xFF,
    0xFE, 0xFE, 0xFF, 0xFF, 0xFE, 0xFE, 0xFF, 0xFF, 0x9D, 0xA6, 0xB5, 0xFF,
    0x8B, 0x95, 0xA7, 0xFF, 0xCE, 0xD2, 0xDA, 0xFF, 0x98, 0xA1, 0xB1, 0xFF,
    0x88, 0x93, 0xA5, 0xFF, 0x88, 0x93, 0xA5, 0xFF, 0x88, 0x93, 0xA5, 0xFF,
    0x88, 0x93, 0xA5, 0xFF, 0x88, 0x93, 0xA5, 0xFF, 0x88, 0x93, 0xA5, 0xFF,
    0x88, 0x93, 0xA5, 0xFF, 0x88, 0x93, 0xA5, 0xFF, 0x88, 0x93, 0xA5, 0xFF,
    0x88, 0x93, 0xA5, 0xFF, 0x88, 0x93, 0xA5, 0xFF, 0x88, 0x93, 0xA5, 0xFF,
    0x88, 0x93, 0xA5, 0xFF, 0x97, 0xA0, 0xB0, 0xFF, 0x75, 0x7B, 0x86, 0x66,
    0x00, 0x00, 0x00, 0x14, 0x00, 0x00, 0x00, 0x01, 0x00, 0x00, 0x00, 0x00,
    0x00, 0x00, 0x00, 0x00, 0x00, 0x00, 0x00, 0x04, 0x00, 0x00, 0x00, 0x16,
    0x71, 0x77, 0x82, 0x68, 0x94, 0x9E, 0xAE, 0xFF, 0x86, 0x91, 0xA4, 0xFF,
    0x86, 0x91, 0xA4, 0xFF, 0x86, 0x91, 0xA4, 0xFF, 0x86, 0x91, 0xA4, 0xFF,
    0x86, 0x91, 0xA4, 0xFF, 0x86, 0x91, 0xA4, 0xFF, 0x86, 0x91, 0xA4, 0xFF,
    0x86, 0x91, 0xA4, 0xFF, 0x86, 0x91, 0xA4, 0xFF, 0x86, 0x91, 0xA4, 0xFF,
    0x86, 0x91, 0xA4, 0xFF, 0x8D, 0x97, 0xA8, 0xFF, 0xC5, 0xCB, 0xD4, 0xFF,
    0xFA, 0xFB, 0xFC, 0xFF, 0xFD, 0xFD, 0xFE, 0xFF, 0xBC, 0xC2, 0xCC, 0xFF,
    0x9B, 0xA4, 0xB3, 0xFF, 0xFD, 0xFD, 0xFE, 0xFF, 0xFD, 0xFD, 0xFE, 0xFF,
    0xFD, 0xFD, 0xFE, 0xFF, 0xFD, 0xFD, 0xFE, 0xFF, 0x9B, 0xA4, 0xB3, 0xFF,
    0xBC, 0xC2, 0xCC, 0xFF, 0xFD, 0xFD, 0xFE, 0xFF, 0xFA, 0xFB, 0xFC, 0xFF,
    0xC5, 0xCB, 0xD4, 0xFF, 0x8D, 0x97, 0xA8, 0xFF, 0x86, 0x91, 0xA4, 0xFF,
    0x86, 0x91, 0xA4, 0xFF, 0x86, 0x91, 0xA4, 0xFF, 0x86, 0x91, 0xA4, 0xFF,
    0x86, 0x91, 0xA4, 0xFF, 0x86, 0x91, 0xA4, 0xFF, 0x86, 0x91, 0xA4, 0xFF,
    0x86, 0x91, 0xA4, 0xFF, 0x86, 0x91, 0xA4, 0xFF, 0x86, 0x91, 0xA4, 0xFF,
    0x86, 0x91, 0xA4, 0xFF, 0x94, 0x9E, 0xAE, 0xFF, 0x71, 0x77, 0x82, 0x68,
    0x00, 0x00, 0x00, 0x16, 0x00, 0x00, 0x00, 0x04, 0x00, 0x00, 0x00, 0x00,
    0x00, 0x00, 0x00, 0x00, 0x00, 0x00, 0x00, 0x06, 0x00, 0x00, 0x00, 0x18,
    0x6E, 0x74, 0x7F, 0x68, 0x92, 0x9B, 0xAC, 0xFF, 0x85, 0x8F, 0xA2, 0xFF,
    0x85, 0x8F, 0xA2, 0xFF, 0x85, 0x8F, 0xA2, 0xFF, 0x85, 0x8F, 0xA2, 0xFF,
    0x85, 0x8F, 0xA2, 0xFF, 0x85, 0x8F, 0xA2, 0xFF, 0x85, 0x8F, 0xA2, 0xFF,
    0x85, 0x8F, 0xA2, 0xFF, 0x85, 0x8F, 0xA2, 0xFF, 0x85, 0x8F, 0xA2, 0xFF,
    0x87, 0x91, 0xA4, 0xFF, 0xE8, 0xEA, 0xEE, 0xFF, 0xFB, 0xFC, 0xFD, 0xFF,
    0xFB, 0xFC, 0xFD, 0xFF, 0xFB, 0xFC, 0xFD, 0xFF, 0xF4, 0xF6, 0xF7, 0xFF,
    0xA4, 0xAC, 0xBA, 0xFF, 0xFB, 0xFC, 0xFD, 0xFF, 0xFB, 0xFC, 0xFD, 0xFF,
    0xFB, 0xFC, 0xFD, 0xFF, 0xFB, 0xFC, 0xFD, 0xFF, 0xA4, 0xAC, 0xBA, 0xFF,
    0xF4, 0xF6, 0xF7, 0xFF, 0xFB, 0xFC, 0xFD, 0xFF, 0xFB, 0xFC, 0xFD, 0xFF,
    0xFB, 0xFC, 0xFD, 0xFF, 0xE8, 0xEA, 0xEE, 0xFF, 0x87, 0x91, 0xA4, 0xFF,
    0x85, 0x8F, 0xA2, 0xFF, 0x85, 0x8F, 0xA2, 0xFF, 0x85, 0x8F, 0xA2, 0xFF,
    0x85, 0x8F, 0xA2, 0xFF, 0x85, 0x8F, 0xA2, 0xFF, 0x85, 0x8F, 0xA2, 0xFF,
    0x85, 0x8F, 0xA2, 0xFF, 0x85, 0x8F, 0xA2, 0xFF, 0x85, 0x8F, 0xA2, 0xFF,
    0x85, 0x8F, 0xA2, 0xFF, 0x92, 0x9B, 0xAC, 0xFF, 0x6E, 0x74, 0x7F, 0x68,
    0x00, 0x00, 0x00, 0x18, 0x00, 0x00, 0x00, 0x06, 0x00, 0x00, 0x00, 0x00,
    0x00, 0x00, 0x00, 0x00, 0x00, 0x00, 0x00, 0x07, 0x00, 0x00, 0x00, 0x18,
    0x6B, 0x71, 0x7C, 0x68, 0x8F, 0x99, 0xAA, 0xFF, 0x83, 0x8E, 0xA0, 0xFF,
    0x83, 0x8E, 0xA0, 0xFF, 0x83, 0x8E, 0xA0, 0xFF, 0x83, 0x8E, 0xA0, 0xFF,
    0x83, 0x8E, 0xA0, 0xFF, 0x83, 0x8E, 0xA0, 0xFF, 0x83, 0x8E, 0xA0, 0xFF,
    0x83, 0x8E, 0xA0, 0xFF, 0x83, 0x8E, 0xA0, 0xFF, 0x83, 0x8E, 0xA0, 0xFF,
    0x83, 0x8E, 0xA0, 0xFF, 0xB5, 0xBB, 0xC7, 0xFF, 0xFA, 0xFB, 0xFC, 0xFF,
    0xFA, 0xFB, 0xFC, 0xFF, 0xFA, 0xFB, 0xFC, 0xFF, 0xFA, 0xFB, 0xFC, 0xFF,
    0xED, 0xEF, 0xF2, 0xFF, 0xFA, 0xFB, 0xFC, 0xFF, 0xFA, 0xFB, 0xFC, 0xFF,
    0xFA, 0xFB, 0xFC, 0xFF, 0xFA, 0xFB, 0xFC, 0xFF, 0xED, 0xEF, 0xF2, 0xFF,
    0xFA, 0xFB, 0xFC, 0xFF, 0xFA, 0xFB, 0xFC, 0xFF, 0xFA, 0xFB, 0xFC, 0xFF,
    0xFA, 0xFB, 0xFC, 0xFF, 0xB5, 0xBB, 0xC7, 0xFF, 0x83, 0x8E, 0xA0, 0xFF,
    0x83, 0x8E, 0xA0, 0xFF, 0x83, 0x8E, 0xA0, 0xFF, 0x83, 0x8E, 0xA0, 0xFF,
    0x83, 0x8E, 0xA0, 0xFF, 0x83, 0x8E, 0xA0, 0xFF, 0x83, 0x8E, 0xA0, 0xFF,
    0x83, 0x8E, 0xA0, 0xFF, 0x83, 0x8E, 0xA0, 0xFF, 0x83, 0x8E, 0xA0, 0xFF,
    0x83, 0x8E, 0xA0, 0xFF, 0x8F, 0x99, 0xAA, 0xFF, 0x6B, 0x71, 0x7C, 0x68,
    0x00, 0x00, 0x00, 0x18, 0x00, 0x00, 0x00, 0x07, 0x00, 0x00, 0x00, 0x00,
    0x00, 0x00, 0x00, 0x00, 0x00, 0x00, 0x00, 0x07, 0x00, 0x00, 0x00, 0x18,
    0x69, 0x6F, 0x7A, 0x67, 0x8D, 0x96, 0xA7, 0xFF, 0x81, 0x8C, 0x9F, 0xFF,
    0x81, 0x8C, 0x9F, 0xFF, 0x81, 0x8C, 0x9F, 0xFF, 0x81, 0x8C, 0x9F, 0xFF,
    0x81, 0x8C, 0x9F, 0xFF, 0x81, 0x8C, 0x9F, 0xFF, 0x81, 0x8C, 0x9F, 0xFF,
    0x81, 0x8C, 0x9F, 0xFF, 0x88, 0x92, 0xA3, 0xFF, 0xE5, 0xE7, 0xEC, 0xFF,
    0xB5, 0xBB, 0xC6, 0xFF, 0x83, 0x8E, 0xA0, 0xFF, 0xE4, 0xE7, 0xEB, 0xFF,
    0xF8, 0xFA, 0xFB, 0xFF, 0xF8, 0xFA, 0xFB, 0xFF, 0xF8, 0xFA, 0xFB, 0xFF,
    0xF8, 0xFA, 0xFB, 0xFF, 0xF8, 0xFA, 0xFB, 0xFF, 0xF8, 0xFA, 0xFB, 0xFF,
    0xF8, 0xFA, 0xFB, 0xFF, 0xF8, 0xFA, 0xFB, 0xFF, 0xF8, 0xFA, 0xFB, 0xFF,
    0xF8, 0xFA, 0xFB, 0xFF, 0xF8, 0xFA, 0xFB, 0xFF, 0xF8, 0xFA, 0xFB, 0xFF,
    0xE4, 0xE7, 0xEB, 0xFF, 0x83, 0x8E, 0xA0, 0xFF, 0xB5, 0xBB, 0xC6, 0xFF,
    0xE5, 0xE7, 0xEC, 0xFF, 0x88, 0x92, 0xA3, 0xFF, 0x81, 0x8C, 0x9F, 0xFF,
    0x81, 0x8C, 0x9F, 0xFF, 0x81, 0x8C, 0x9F, 0xFF, 0x81, 0x8C, 0x9F, 0xFF,
    0x81, 0x8C, 0x9F, 0xFF, 0x81, 0x8C, 0x9F, 0xFF, 0x81, 0x8C, 0x9F, 0xFF,
    0x81, 0x8C, 0x9F, 0xFF, 0x8D, 0x96, 0xA7, 0xFF, 0x69, 0x6F, 0x7A, 0x67,
    0x00, 0x00, 0x00, 0x18, 0x00, 0x00, 0x00, 0x07, 0x00, 0x00, 0x00, 0x00,
    0x00, 0x00, 0x00, 0x00, 0x00, 0x00, 0x00, 0x07, 0x00, 0x00, 0x00, 0x18,
    0x66, 0x6C, 0x78, 0x66, 0x8A, 0x94, 0xA5, 0xFF, 0x80, 0x8A, 0x9D, 0xFF,
    0x80, 0x8A, 0x9D, 0xFF, 0x80, 0x8A, 0x9D, 0xFF, 0x80, 0x8A, 0x9D, 0xFF,
    0x80, 0x8A, 0x9D, 0xFF, 0x80, 0x8A, 0x9D, 0xFF, 0x80, 0x8A, 0x9D, 0xFF,
    0x80, 0x8A, 0x9D, 0xFF, 0xC0, 0xC5, 0xCF, 0xFF, 0xF7, 0xF8, 0xFA, 0xFF,
    0xF7, 0xF8, 0xFA, 0xFF, 0xE3, 0xE6, 0xEA, 0xFF, 0xCA, 0xCE, 0xD7, 0xFF,
    0xF7, 0xF8, 0xFA, 0xFF, 0xF7, 0xF8, 0xFA, 0xFF, 0xF7, 0xF8, 0xFA, 0xFF,
    0xF7, 0xF8, 0xFA, 0xFF, 0xF7, 0xF8, 0xFA, 0xFF, 0xF7, 0xF8, 0xFA, 0xFF,
    0xF7, 0xF8, 0xFA, 0xFF, 0xF7, 0xF8, 0xFA, 0xFF, 0xF7, 0xF8, 0xFA, 0xFF,
    0xF7, 0xF8, 0xFA, 0xFF, 0xF7, 0xF8, 0xFA, 0xFF, 0xF7, 0xF8, 0xFA, 0xFF,
    0xCA, 0xCE, 0xD7, 0xFF, 0xE3, 0xE6, 0xEA, 0xFF, 0xF7, 0xF8, 0xFA, 0xFF,
    0xF7, 0xF8, 0xFA, 0xFF, 0xC0, 0xC5, 0xCF, 0xFF, 0x80, 0x8A, 0x9D, 0xFF,
    0x80, 0x8A, 0x9D, 0xFF, 0x80, 0x8A, 0x9D, 0xFF, 0x80, 0x8A, 0x9D, 0xFF,
    0x80, 0x8A, 0x9D, 0xFF, 0x80, 0x8A, 0x9D, 0xFF, 0x80, 0x8A, 0x9D, 0xFF,
    0x80, 0x8A, 0x9D, 0xFF, 0x8A, 0x94, 0xA5, 0xFF, 0x66, 0x6C, 0x78, 0x66,
    0x00, 0x00, 0x00, 0x18, 0x00, 0x00, 0x00, 0x07, 0x00, 0x00, 0x00, 0x00,
    0x00, 0x00, 0x00, 0x00, 0x00, 0x00, 0x00, 0x07, 0x00, 0x00, 0x00, 0x18,
    0x63, 0x6A, 0x75, 0x66, 0x87, 0x91, 0xA3, 0xFF, 0x7E, 0x89, 0x9B, 0xFF,
    0x7E, 0x89, 0x9B, 0xFF, 0x7E, 0x89, 0x9B, 0xFF, 0x7E, 0x89, 0x9B, 0xFF,
    0x7E, 0x89, 0x9B, 0xFF, 0x7E, 0x89, 0x9B, 0xFF, 0x7E, 0x89, 0x9B, 0xFF,
    0x8F, 0x98, 0xA8, 0xFF, 0xF2, 0xF4, 0xF7, 0xFF, 0xF6, 0xF7, 0xF9, 0xFF,
    0xF6, 0xF7, 0xF9, 0xFF, 0xF6, 0xF7, 0xF9, 0xFF, 0xF6, 0xF7, 0xF9, 0xFF,
    0xF6, 0xF7, 0xF9, 0xFF, 0xF6, 0xF7, 0xF9, 0xFF, 0xF6, 0xF7, 0xF9, 0xFF,
    0xF6, 0xF7, 0xF9, 0xFF, 0xF6, 0xF7, 0xF9, 0xFF, 0xF6, 0xF7, 0xF9, 0xFF,
    0xF6, 0xF7, 0xF9, 0xFF, 0xF6, 0xF7, 0xF9, 0xFF, 0xF6, 0xF7, 0xF9, 0xFF,
    0xF6, 0xF7, 0xF9, 0xFF, 0xF6, 0xF7, 0xF9, 0xFF, 0xF6, 0xF7, 0xF9, 0xFF,
    0xF6, 0xF7, 0xF9, 0xFF, 0xF6, 0xF7, 0xF9, 0xFF, 0xF6, 0xF7, 0xF9, 0xFF,
    0xF6, 0xF7, 0xF9, 0xFF, 0xF2, 0xF4, 0xF7, 0xFF, 0x8F, 0x98, 0xA8, 0xFF,
    0x7E, 0x89, 0x9B, 0xFF, 0x7E, 0x89, 0x9B, 0xFF, 0x7E, 0x89, 0x9B, 0xFF,
    0x7E, 0x89, 0x9B, 0xFF, 0x7E, 0x89, 0x9B, 0xFF, 0x7E, 0x89, 0x9B, 0xFF,
    0x7E, 0x89, 0x9B, 0xFF, 0x87, 0x91, 0xA3, 0xFF, 0x63, 0x6A, 0x75, 0x66,
    0x00, 0x00, 0x00, 0x18, 0x00, 0x00, 0x00, 0x07, 0x00, 0x00, 0x00, 0x00,
    0x00, 0x00, 0x00, 0x00, 0x00, 0x00, 0x00, 0x07, 0x00, 0x00, 0x00, 0x18,
    0x61, 0x67, 0x73, 0x65, 0x85, 0x8F, 0xA0, 0xFF, 0x7C, 0x87, 0x9A, 0xFF,
    0x7C, 0x87, 0x9A, 0xFF, 0x7C, 0x87, 0x9A, 0xFF, 0x7C, 0x87, 0x9A, 0xFF,
    0x7C, 0x87, 0x9A, 0xFF, 0x7C, 0x87, 0x9A, 0xFF, 0x7C, 0x87, 0x9A, 0xFF,
    0xC3, 0xC8, 0xD1, 0xFF, 0xF4, 0xF6, 0xF8, 0xFF, 0xF4, 0xF6, 0xF8, 0xFF,
    0xF4, 0xF6, 0xF8, 0xFF, 0xF4, 0xF6, 0xF8, 0xFF, 0xF4, 0xF6, 0xF8, 0xFF,
    0xF4, 0xF6, 0xF8, 0xFF, 0xF4, 0xF6, 0xF8, 0xFF, 0xF4, 0xF6, 0xF8, 0xFF,
    0xF4, 0xF6, 0xF8, 0xFF, 0xF4, 0xF6, 0xF8, 0xFF, 0xDD, 0xE1, 0xE7, 0xFF,
    0xDD, 0xE1, 0xE7, 0xFF, 0xF4, 0xF6, 0xF8, 0xFF, 0xF4, 0xF6, 0xF8, 0xFF,
    0xF4, 0xF6, 0xF8, 0xFF, 0xF4, 0xF6, 0xF8, 0xFF, 0xF4, 0xF6, 0xF8, 0xFF,
    0xF4, 0xF6, 0xF8, 0xFF, 0xF4, 0xF6, 0xF8, 0xFF, 0xF4, 0xF6, 0xF8, 0xFF,
    0xF4, 0xF6, 0xF8, 0xFF, 0xF4, 0xF6, 0xF8, 0xFF, 0xC3, 0xC8, 0xD1, 0xFF,
    0x7C, 0x87, 0x9A, 0xFF, 0x7C, 0x87, 0x9A, 0xFF, 0x7C, 0x87, 0x9A, 0xFF,
    0x7C, 0x87, 0x9A, 0xFF, 0x7C, 0x87, 0x9A, 0xFF, 0x7C, 0x87, 0x9A, 0xFF,
    0x7C, 0x87, 0x9A, 0xFF, 0x85, 0x8F, 0xA0, 0xFF, 0x61, 0x67, 0x73, 0x65,
    0x00, 0x00, 0x00, 0x18, 0x00, 0x00, 0x00, 0x07, 0x00, 0x00, 0x00, 0x00,
    0x00, 0x00, 0x00, 0x00, 0x00, 0x00, 0x00, 0x07, 0x00, 0x00, 0x00, 0x18,
    0x5E, 0x64, 0x70, 0x64, 0x82, 0x8C, 0x9E, 0xFF, 0x7B, 0x85, 0x98, 0xFF,
    0x7B, 0x85, 0x98, 0xFF, 0x7B, 0x85, 0x98, 0xFF, 0x7B, 0x85, 0x98, 0xFF,
    0x7B, 0x85, 0x98, 0xFF, 0x7B, 0x85, 0x98, 0xFF, 0x7B, 0x85, 0x98, 0xFF,
    0x7C, 0x87, 0x9A, 0xFF, 0xB1, 0xB8, 0xC4, 0xFF, 0xEB, 0xEE, 0xF2, 0xFF,
    0xF3, 0xF5, 0xF8, 0xFF, 0xF3, 0xF5, 0xF8, 0xFF, 0xF3, 0xF5, 0xF8, 0xFF,
    0xF3, 0xF5, 0xF8, 0xFF, 0xF3, 0xF5, 0xF8, 0xFF, 0xF3, 0xF5, 0xF8, 0xFF,
    0xC9, 0xCE, 0xD7, 0xFF, 0x87, 0x91, 0xA2, 0xFF, 0x7B, 0x85, 0x98, 0xFF,
    0x7B, 0x85, 0x98, 0xFF, 0x87, 0x91, 0xA2, 0xFF, 0xC9, 0xCE, 0xD7, 0xFF,
    0xF3, 0xF5, 0xF8, 0xFF, 0xF3, 0xF5, 0xF8, 0xFF, 0xF3, 0xF5, 0xF8, 0xFF,
    0xF3, 0xF5, 0xF8, 0xFF, 0xF3, 0xF5, 0xF8, 0xFF, 0xF3, 0xF5, 0xF8, 0xFF,
    0xEB, 0xEE, 0xF2, 0xFF, 0xB1, 0xB8, 0xC4, 0xFF, 0x7C, 0x87, 0x9A, 0xFF,
    0x7B, 0x85, 0x98, 0xFF, 0x7B, 0x85, 0x98, 0xFF, 0x7B, 0x85, 0x98, 0xFF,
    0x7B, 0x85, 0x98, 0xFF, 0x7B, 0x85, 0x98, 0xFF, 0x7B, 0x85, 0x98, 0xFF,
    0x7B, 0x85, 0x98, 0xFF, 0x82, 0x8C, 0x9E, 0xFF, 0x5E, 0x64, 0x70, 0x64,
    0x00, 0x00, 0x00, 0x18, 0x00, 0x00, 0x00, 0x07, 0x00, 0x00, 0x00, 0x00,
    0x00, 0x00, 0x00, 0x00, 0x00, 0x00, 0x00, 0x07, 0x00, 0x00, 0x00, 0x18,
    0x5B, 0x62, 0x6E, 0x64, 0x7F, 0x89, 0x9B, 0xFF, 0x79, 0x83, 0x96, 0xFF,
    0x79, 0x83, 0x96, 0xFF, 0x79, 0x83, 0x96, 0xFF, 0x79, 0x83, 0x96, 0xFF,
    0x79, 0x83, 0x96, 0xFF, 0x79, 0x83, 0x96, 0xFF, 0x84, 0x8E, 0x9F, 0xFF,
    0x97, 0x9F, 0xAE, 0xFF, 0x97, 0x9F, 0xAE, 0xFF, 0xA1, 0xA9, 0xB6, 0xFF,
    0xE4, 0xE7, 0xEC, 0xFF, 0xF1, 0xF4, 0xF7, 0xFF, 0xF1, 0xF4, 0xF7, 0xFF,
    0xF1, 0xF4, 0xF7, 0xFF, 0xF1, 0xF4, 0xF7, 0xFF, 0xC8, 0xCD, 0xD5, 0xFF,
    0x79, 0x83, 0x96, 0xFF, 0x79, 0x83, 0x96, 0xFF, 0x79, 0x83, 0x96, 0xFF,
    0x79, 0x83, 0x96, 0xFF, 0x79, 0x83, 0x96, 0xFF, 0x79, 0x83, 0x96, 0xFF,
    0xC8, 0xCD, 0xD5, 0xFF, 0xF1, 0xF4, 0xF7, 0xFF, 0xF1, 0xF4, 0xF7, 0xFF,
    0xF1, 0xF4, 0xF7, 0xFF, 0xF1, 0xF4, 0xF7, 0xFF, 0xE4, 0xE7, 0xEC, 0xFF,
    0xA1, 0xA9, 0xB6, 0xFF, 0x97, 0x9F, 0xAE, 0xFF, 0x97, 0x9F, 0xAE, 0xFF,
    0x84, 0x8E, 0x9F, 0xFF, 0x79, 0x83, 0x96, 0xFF, 0x79, 0x83, 0x96, 0xFF,
    0x79, 0x83, 0x96, 0xFF, 0x79, 0x83, 0x96, 0xFF, 0x79, 0x83, 0x96, 0xFF,
    0x79, 0x83, 0x96, 0xFF, 0x7F, 0x89, 0x9B, 0xFF, 0x5B, 0x62, 0x6E, 0x64,
    0x00, 0x00, 0x00, 0x18, 0x00, 0x00, 0x00, 0x07, 0x00, 0x00, 0x00, 0x00,
    0x00, 0x00, 0x00, 0x00, 0x00, 0x00, 0x00, 0x07, 0x00, 0x00, 0x00, 0x18,
    0x58, 0x5F, 0x6B, 0x63, 0x7D, 0x87, 0x99, 0xFF, 0x77, 0x82, 0x95, 0xFF,
    0x77, 0x82, 0x95, 0xFF, 0x77, 0x82, 0x95, 0xFF, 0x77, 0x82, 0x95, 0xFF,
    0x77, 0x82, 0x95, 0xFF, 0x77, 0x82, 0x95, 0xFF, 0xA4, 0xAC, 0xB9, 0xFF,
    0xF0, 0xF2, 0xF6, 0xFF, 0xF0, 0xF2, 0xF6, 0xFF, 0xF0, 0xF2, 0xF6, 0xFF,
    0xF0, 0xF2, 0xF6, 0xFF, 0xF0, 0xF2, 0xF6, 0xFF, 0xF0, 0xF2, 0xF6, 0xFF,
    0xF0, 0xF2, 0xF6, 0xFF, 0xEF, 0xF1, 0xF5, 0xFF, 0x84, 0x8E, 0x9F, 0xFF,
    0x77, 0x82, 0x95, 0xFF, 0x77, 0x82, 0x95, 0xFF, 0x77, 0x82, 0x95, 0xFF,
    0x77, 0x82, 0x95, 0xFF, 0x77, 0x82, 0x95, 0xFF, 0x77, 0x82, 0x95, 0xFF,
    0x84, 0x8E, 0x9F, 0xFF, 0xEF, 0xF1, 0xF5, 0xFF, 0xF0, 0xF2, 0xF6, 0xFF,
    0xF0, 0xF2, 0xF6, 0xFF, 0xF0, 0xF2, 0xF6, 0xFF, 0xF0, 0xF2, 0xF6, 0xFF,
    0xF0, 0xF2, 0xF6, 0xFF, 0xF0, 0xF2, 0xF6, 0xFF, 0xF0, 0xF2, 0xF6, 0xFF,
    0xA4, 0xAC, 0xB9, 0xFF, 0x77, 0x82, 0x95, 0xFF, 0x77, 0x82, 0x95, 0xFF,
    0x77, 0x82, 0x95, 0xFF, 0x77, 0x82, 0x95, 0xFF, 0x77, 0x82, 0x95, 0xFF,
    0x77, 0x82, 0x95, 0xFF, 0x7D, 0x87, 0x99, 0xFF, 0x58, 0x5F, 0x6B, 0x63,
    0x00, 0x00, 0x00, 0x18, 0x00, 0x00, 0x00, 0x07, 0x00, 0x00, 0x00, 0x00,
    0x00, 0x00, 0x00, 0x00, 0x00, 0x00, 0x00, 0x07, 0x00, 0x00, 0x00, 0x18,
    0x55, 0x5C, 0x68, 0x62, 0x7A, 0x84, 0x96, 0xFF, 0x76, 0x80, 0x93, 0xFF,
    0x76, 0x80, 0x93, 0xFF, 0x76, 0x80, 0x93, 0xFF, 0x76, 0x80, 0x93, 0xFF,
    0x76, 0x80, 0x93, 0xFF, 0x76, 0x80, 0x93, 0xFF, 0xA3, 0xAA, 0xB8, 0xFF,
    0xEE, 0xF1, 0xF5, 0xFF, 0xEE, 0xF1, 0xF5, 0xFF, 0xEE, 0xF1, 0xF5, 0xFF,
    0xEE, 0xF1, 0xF5, 0xFF, 0xEE, 0xF1, 0xF5, 0xFF, 0xEE, 0xF1, 0xF5, 0xFF,
    0xEE, 0xF1, 0xF5, 0xFF, 0xDC, 0xE0, 0xE6, 0xFF, 0x76, 0x80, 0x93, 0xFF,
    0x76, 0x80, 0x93, 0xFF, 0x76, 0x80, 0x93, 0xFF, 0x76, 0x80, 0x93, 0xFF,
    0x76, 0x80, 0x93, 0xFF, 0x76, 0x80, 0x93, 0xFF, 0x76, 0x80, 0x93, 0xFF,
    0x76, 0x80, 0x93, 0xFF, 0xDC, 0xE0, 0xE6, 0xFF, 0xEE, 0xF1, 0xF5, 0xFF,
    0xEE, 0xF1, 0xF5, 0xFF, 0xEE, 0xF1, 0xF5, 0xFF, 0xEE, 0xF1, 0xF5, 0xFF,
    0xEE, 0xF1, 0xF5, 0xFF, 0xEE, 0xF1, 0xF5, 0xFF, 0xEE, 0xF1, 0xF5, 0xFF,
    0xA3, 0xAA, 0xB8, 0xFF, 0x76, 0x80, 0x93, 0xFF, 0x76, 0x80, 0x93, 0xFF,
    0x76, 0x80, 0x93, 0xFF, 0x76, 0x80, 0x93, 0xFF, 0x76, 0x80, 0x93, 0xFF,
    0x76, 0x80, 0x93, 0xFF, 0x7A, 0x84, 0x96, 0xFF, 0x55, 0x5C, 0x68, 0x62,
    0x00, 0x00, 0x00, 0x18, 0x00, 0x00, 0x00, 0x07, 0x00, 0x00, 0x00, 0x00,
    0x00, 0x00, 0x00, 0x00, 0x00, 0x00, 0x00, 0x07, 0x00, 0x00, 0x00, 0x18,
    0x52, 0x59, 0x66, 0x62, 0x77, 0x81, 0x94, 0xFF, 0x74, 0x7E, 0x91, 0xFF,
    0x74, 0x7E, 0x91, 0xFF, 0x74, 0x7E, 0x91, 0xFF, 0x74, 0x7E, 0x91, 0xFF,
    0x74, 0x7E, 0x91, 0xFF, 0x74, 0x7E, 0x91, 0xFF, 0xA1, 0xA9, 0xB6, 0xFF,
    0xED, 0xF0, 0xF4, 0xFF, 0xED, 0xF0, 0xF4, 0xFF, 0xED, 0xF0, 0xF4, 0xFF,
    0xED, 0xF0, 0xF4, 0xFF, 0xED, 0xF0, 0xF4, 0xFF, 0xED, 0xF0, 0xF4, 0xFF,
    0xED, 0xF0, 0xF4, 0xFF, 0xDA, 0xDF, 0xE5, 0xFF, 0x74, 0x7E, 0x91, 0xFF,
    0x74, 0x7E, 0x91, 0xFF, 0x74, 0x7E, 0x91, 0xFF, 0x74, 0x7E, 0x91, 0xFF,
    0x74, 0x7E, 0x91, 0xFF, 0x74, 0x7E, 0x91, 0xFF, 0x74, 0x7E, 0x91, 0xFF,
    0x74, 0x7E, 0x91, 0xFF, 0xDA, 0xDF, 0xE5, 0xFF, 0xED, 0xF0, 0xF4, 0xFF,
    0xED, 0xF0, 0xF4, 0xFF, 0xED, 0xF0, 0xF4, 0xFF, 0xED, 0xF0, 0xF4, 0xFF,
    0xED, 0xF0, 0xF4, 0xFF, 0xED, 0xF0, 0xF4, 0xFF, 0xED, 0xF0, 0xF4, 0xFF,
    0xA1, 0xA9, 0xB6, 0xFF, 0x74, 0x7E, 0x91, 0xFF, 0x74, 0x7E, 0x91, 0xFF,
    0x74, 0x7E, 0x91, 0xFF, 0x74, 0x7E, 0x91, 0xFF, 0x74, 0x7E, 0x91, 0xFF,
    0x74, 0x7E, 0x91, 0xFF, 0x77, 0x81, 0x94, 0xFF, 0x52, 0x59, 0x66, 0x62,
    0x00, 0x00, 0x00, 0x18, 0x00, 0x00, 0x00, 0x07, 0x00, 0x00, 0x00, 0x00,
    0x00, 0x00, 0x00, 0x00, 0x00, 0x00, 0x00, 0x07, 0x00, 0x00, 0x00, 0x18,
    0x4F, 0x56, 0x63, 0x61, 0x74, 0x7F, 0x91, 0xFF, 0x72, 0x7D, 0x90, 0xFF,
    0x72, 0x7D, 0x90, 0xFF, 0x72, 0x7D, 0x90, 0xFF, 0x72, 0x7D, 0x90, 0xFF,
    0x72, 0x7D, 0x90, 0xFF, 0x72, 0x7D, 0x90, 0xFF, 0xA0, 0xA7, 0xB5, 0xFF,
    0xEB, 0xEF, 0xF3, 0xFF, 0xEB, 0xEF, 0xF3, 0xFF, 0xEB, 0xEF, 0xF3, 0xFF,
    0xEB, 0xEF, 0xF3, 0xFF, 0xEB, 0xEF, 0xF3, 0xFF, 0xEB, 0xEF, 0xF3, 0xFF,
    0xEB, 0xEF, 0xF3, 0xFF, 0xEA, 0xEE, 0xF2, 0xFF, 0x7F, 0x89, 0x9A, 0xFF,
    0x72, 0x7D, 0x90, 0xFF, 0x72, 0x7D, 0x90, 0xFF, 0x72, 0x7D, 0x90, 0xFF,
    0x72, 0x7D, 0x90, 0xFF, 0x72, 0x7D, 0x90, 0xFF, 0x72, 0x7D, 0x90, 0xFF,
    0x7F, 0x89, 0x9A, 0xFF, 0xEA, 0xEE, 0xF2, 0xFF, 0xEB, 0xEF, 0xF3, 0xFF,
    0xEB, 0xEF, 0xF3, 0xFF, 0xEB, 0xEF, 0xF3, 0xFF, 0xEB, 0xEF, 0xF3, 0xFF,
    0xEB, 0xEF, 0xF3, 0xFF, 0xEB, 0xEF, 0xF3, 0xFF, 0xEB, 0xEF, 0xF3, 0xFF,
    0xA0, 0xA7, 0xB5, 0xFF, 0x72, 0x7D, 0x90, 0xFF, 0x72, 0x7D, 0x90, 0xFF,
    0x72, 0x7D, 0x90, 0xFF, 0x72, 0x7D, 0x90, 0xFF, 0x72, 0x7D, 0x90, 0xFF,
    0x72, 0x7D, 0x90, 0xFF, 0x74, 0x7F, 0x91, 0xFF, 0x4F, 0x56, 0x63, 0x61,
    0x00, 0x00, 0x00, 0x18, 0x00, 0x00, 0x00, 0x07, 0x00, 0x00, 0x00, 0x00,
    0x00, 0x00, 0x00, 0x00, 0x00, 0x00, 0x00, 0x07, 0x00, 0x00, 0x00, 0x18,
    0x4C, 0x53, 0x60, 0x60, 0x71, 0x7C, 0x8F, 0xFF, 0x71, 0x7B, 0x8E, 0xFF,
    0x71, 0x7B, 0x8E, 0xFF, 0x71, 0x7B, 0x8E, 0xFF, 0x71, 0x7B, 0x8E, 0xFF,
    0x71, 0x7B, 0x8E, 0xFF, 0x71, 0x7B, 0x8E, 0xFF, 0x7C, 0x86, 0x98, 0xFF,
    0x8F, 0x98, 0xA7, 0xFF, 0x8F, 0x98, 0xA7, 0xFF, 0x99, 0xA1, 0xAF, 0xFF,
    0xDC, 0xE1, 0xE7, 0xFF, 0xEA, 0xED, 0xF2, 0xFF, 0xEA, 0xED, 0xF2, 0xFF,
    0xEA, 0xED, 0xF2, 0xFF, 0xEA, 0xED, 0xF2, 0xFF, 0xC0, 0xC6, 0xD0, 0xFF,
    0x71, 0x7B, 0x8E, 0xFF, 0x71, 0x7B, 0x8E, 0xFF, 0x71, 0x7B, 0x8E, 0xFF,
    0x71, 0x7B, 0x8E, 0xFF, 0x71, 0x7B, 0x8E, 0xFF, 0x71, 0x7B, 0x8E, 0xFF,
    0xC0, 0xC6, 0xD0, 0xFF, 0xEA, 0xED, 0xF2, 0xFF, 0xEA, 0xED, 0xF2, 0xFF,
    0xEA, 0xED, 0xF2, 0xFF, 0xEA, 0xED, 0xF2, 0xFF, 0xDC, 0xE1, 0xE7, 0xFF,
    0x99, 0xA1, 0xAF, 0xFF, 0x8F, 0x98, 0xA7, 0xFF, 0x8F, 0x98, 0xA7, 0xFF,
    0x7C, 0x86, 0x98, 0xFF, 0x71, 0x7B, 0x8E, 0xFF, 0x71, 0x7B, 0x8E, 0xFF,
    0x71, 0x7B, 0x8E, 0xFF, 0x71, 0x7B, 0x8E, 0xFF, 0x71, 0x7B, 0x8E, 0xFF,
    0x71, 0x7B, 0x8E, 0xFF, 0x71, 0x7C, 0x8F, 0xFF, 0x4C, 0x53, 0x60, 0x60,
    0x00, 0x00, 0x00, 0x18, 0x00, 0x00, 0x00, 0x07, 0x00, 0x00, 0x00, 0x00,
    0x00, 0x00, 0x00, 0x00, 0x00, 0x00, 0x00, 0x07, 0x00, 0x00, 0x00, 0x18,
    0x4A, 0x51, 0x5D, 0x60, 0x6F, 0x79, 0x8C, 0xFF, 0x6F, 0x79, 0x8C, 0xFF,
    0x6F, 0x79, 0x8C, 0xFF, 0x6F, 0x79, 0x8C, 0xFF, 0x6F, 0x79, 0x8C, 0xFF,
    0x6F, 0x79, 0x8C, 0xFF, 0x6F, 0x79, 0x8C, 0xFF, 0x6F, 0x79, 0x8C, 0xFF,
    0x71, 0x7B, 0x8E, 0xFF, 0xA6, 0xAE, 0xBB, 0xFF, 0xE1, 0xE5, 0xEB, 0xFF,
    0xE8, 0xEC, 0xF1, 0xFF, 0xE8, 0xEC, 0xF1, 0xFF, 0xE8, 0xEC, 0xF1, 0xFF,
    0xE8, 0xEC, 0xF1, 0xFF, 0xE8, 0xEC, 0xF1, 0xFF, 0xE8, 0xEC, 0xF1, 0xFF,
    0xBE, 0xC5, 0xCF, 0xFF, 0x7B, 0x85, 0x97, 0xFF, 0x6F, 0x79, 0x8C, 0xFF,
    0x6F, 0x79, 0x8C, 0xFF, 0x7B, 0x85, 0x97, 0xFF, 0xBE, 0xC5, 0xCF, 0xFF,
    0xE8, 0xEC, 0xF1, 0xFF, 0xE8, 0xEC, 0xF1, 0xFF, 0xE8, 0xEC, 0xF1, 0xFF,
    0xE8, 0xEC, 0xF1, 0xFF, 0xE8, 0xEC, 0xF1, 0xFF, 0xE8, 0xEC, 0xF1, 0xFF,
    0xE1, 0xE5, 0xEB, 0xFF, 0xA6, 0xAE, 0xBB, 0xFF, 0x71, 0x7B, 0x8E, 0xFF,
    0x6F, 0x79, 0x8C, 0xFF, 0x6F, 0x79, 0x8C, 0xFF, 0x6F, 0x79, 0x8C, 0xFF,
    0x6F, 0x79, 0x8C, 0xFF, 0x6F, 0x79, 0x8C, 0xFF, 0x6F, 0x79, 0x8C, 0xFF,
    0x6F, 0x79, 0x8C, 0xFF, 0x6F, 0x79, 0x8C, 0xFF, 0x4A, 0x51, 0x5D, 0x60,
    0x00, 0x00, 0x00, 0x18, 0x00, 0x00, 0x00, 0x07, 0x00, 0x00, 0x00, 0x00,
    0x00, 0x00, 0x00, 0x00, 0x00, 0x00, 0x00, 0x07, 0x00, 0x00, 0x00, 0x18,
    0x49, 0x50, 0x5C, 0x60, 0x6D, 0x78, 0x8B, 0xFF, 0x6D, 0x78, 0x8B, 0xFF,
    0x6D, 0x78, 0x8B, 0xFF, 0x6D, 0x78, 0x8B, 0xFF, 0x6D, 0x78, 0x8B, 0xFF,
    0x6D, 0x78, 0x8B, 0xFF, 0x6D, 0x78, 0x8B, 0xFF, 0x6D, 0x78, 0x8B, 0xFF,
    0xB5, 0xBB, 0xC7, 0xFF, 0xE7, 0xEB, 0xF1, 0xFF, 0xE7, 0xEB, 0xF1, 0xFF,
    0xE7, 0xEB, 0xF1, 0xFF, 0xE7, 0xEB, 0xF1, 0xFF, 0xE7, 0xEB, 0xF1, 0xFF,
    0xE7, 0xEB, 0xF1, 0xFF, 0xE7, 0xEB, 0xF1, 0xFF, 0xE7, 0xEB, 0xF1, 0xFF,
    0xE7, 0xEB, 0xF1, 0xFF, 0xE7, 0xEB, 0xF1, 0xFF, 0xD0, 0xD5, 0xDD, 0xFF,
    0xD0, 0xD5, 0xDD, 0xFF, 0xE7, 0xEB, 0xF1, 0xFF, 0xE7, 0xEB, 0xF1, 0xFF,
    0xE7, 0xEB, 0xF1, 0xFF, 0xE7, 0xEB, 0xF1, 0xFF, 0xE7, 0xEB, 0xF1, 0xFF,
    0xE7, 0xEB, 0xF1, 0xFF, 0xE7, 0xEB, 0xF1, 0xFF, 0xE7, 0xEB, 0xF1, 0xFF,
    0xE7, 0xEB, 0xF1, 0xFF, 0xE7, 0xEB, 0xF1, 0xFF, 0xB5, 0xBB, 0xC7, 0xFF,
    0x6D, 0x78, 0x8B, 0xFF, 0x6D, 0x78, 0x8B, 0xFF, 0x6D, 0x78, 0x8B, 0xFF,
    0x6D, 0x78, 0x8B, 0xFF, 0x6D, 0x78, 0x8B, 0xFF, 0x6D, 0x78, 0x8B, 0xFF,
    0x6D, 0x78, 0x8B, 0xFF, 0x6D, 0x78, 0x8B, 0xFF, 0x49, 0x50, 0x5C, 0x60,
    0x00, 0x00, 0x00, 0x18, 0x00, 0x00, 0x00, 0x07, 0x00, 0x00, 0x00, 0x00,
    0x00, 0x00, 0x00, 0x00, 0x00, 0x00, 0x00, 0x07, 0x00, 0x00, 0x00, 0x18,
    0x48, 0x4E, 0x5B, 0x60, 0x6C, 0x76, 0x89, 0xFF, 0x6C, 0x76, 0x89, 0xFF,
    0x6C, 0x76, 0x89, 0xFF, 0x6C, 0x76, 0x89, 0xFF, 0x6C, 0x76, 0x89, 0xFF,
    0x6C, 0x76, 0x89, 0xFF, 0x6C, 0x76, 0x89, 0xFF, 0x6C, 0x76, 0x89, 0xFF,
    0x7D, 0x86, 0x97, 0xFF, 0xE2, 0xE7, 0xED, 0xFF, 0xE5, 0xEA, 0xF0, 0xFF,
    0xE5, 0xEA, 0xF0, 0xFF, 0xE5, 0xEA, 0xF0, 0xFF, 0xE5, 0xEA, 0xF0, 0xFF,
    0xE5, 0xEA, 0xF0, 0xFF, 0xE5, 0xEA, 0xF0, 0xFF, 0xE5, 0xEA, 0xF0, 0xFF,
    0xE5, 0xEA, 0xF0, 0xFF, 0xE5, 0xEA, 0xF0, 0xFF, 0xE5, 0xEA, 0xF0, 0xFF,
    0xE5, 0xEA, 0xF0, 0xFF, 0xE5, 0xEA, 0xF0, 0xFF, 0xE5, 0xEA, 0xF0, 0xFF,
    0xE5, 0xEA, 0xF0, 0xFF, 0xE5, 0xEA, 0xF0, 0xFF, 0xE5, 0xEA, 0xF0, 0xFF,
    0xE5, 0xEA, 0xF0, 0xFF, 0xE5, 0xEA, 0xF0, 0xFF, 0xE5, 0xEA, 0xF0, 0xFF,
    0xE5, 0xEA, 0xF0, 0xFF, 0xE2, 0xE7, 0xED, 0xFF, 0x7D, 0x86, 0x97, 0xFF,
    0x6C, 0x76, 0x89, 0xFF, 0x6C, 0x76, 0x89, 0xFF, 0x6C, 0x76, 0x89, 0xFF,
    0x6C, 0x76, 0x89, 0xFF, 0x6C, 0x76, 0x89, 0xFF, 0x6C, 0x76, 0x89, 0xFF,
    0x6C, 0x76, 0x89, 0xFF, 0x6C, 0x76, 0x89, 0xFF, 0x48, 0x4E, 0x5B, 0x60,
    0x00, 0x00, 0x00, 0x18, 0x00, 0x00, 0x00, 0x07, 0x00, 0x00, 0x00, 0x00,
    0x00, 0x00, 0x00, 0x00, 0x00, 0x00, 0x00, 0x07, 0x00, 0x00, 0x00, 0x18,
    0x46, 0x4D, 0x5A, 0x60, 0x6A, 0x74, 0x88, 0xFF, 0x6A, 0x74, 0x88, 0xFF,
    0x6A, 0x74, 0x88, 0xFF, 0x6A, 0x74, 0x88, 0xFF, 0x6A, 0x74, 0x88, 0xFF,
    0x6A, 0x74, 0x88, 0xFF, 0x6A, 0x74, 0x88, 0xFF, 0x6A, 0x74, 0x88, 0xFF,
    0x6A, 0x74, 0x88, 0xFF, 0xAB, 0xB3, 0xBF, 0xFF, 0xE4, 0xE9, 0xEF, 0xFF,
    0xE4, 0xE9, 0xEF, 0xFF, 0xCF, 0xD5, 0xDD, 0xFF, 0xB5, 0xBC, 0xC7, 0xFF,
    0xE4, 0xE9, 0xEF, 0xFF, 0xE4, 0xE9, 0xEF, 0xFF, 0xE4, 0xE9, 0xEF, 0xFF,
    0xE4, 0xE9, 0xEF, 0xFF, 0xE4, 0xE9, 0xEF, 0xFF, 0xE4, 0xE9, 0xEF, 0xFF,
    0xE4, 0xE9, 0xEF, 0xFF, 0xE4, 0xE9, 0xEF, 0xFF, 0xE4, 0xE9, 0xEF, 0xFF,
    0xE4, 0xE9, 0xEF, 0xFF, 0xE4, 0xE9, 0xEF, 0xFF, 0xE4, 0xE9, 0xEF, 0xFF,
    0xB5, 0xBC, 0xC7, 0xFF, 0xCF, 0xD5, 0xDD, 0xFF, 0xE4, 0xE9, 0xEF, 0xFF,
    0xE4, 0xE9, 0xEF, 0xFF, 0xAB, 0xB3, 0xBF, 0xFF, 0x6A, 0x74, 0x88, 0xFF,
    0x6A, 0x74, 0x88, 0xFF, 0x6A, 0x74, 0x88, 0xFF, 0x6A, 0x74, 0x88, 0xFF,
    0x6A, 0x74, 0x88, 0xFF, 0x6A, 0x74, 0x88, 0xFF, 0x6A, 0x74, 0x88, 0xFF,
    0x6A, 0x74, 0x88, 0xFF, 0x6A, 0x74, 0x88, 0xFF, 0x46, 0x4D, 0x5A, 0x60,
    0x00, 0x00, 0x00, 0x18, 0x00, 0x00, 0x00, 0x07, 0x00, 0x00, 0x00, 0x00,
    0x00, 0x00, 0x00, 0x00, 0x00, 0x00, 0x00, 0x07, 0x00, 0x00, 0x00, 0x18,
    0x45, 0x4C, 0x59, 0x60, 0x68, 0x72, 0x86, 0xFF, 0x68, 0x72, 0x86, 0xFF,
    0x68, 0x72, 0x86, 0xFF, 0x68, 0x72, 0x86, 0xFF, 0x68, 0x72, 0x86, 0xFF,
    0x68, 0x72, 0x86, 0xFF, 0x68, 0x72, 0x86, 0xFF, 0x68, 0x72, 0x86, 0xFF,
    0x68, 0x72, 0x86, 0xFF, 0x6E, 0x79, 0x8B, 0xFF, 0xCE, 0xD4, 0xDD, 0xFF,
    0x9D, 0xA5, 0xB3, 0xFF, 0x6A, 0x74, 0x88, 0xFF, 0xCD, 0xD3, 0xDC, 0xFF,
    0xE3, 0xE7, 0xEE, 0xFF, 0xE3, 0xE7, 0xEE, 0xFF, 0xE3, 0xE7, 0xEE, 0xFF,
    0xE3, 0xE7, 0xEE, 0xFF, 0xE3, 0xE7, 0xEE, 0xFF, 0xE3, 0xE7, 0xEE, 0xFF,
    0xE3, 0xE7, 0xEE, 0xFF, 0xE3, 0xE7, 0xEE, 0xFF, 0xE3, 0xE7, 0xEE, 0xFF,
    0xE3, 0xE7, 0xEE, 0xFF, 0xE3, 0xE7, 0xEE, 0xFF, 0xE3, 0xE7, 0xEE, 0xFF,
    0xCD, 0xD3, 0xDC, 0xFF, 0x6A, 0x74, 0x88, 0xFF, 0x9D, 0xA5, 0xB3, 0xFF,
    0xCE, 0xD4, 0xDD, 0xFF, 0x6E, 0x79, 0x8B, 0xFF, 0x68, 0x72, 0x86, 0xFF,
    0x68, 0x72, 0x86, 0xFF, 0x68, 0x72, 0x86, 0xFF, 0x68, 0x72, 0x86, 0xFF,
    0x68, 0x72, 0x86, 0xFF, 0x68, 0x72, 0x86, 0xFF, 0x68, 0x72, 0x86, 0xFF,
    0x68, 0x72, 0x86, 0xFF, 0x68, 0x72, 0x86, 0xFF, 0x45, 0x4C, 0x59, 0x60,
    0x00, 0x00, 0x00, 0x18, 0x00, 0x00, 0x00, 0x07, 0x00, 0x00, 0x00, 0x00,
    0x00, 0x00, 0x00, 0x00, 0x00, 0x00, 0x00, 0x07, 0x00, 0x00, 0x00, 0x18,
    0x44, 0x4B, 0x58, 0x60, 0x66, 0x71, 0x84, 0xFF, 0x66, 0x71, 0x84, 0xFF,
    0x66, 0x71, 0x84, 0xFF, 0x66, 0x71, 0x84, 0xFF, 0x66, 0x71, 0x84, 0xFF,
    0x66, 0x71, 0x84, 0xFF, 0x66, 0x71, 0x84, 0xFF, 0x66, 0x71, 0x84, 0xFF,
    0x66, 0x71, 0x84, 0xFF, 0x66, 0x71, 0x84, 0xFF, 0x66, 0x71, 0x84, 0xFF,
    0x66, 0x71, 0x84, 0xFF, 0x9A, 0xA2, 0xB0, 0xFF, 0xE1, 0xE6, 0xED, 0xFF,
    0xE1, 0xE6, 0xED, 0xFF, 0xE1, 0xE6, 0xED, 0xFF, 0xE1, 0xE6, 0xED, 0xFF,
    0xD4, 0xD9, 0xE2, 0xFF, 0xE1, 0xE6, 0xED, 0xFF, 0xE1, 0xE6, 0xED, 0xFF,
    0xE1, 0xE6, 0xED, 0xFF, 0xE1, 0xE6, 0xED, 0xFF, 0xD4, 0xD9, 0xE2, 0xFF,
    0xE1, 0xE6, 0xED, 0xFF, 0xE1, 0xE6, 0xED, 0xFF, 0xE1, 0xE6, 0xED, 0xFF,
    0xE1, 0xE6, 0xED, 0xFF, 0x9A, 0xA2, 0xB0, 0xFF, 0x66, 0x71, 0x84, 0xFF,
    0x66, 0x71, 0x84, 0xFF, 0x66, 0x71, 0x84, 0xFF, 0x66, 0x71, 0x84, 0xFF,
    0x66, 0x71, 0x84, 0xFF, 0x66, 0x71, 0x84, 0xFF, 0x66, 0x71, 0x84, 0xFF,
    0x66, 0x71, 0x84, 0xFF, 0x66, 0x71, 0x84, 0xFF, 0x66, 0x71, 0x84, 0xFF,
    0x66, 0x71, 0x84, 0xFF, 0x66, 0x71, 0x84, 0xFF, 0x44, 0x4B, 0x58, 0x60,
    0x00, 0x00, 0x00, 0x18, 0x00, 0x00, 0x00, 0x07, 0x00, 0x00, 0x00, 0x00,
    0x00, 0x00, 0x00, 0x00, 0x00, 0x00, 0x00, 0x07, 0x00, 0x00, 0x00, 0x18,
    0x43, 0x4A, 0x57, 0x60, 0x65, 0x6F, 0x83, 0xFF, 0x65, 0x6F, 0x83, 0xFF,
    0x65, 0x6F, 0x83, 0xFF, 0x65, 0x6F, 0x83, 0xFF, 0x65, 0x6F, 0x83, 0xFF,
    0x65, 0x6F, 0x83, 0xFF, 0x65, 0x6F, 0x83, 0xFF, 0x65, 0x6F, 0x83, 0xFF,
    0x65, 0x6F, 0x83, 0xFF, 0x65, 0x6F, 0x83, 0xFF, 0x65, 0x6F, 0x83, 0xFF,
    0x67, 0x71, 0x84, 0xFF, 0xCC, 0xD2, 0xDB, 0xFF, 0xE0, 0xE5, 0xEC, 0xFF,
    0xE0, 0xE5, 0xEC, 0xFF, 0xE0, 0xE5, 0xEC, 0xFF, 0xD8, 0xDE, 0xE6, 0xFF,
    0x85, 0x8E, 0x9E, 0xFF, 0xE0, 0xE5, 0xEC, 0xFF, 0xE0, 0xE5, 0xEC, 0xFF,
    0xE0, 0xE5, 0xEC, 0xFF, 0xE0, 0xE5, 0xEC, 0xFF, 0x85, 0x8E, 0x9E, 0xFF,
    0xD8, 0xDE, 0xE6, 0xFF, 0xE0, 0xE5, 0xEC, 0xFF, 0xE0, 0xE5, 0xEC, 0xFF,
    0xE0, 0xE5, 0xEC, 0xFF, 0xCC, 0xD2, 0xDB, 0xFF, 0x67, 0x71, 0x84, 0xFF,
    0x65, 0x6F, 0x83, 0xFF, 0x65, 0x6F, 0x83, 0xFF, 0x65, 0x6F, 0x83, 0xFF,
    0x65, 0x6F, 0x83, 0xFF, 0x65, 0x6F, 0x83, 0xFF, 0x65, 0x6F, 0x83, 0xFF,
    0x65, 0x6F, 0x83, 0xFF, 0x65, 0x6F, 0x83, 0xFF, 0x65, 0x6F, 0x83, 0xFF,
    0x65, 0x6F, 0x83, 0xFF, 0x65, 0x6F, 0x83, 0xFF, 0x43, 0x4A, 0x57, 0x60,
    0x00, 0x00, 0x00, 0x18, 0x00, 0x00, 0x00, 0x07, 0x00, 0x00, 0x00, 0x00,
    0x00, 0x00, 0x00, 0x00, 0x00, 0x00, 0x00, 0x07, 0x00, 0x00, 0x00, 0x18,
    0x3F, 0x45, 0x52, 0x5B, 0x63, 0x6D, 0x81, 0xFF, 0x63, 0x6D, 0x81, 0xFF,
    0x63, 0x6D, 0x81, 0xFF, 0x63, 0x6D, 0x81, 0xFF, 0x63, 0x6D, 0x81, 0xFF,
    0x63, 0x6D, 0x81, 0xFF, 0x63, 0x6D, 0x81, 0xFF, 0x63, 0x6D, 0x81, 0xFF,
    0x63, 0x6D, 0x81, 0xFF, 0x63, 0x6D, 0x81, 0xFF, 0x63, 0x6D, 0x81, 0xFF,
    0x63, 0x6D, 0x81, 0xFF, 0x6A, 0x74, 0x87, 0xFF, 0xA5, 0xAC, 0xB9, 0xFF,
    0xDC, 0xE1, 0xE9, 0xFF, 0xDE, 0xE4, 0xEB, 0xFF, 0x9A, 0xA3, 0xB1, 0xFF,
    0x79, 0x82, 0x94, 0xFF, 0xDE, 0xE4, 0xEB, 0xFF, 0xDE, 0xE4, 0xEB, 0xFF,
    0xDE, 0xE4, 0xEB, 0xFF, 0xDE, 0xE4, 0xEB, 0xFF, 0x79, 0x82, 0x94, 0xFF,
    0x9A, 0xA3, 0xB1, 0xFF, 0xDE, 0xE4, 0xEB, 0xFF, 0xDC, 0xE1, 0xE9, 0xFF,
    0xA5, 0xAC, 0xB9, 0xFF, 0x6A, 0x74, 0x87, 0xFF, 0x63, 0x6D, 0x81, 0xFF,
    0x63, 0x6D, 0x81, 0xFF, 0x63, 0x6D, 0x81, 0xFF, 0x63, 0x6D, 0x81, 0xFF,
    0x63, 0x6D, 0x81, 0xFF, 0x63, 0x6D, 0x81, 0xFF, 0x63, 0x6D, 0x81, 0xFF,
    0x63, 0x6D, 0x81, 0xFF, 0x63, 0x6D, 0x81, 0xFF, 0x63, 0x6D, 0x81, 0xFF,
    0x63, 0x6D, 0x81, 0xFF, 0x63, 0x6D, 0x81, 0xFF, 0x3F, 0x45, 0x52, 0x5B,
    0x00, 0x00, 0x00, 0x18, 0x00, 0x00, 0x00, 0x07, 0x00, 0x00, 0x00, 0x00,
    0x00, 0x00, 0x00, 0x00, 0x00, 0x00, 0x00, 0x07, 0x00, 0x00, 0x00, 0x18,
    0x2E, 0x33, 0x3D, 0x47, 0x61, 0x6C, 0x7F, 0xFF, 0x61, 0x6C, 0x7F, 0xFF,
    0x61, 0x6C, 0x7F, 0xFF, 0x61, 0x6C, 0x7F, 0xFF, 0x61, 0x6C, 0x7F, 0xFF,
    0x61, 0x6C, 0x7F, 0xFF, 0x61, 0x6C, 0x7F, 0xFF, 0x61, 0x6C, 0x7F, 0xFF,
    0x61, 0x6C, 0x7F, 0xFF, 0x61, 0x6C, 0x7F, 0xFF, 0x61, 0x6C, 0x7F, 0xFF,
    0x61, 0x6C, 0x7F, 0xFF, 0x61, 0x6C, 0x7F, 0xFF, 0x61, 0x6C, 0x7F, 0xFF,
    0x72, 0x7B, 0x8D, 0xFF, 0xAA, 0xB2, 0xBE, 0xFF, 0x64, 0x6E, 0x82, 0xFF,
    0x77, 0x80, 0x92, 0xFF, 0xDD, 0xE3, 0xEA, 0xFF, 0xDD, 0xE3, 0xEA, 0xFF,
    0xDD, 0xE3, 0xEA, 0xFF, 0xDD, 0xE3, 0xEA, 0xFF, 0x77, 0x80, 0x92, 0xFF,
    0x64, 0x6E, 0x82, 0xFF, 0xAA, 0xB2, 0xBE, 0xFF, 0x72, 0x7B, 0x8D, 0xFF,
    0x61, 0x6C, 0x7F, 0xFF, 0x61, 0x6C, 0x7F, 0xFF, 0x61, 0x6C, 0x7F, 0xFF,
    0x61, 0x6C, 0x7F, 0xFF, 0x61, 0x6C, 0x7F, 0xFF, 0x61, 0x6C, 0x7F, 0xFF,
    0x61, 0x6C, 0x7F, 0xFF, 0x61, 0x6C, 0x7F, 0xFF, 0x61, 0x6C, 0x7F, 0xFF,
    0x61, 0x6C, 0x7F, 0xFF, 0x61, 0x6C, 0x7F, 0xFF, 0x61, 0x6C, 0x7F, 0xFF,
    0x61, 0x6C, 0x7F, 0xFF, 0x61, 0x6C, 0x7F, 0xFF, 0x2E, 0x33, 0x3D, 0x47,
    0x00, 0x00, 0x00, 0x18, 0x00, 0x00, 0x00, 0x07, 0x00, 0x00, 0x00, 0x00,
    0x00, 0x00, 0x00, 0x00, 0x00, 0x00, 0x00, 0x07, 0x00, 0x00, 0x00, 0x18,
    0x02, 0x02, 0x03, 0x2B, 0x5E, 0x68, 0x7B, 0xEF, 0x60, 0x6A, 0x7E, 0xFF,
    0x60, 0x6A, 0x7E, 0xFF, 0x60, 0x6A, 0x7E, 0xFF, 0x60, 0x6A, 0x7E, 0xFF,
    0x60, 0x6A, 0x7E, 0xFF, 0x60, 0x6A, 0x7E, 0xFF, 0x60, 0x6A, 0x7E, 0xFF,
    0x60, 0x6A, 0x7E, 0xFF, 0x60, 0x6A, 0x7E, 0xFF, 0x60, 0x6A, 0x7E, 0xFF,
    0x60, 0x6A, 0x7E, 0xFF, 0x60, 0x6A, 0x7E, 0xFF, 0x60, 0x6A, 0x7E, 0xFF,
    0x60, 0x6A, 0x7E, 0xFF, 0x60, 0x6A, 0x7E, 0xFF, 0x60, 0x6A, 0x7E, 0xFF,
    0x65, 0x6F, 0x82, 0xFF, 0x7F, 0x88, 0x99, 0xFF, 0x7F, 0x88, 0x99, 0xFF,
    0x7F, 0x88, 0x99, 0xFF, 0x7F, 0x88, 0x99, 0xFF, 0x65, 0x6F, 0x82, 0xFF,
    0x60, 0x6A, 0x7E, 0xFF, 0x60, 0x6A, 0x7E, 0xFF, 0x60, 0x6A, 0x7E, 0xFF,
    0x60, 0x6A, 0x7E, 0xFF, 0x60, 0x6A, 0x7E, 0xFF, 0x60, 0x6A, 0x7E, 0xFF,
    0x60, 0x6A, 0x7E, 0xFF, 0x60, 0x6A, 0x7E, 0xFF, 0x60, 0x6A, 0x7E, 0xFF,
    0x60, 0x6A, 0x7E, 0xFF, 0x60, 0x6A, 0x7E, 0xFF, 0x60, 0x6A, 0x7E, 0xFF,
    0x60, 0x6A, 0x7E, 0xFF, 0x60, 0x6A, 0x7E, 0xFF, 0x60, 0x6A, 0x7E, 0xFF,
    0x60, 0x6A, 0x7E, 0xFF, 0x5E, 0x68, 0x7B, 0xEF, 0x02, 0x02, 0x03, 0x2B,
    0x00, 0x00, 0x00, 0x18, 0x00, 0x00, 0x00, 0x07, 0x00, 0x00, 0x00, 0x00,
    0x00, 0x00, 0x00, 0x00, 0x00, 0x00, 0x00, 0x07, 0x00, 0x00, 0x00, 0x17,
    0x00, 0x00, 0x00, 0x27, 0x53, 0x5C, 0x6D, 0xAE, 0x5E, 0x68, 0x7C, 0xFF,
    0x5E, 0x68, 0x7C, 0xFF, 0x5E, 0x68, 0x7C, 0xFF, 0x5E, 0x68, 0x7C, 0xFF,
    0x5E, 0x68, 0x7C, 0xFF, 0x5E, 0x68, 0x7C, 0xFF, 0x5E, 0x68, 0x7C, 0xFF,
    0x5E, 0x68, 0x7C, 0xFF, 0x5E, 0x68, 0x7C, 0xFF, 0x5E, 0x68, 0x7C, 0xFF,
    0x5E, 0x68, 0x7C, 0xFF, 0x5E, 0x68, 0x7C, 0xFF, 0x5E, 0x68, 0x7C, 0xFF,
    0x5E, 0x68, 0x7C, 0xFF, 0x5E, 0x68, 0x7C, 0xFF, 0x5E, 0x68, 0x7C, 0xFF,
    0x5E, 0x68, 0x7C, 0xFF, 0x5E, 0x68, 0x7C, 0xFF, 0x5E, 0x68, 0x7C, 0xFF,
    0x5E, 0x68, 0x7C, 0xFF, 0x5E, 0x68, 0x7C, 0xFF, 0x5E, 0x68, 0x7C, 0xFF,
    0x5E, 0x68, 0x7C, 0xFF, 0x5E, 0x68, 0x7C, 0xFF, 0x5E, 0x68, 0x7C, 0xFF,
    0x5E, 0x68, 0x7C, 0xFF, 0x5E, 0x68, 0x7C, 0xFF, 0x5E, 0x68, 0x7C, 0xFF,
    0x5E, 0x68, 0x7C, 0xFF, 0x5E, 0x68, 0x7C, 0xFF, 0x5E, 0x68, 0x7C, 0xFF,
    0x5E, 0x68, 0x7C, 0xFF, 0x5E, 0x68, 0x7C, 0xFF, 0x5E, 0x68, 0x7C, 0xFF,
    0x5E, 0x68, 0x7C, 0xFF, 0x5E, 0x68, 0x7C, 0xFF, 0x5E, 0x68, 0x7C, 0xFF,
    0x5E, 0x68, 0x7C, 0xFF, 0x53, 0x5C, 0x6D, 0xAE, 0x00, 0x00, 0x00, 0x27,
    0x00, 0x00, 0x00, 0x17, 0x00, 0x00, 0x00, 0x07, 0x00, 0x00, 0x00, 0x00,
    0x00, 0x00, 0x00, 0x00, 0x00, 0x00, 0x00, 0x06, 0x00, 0x00, 0x00, 0x16,
    0x00, 0x00, 0x00, 0x24, 0x2E, 0x33, 0x3C, 0x51, 0x5C, 0x66, 0x7A, 0xFD,
    0x5C, 0x67, 0x7A, 0xFF, 0x5C, 0x67, 0x7A, 0xFF, 0x5C, 0x67, 0x7A, 0xFF,
    0x5C, 0x67, 0x7A, 0xFF, 0x5C, 0x67, 0x7A, 0xFF, 0x5C, 0x67, 0x7A, 0xFF,
    0x5C, 0x67, 0x7A, 0xFF, 0x5C, 0x67, 0x7A, 0xFF, 0x5C, 0x67, 0x7A, 0xFF,
    0x5C, 0x67, 0x7A, 0xFF, 0x5C, 0x67, 0x7A, 0xFF, 0x5C, 0x67, 0x7A, 0xFF,
    0x5C, 0x67, 0x7A, 0xFF, 0x5C, 0x67, 0x7A, 0xFF, 0x5C, 0x67, 0x7A, 0xFF,
    0x5C, 0x67, 0x7A, 0xFF, 0x5C, 0x67, 0x7A, 0xFF, 0x5C, 0x67, 0x7A, 0xFF,
    0x5C, 0x67, 0x7A, 0xFF, 0x5C, 0x67, 0x7A, 0xFF, 0x5C, 0x67, 0x7A, 0xFF,
    0x5C, 0x67, 0x7A, 0xFF, 0x5C, 0x67, 0x7A, 0xFF, 0x5C, 0x67, 0x7A, 0xFF,
    0x5C, 0x67, 0x7A, 0xFF, 0x5C, 0x67, 0x7A, 0xFF, 0x5C, 0x67, 0x7A, 0xFF,
    0x5C, 0x67, 0x7A, 0xFF, 0x5C, 0x67, 0x7A, 0xFF, 0x5C, 0x67, 0x7A, 0xFF,
    0x5C, 0x67, 0x7A, 0xFF, 0x5C, 0x67, 0x7A, 0xFF, 0x5C, 0x67, 0x7A, 0xFF,
    0x5C, 0x67, 0x7A, 0xFF, 0x5C, 0x67, 0x7A, 0xFF, 0x5C, 0x67, 0x7A, 0xFF,
    0x5C, 0x66, 0x7A, 0xFD, 0x2E, 0x33, 0x3C, 0x51, 0x00, 0x00, 0x00, 0x24,
    0x00, 0x00, 0x00, 0x16, 0x00, 0x00, 0x00, 0x06, 0x00, 0x00, 0x00, 0x00,
    0x00, 0x00, 0x00, 0x00, 0x00, 0x00, 0x00, 0x04, 0x00, 0x00, 0x00, 0x13,
    0x00, 0x00, 0x00, 0x21, 0x00, 0x00, 0x00, 0x2C, 0x4D, 0x56, 0x66, 0xA0,
    0x5B, 0x65, 0x79, 0xFF, 0x5B, 0x65, 0x79, 0xFF, 0x5B, 0x65, 0x79, 0xFF,
    0x5B, 0x65, 0x79, 0xFF, 0x5B, 0x65, 0x79, 0xFF, 0x5B, 0x65, 0x79, 0xFF,
    0x5B, 0x65, 0x79, 0xFF, 0x5B, 0x65, 0x79, 0xFF, 0x5B, 0x65, 0x79, 0xFF,
    0x5B, 0x65, 0x79, 0xFF, 0x5B, 0x65, 0x79, 0xFF, 0x5B, 0x65, 0x79, 0xFF,
    0x5B, 0x65, 0x79, 0xFF, 0x5B, 0x65, 0x79, 0xFF, 0x5B, 0x65, 0x79, 0xFF,
    0x5B, 0x65, 0x79, 0xFF, 0x5B, 0x65, 0x79, 0xFF, 0x5B, 0x65, 0x79, 0xFF,
    0x5B, 0x65, 0x79, 0xFF, 0x5B, 0x65, 0x79, 0xFF, 0x5B, 0x65, 0x79, 0xFF,
    0x5B, 0x65, 0x79, 0xFF, 0x5B, 0x65, 0x79, 0xFF, 0x5B, 0x65, 0x79, 0xFF,
    0x5B, 0x65, 0x79, 0xFF, 0x5B, 0x65, 0x79, 0xFF, 0x5B, 0x65, 0x79, 0xFF,
    0x5B, 0x65, 0x79, 0xFF, 0x5B, 0x65, 0x79, 0xFF, 0x5B, 0x65, 0x79, 0xFF,
    0x5B, 0x65, 0x79, 0xFF, 0x5B, 0x65, 0x79, 0xFF, 0x5B, 0x65, 0x79, 0xFF,
    0x5B, 0x65, 0x79, 0xFF, 0x5B, 0x65, 0x79, 0xFF, 0x5B, 0x65, 0x79, 0xFF,
    0x4D, 0x56, 0x66, 0xA0, 0x00, 0x00, 0x00, 0x2C, 0x00, 0x00, 0x00, 0x21,
    0x00, 0x00, 0x00, 0x13, 0x00, 0x00, 0x00, 0x04, 0x00, 0x00, 0x00, 0x00,
    0x00, 0x00, 0x00, 0x00, 0x00, 0x00, 0x00, 0x01, 0x00, 0x00, 0x00, 0x0F,
    0x00, 0x00, 0x00, 0x1C, 0x00, 0x00, 0x00, 0x27, 0x06, 0x07, 0x08, 0x35,
    0x52, 0x5B, 0x6E, 0xC3, 0x59, 0x63, 0x77, 0xFF, 0x59, 0x63, 0x77, 0xFF,
    0x59, 0x63, 0x77, 0xFF, 0x59, 0x63, 0x77, 0xFF, 0x59, 0x63, 0x77, 0xFF,
    0x59, 0x63, 0x77, 0xFF, 0x59, 0x63, 0x77, 0xFF, 0x59, 0x63, 0x77, 0xFF,
    0x59, 0x63, 0x77, 0xFF, 0x59, 0x63, 0x77, 0xFF, 0x59, 0x63, 0x77, 0xFF,
    0x59, 0x63, 0x77, 0xFF, 0x59, 0x63, 0x77, 0xFF, 0x59, 0x63, 0x77, 0xFF,
    0x59, 0x63, 0x77, 0xFF, 0x59, 0x63, 0x77, 0xFF, 0x59, 0x63, 0x77, 0xFF,
    0x59, 0x63, 0x77, 0xFF, 0x59, 0x63, 0x77, 0xFF, 0x59, 0x63, 0x77, 0xFF,
    0x59, 0x63, 0x77, 0xFF, 0x59, 0x63, 0x77, 0xFF, 0x59, 0x63, 0x77, 0xFF,
    0x59, 0x63, 0x77, 0xFF, 0x59, 0x63, 0x77, 0xFF, 0x59, 0x63, 0x77, 0xFF,
    0x59, 0x63, 0x77, 0xFF, 0x59, 0x63, 0x77, 0xFF, 0x59, 0x63, 0x77, 0xFF,
    0x59, 0x63, 0x77, 0xFF, 0x59, 0x63, 0x77, 0xFF, 0x59, 0x63, 0x77, 0xFF,
    0x59, 0x63, 0x77, 0xFF, 0x59, 0x63, 0x77, 0xFF, 0x52, 0x5B, 0x6E, 0xC3,
    0x06, 0x07, 0x08, 0x35, 0x00, 0x00, 0x00, 0x27, 0x00, 0x00, 0x00, 0x1C,
    0x00, 0x00, 0x00, 0x0F, 0x00, 0x00, 0x00, 0x01, 0x00, 0x00, 0x00, 0x00,
    0x00, 0x00, 0x00, 0x00, 0x00, 0x00, 0x00, 0x00, 0x00, 0x00, 0x00, 0x0A,
    0x00, 0x00, 0x00, 0x16, 0x00, 0x00, 0x00, 0x21, 0x00, 0x00, 0x00, 0x2A,
    0x08, 0x09, 0x0B, 0x37, 0x4D, 0x56, 0x67, 0xAE, 0x57, 0x61, 0x75, 0xFF,
    0x57, 0x61, 0x75, 0xFF, 0x57, 0x61, 0x75, 0xFF, 0x57, 0x61, 0x75, 0xFF,
    0x57, 0x61, 0x75, 0xFF, 0x57, 0x61, 0x75, 0xFF, 0x57, 0x61, 0x75, 0xFF,
    0x57, 0x61, 0x75, 0xFF, 0x57, 0x61, 0x75, 0xFF, 0x57, 0x61, 0x75, 0xFF,
    0x57, 0x61, 0x75, 0xFF, 0x57, 0x61, 0x75, 0xFF, 0x57, 0x61, 0x75, 0xFF,
    0x57, 0x61, 0x75, 0xFF, 0x57, 0x61, 0x75, 0xFF, 0x57, 0x61, 0x75, 0xFF,
    0x57, 0x61, 0x75, 0xFF, 0x57, 0x61, 0x75, 0xFF, 0x57, 0x61, 0x75, 0xFF,
    0x57, 0x61, 0x75, 0xFF, 0x57, 0x61, 0x75, 0xFF, 0x57, 0x61, 0x75, 0xFF,
    0x57, 0x61, 0x75, 0xFF, 0x57, 0x61, 0x75, 0xFF, 0x57, 0x61, 0x75, 0xFF,
    0x57, 0x61, 0x75, 0xFF, 0x57, 0x61, 0x75, 0xFF, 0x57, 0x61, 0x75, 0xFF,
    0x57, 0x61, 0x75, 0xFF, 0x57, 0x61, 0x75, 0xFF, 0x57, 0x61, 0x75, 0xFF,
    0x57, 0x61, 0x75, 0xFF, 0x4D, 0x56, 0x67, 0xAE, 0x08, 0x09, 0x0B, 0x37,
    0x00, 0x00, 0x00, 0x2A, 0x00, 0x00, 0x00, 0x21, 0x00, 0x00, 0x00, 0x16,
    0x00, 0x00, 0x00, 0x0A, 0x00, 0x00, 0x00, 0x00, 0x00, 0x00, 0x00, 0x00,
    0x00, 0x00, 0x00, 0x00, 0x00, 0x00, 0x00, 0x00, 0x00, 0x00, 0x00, 0x04,
    0x00, 0x00, 0x00, 0x10, 0x00, 0x00, 0x00, 0x1B, 0x00, 0x00, 0x00, 0x25,
    0x00, 0x00, 0x00, 0x2B, 0x00, 0x00, 0x00, 0x33, 0x36, 0x3D, 0x49, 0x68,
    0x50, 0x5A, 0x6C, 0xCC, 0x56, 0x60, 0x74, 0xFF, 0x56, 0x60, 0x74, 0xFF,
    0x56, 0x60, 0x74, 0xFF, 0x56, 0x60, 0x74, 0xFF, 0x56, 0x60, 0x74, 0xFF,
    0x56, 0x60, 0x74, 0xFF, 0x56, 0x60, 0x74, 0xFF, 0x56, 0x60, 0x74, 0xFF,
    0x56, 0x60, 0x74, 0xFF, 0x56, 0x60, 0x74, 0xFF, 0x56, 0x60, 0x74, 0xFF,
    0x56, 0x60, 0x74, 0xFF, 0x56, 0x60, 0x74, 0xFF, 0x56, 0x60, 0x74, 0xFF,
    0x56, 0x60, 0x74, 0xFF, 0x56, 0x60, 0x74, 0xFF, 0x56, 0x60, 0x74, 0xFF,
    0x56, 0x60, 0x74, 0xFF, 0x56, 0x60, 0x74, 0xFF, 0x56, 0x60, 0x74, 0xFF,
    0x56, 0x60, 0x74, 0xFF, 0x56, 0x60, 0x74, 0xFF, 0x56, 0x60, 0x74, 0xFF,
    0x56, 0x60, 0x74, 0xFF, 0x56, 0x60, 0x74, 0xFF, 0x56, 0x60, 0x74, 0xFF,
    0x56, 0x60, 0x74, 0xFF, 0x56, 0x60, 0x74, 0xFF, 0x50, 0x5A, 0x6C, 0xCC,
    0x36, 0x3D, 0x49, 0x68, 0x00, 0x00, 0x00, 0x33, 0x00, 0x00, 0x00, 0x2B,
    0x00, 0x00, 0x00, 0x25, 0x00, 0x00, 0x00, 0x1B, 0x00, 0x00, 0x00, 0x10,
    0x00, 0x00, 0x00, 0x04, 0x00, 0x00, 0x00, 0x00, 0x00, 0x00, 0x00, 0x00,
    0x00, 0x00, 0x00, 0x00, 0x00, 0x00, 0x00, 0x00, 0x00, 0x00, 0x00, 0x00,
    0x00, 0x00, 0x00, 0x0A, 0x00, 0x00, 0x00, 0x13, 0x00, 0x00, 0x00, 0x1C,
    0x00, 0x00, 0x00, 0x25, 0x00, 0x00, 0x00, 0x2A, 0x00, 0x00, 0x00, 0x31,
    0x00, 0x00, 0x00, 0x34, 0x21, 0x25, 0x2D, 0x4B, 0x3C, 0x43, 0x51, 0x77,
    0x46, 0x4E, 0x5F, 0x99, 0x46, 0x4E, 0x5F, 0x99, 0x46, 0x4E, 0x5F, 0x99,
    0x46, 0x4E, 0x5F, 0x99, 0x46, 0x4E, 0x5F, 0x99, 0x46, 0x4E, 0x5F, 0x99,
    0x46, 0x4E, 0x5F, 0x99, 0x46, 0x4E, 0x5F, 0x99, 0x46, 0x4E, 0x5F, 0x99,
    0x46, 0x4E, 0x5F, 0x99, 0x46, 0x4E, 0x5F, 0x99, 0x46, 0x4E, 0x5F, 0x99,
    0x46, 0x4E, 0x5F, 0x99, 0x46, 0x4E, 0x5F, 0x99, 0x46, 0x4E, 0x5F, 0x99,
    0x46, 0x4E, 0x5F, 0x99, 0x46, 0x4E, 0x5F, 0x99, 0x46, 0x4E, 0x5F, 0x99,
    0x46, 0x4E, 0x5F, 0x99, 0x46, 0x4E, 0x5F, 0x99, 0x46, 0x4E, 0x5F, 0x99,
    0x46, 0x4E, 0x5F, 0x99, 0x46, 0x4E, 0x5F, 0x99, 0x46, 0x4E, 0x5F, 0x99,
    0x3C, 0x43, 0x51, 0x77, 0x21, 0x25, 0x2D, 0x4B, 0x00, 0x00, 0x00, 0x34,
    0x00, 0x00, 0x00, 0x31, 0x00, 0x00, 0x00, 0x2A, 0x00, 0x00, 0x00, 0x25,
    0x00, 0x00, 0x00, 0x1C, 0x00, 0x00, 0x00, 0x13, 0x00, 0x00, 0x00, 0x0A,
    0x00, 0x00, 0x00, 0x00, 0x00, 0x00, 0x00, 0x00, 0x00, 0x00, 0x00, 0x00,
    0x00, 0x00, 0x00, 0x00, 0x00, 0x00, 0x00, 0x00, 0x00, 0x00, 0x00, 0x00,
    0x00, 0x00, 0x00, 0x01, 0x00, 0x00, 0x00, 0x0C, 0x00, 0x00, 0x00, 0x14,
    0x00, 0x00, 0x00, 0x1C, 0x00, 0x00, 0x00, 0x22, 0x00, 0x00, 0x00, 0x28,
    0x00, 0x00, 0x00, 0x2B, 0x00, 0x00, 0x00, 0x2F, 0x00, 0x00, 0x00, 0x32,
    0x00, 0x00, 0x00, 0x34, 0x00, 0x00, 0x00, 0x34, 0x00, 0x00, 0x00, 0x34,
    0x00, 0x00, 0x00, 0x34, 0x00, 0x00, 0x00, 0x34, 0x00, 0x00, 0x00, 0x34,
    0x00, 0x00, 0x00, 0x34, 0x00, 0x00, 0x00, 0x34, 0x00, 0x00, 0x00, 0x34,
    0x00, 0x00, 0x00, 0x34, 0x00, 0x00, 0x00, 0x34, 0x00, 0x00, 0x00, 0x34,
    0x00, 0x00, 0x00, 0x34, 0x00, 0x00, 0x00, 0x34, 0x00, 0x00, 0x00, 0x34,
    0x00, 0x00, 0x00, 0x34, 0x00, 0x00, 0x00, 0x34, 0x00, 0x00, 0x00, 0x34,
    0x00, 0x00, 0x00, 0x34, 0x00, 0x00, 0x00, 0x34, 0x00, 0x00, 0x00, 0x34,
    0x00, 0x00, 0x00, 0x34, 0x00, 0x00, 0x00, 0x34, 0x00, 0x00, 0x00, 0x34,
    0x00, 0x00, 0x00, 0x32, 0x00, 0x00, 0x00, 0x2F, 0x00, 0x00, 0x00, 0x2B,
    0x00, 0x00, 0x00, 0x28, 0x00, 0x00, 0x00, 0x22, 0x00, 0x00, 0x00, 0x1C,
    0x00, 0x00, 0x00, 0x14, 0x00, 0x00, 0x00, 0x0C, 0x00, 0x00, 0x00, 0x01,
    0x00, 0x00, 0x00, 0x00, 0x00, 0x00, 0x00, 0x00, 0x00, 0x00, 0x00, 0x00,
    0x00, 0x00, 0x00, 0x00, 0x00, 0x00, 0x00, 0x00, 0x00, 0x00, 0x00, 0x00,
    0x00, 0x00, 0x00, 0x00, 0x00, 0x00, 0x00, 0x02, 0x00, 0x00, 0x00, 0x0D,
    0x00, 0x00, 0x00, 0x13, 0x00, 0x00, 0x00, 0x1A, 0x00, 0x00, 0x00, 0x1D,
    0x00, 0x00, 0x00, 0x23, 0x00, 0x00, 0x00, 0x27, 0x00, 0x00, 0x00, 0x28,
    0x00, 0x00, 0x00, 0x28, 0x00, 0x00, 0x00, 0x28, 0x00, 0x00, 0x00, 0x28,
    0x00, 0x00, 0x00, 0x28, 0x00, 0x00, 0x00, 0x28, 0x00, 0x00, 0x00, 0x28,
    0x00, 0x00, 0x00, 0x28, 0x00, 0x00, 0x00, 0x28, 0x00, 0x00, 0x00, 0x28,
    0x00, 0x00, 0x00, 0x28, 0x00, 0x00, 0x00, 0x28, 0x00, 0x00, 0x00, 0x28,
    0x00, 0x00, 0x00, 0x28, 0x00, 0x00, 0x00, 0x28, 0x00, 0x00, 0x00, 0x28,
    0x00, 0x00, 0x00, 0x28, 0x00, 0x00, 0x00, 0x28, 0x00, 0x00, 0x00, 0x28,
    0x00, 0x00, 0x00, 0x28, 0x00, 0x00, 0x00, 0x28, 0x00, 0x00, 0x00, 0x28,
    0x00, 0x00, 0x00, 0x28, 0x00, 0x00, 0x00, 0x28, 0x00, 0x00, 0x00, 0x28,
    0x00, 0x00, 0x00, 0x28, 0x00, 0x00, 0x00, 0x27, 0x00, 0x00, 0x00, 0x23,
    0x00, 0x00, 0x00, 0x1D, 0x00, 0x00, 0x00, 0x1A, 0x00, 0x00, 0x00, 0x13,
    0x00, 0x00, 0x00, 0x0D, 0x00, 0x00, 0x00, 0x02, 0x00, 0x00, 0x00, 0x00,
    0x00, 0x00, 0x00, 0x00, 0x00, 0x00, 0x00, 0x00, 0x00, 0x00, 0x00, 0x00,
    0x00, 0x00, 0x00, 0x00, 0x00, 0x00, 0x00, 0x00, 0x00, 0x00, 0x00, 0x00,
    0x00, 0x00, 0x00, 0x00, 0x00, 0x00, 0x00, 0x00, 0x00, 0x00, 0x00, 0x02,
    0x00, 0x00, 0x00, 0x0B, 0x00, 0x00, 0x00, 0x0F, 0x00, 0x00, 0x00, 0x16,
    0x00, 0x00, 0x00, 0x1B, 0x00, 0x00, 0x00, 0x1B, 0x00, 0x00, 0x00, 0x1D,
    0x00, 0x00, 0x00, 0x1E, 0x00, 0x00, 0x00, 0x1E, 0x00, 0x00, 0x00, 0x1E,
    0x00, 0x00, 0x00, 0x1E, 0x00, 0x00, 0x00, 0x1E, 0x00, 0x00, 0x00, 0x1E,
    0x00, 0x00, 0x00, 0x1E, 0x00, 0x00, 0x00, 0x1E, 0x00, 0x00, 0x00, 0x1E,
    0x00, 0x00, 0x00, 0x1E, 0x00, 0x00, 0x00, 0x1E, 0x00, 0x00, 0x00, 0x1E,
    0x00, 0x00, 0x00, 0x1E, 0x00, 0x00, 0x00, 0x1E, 0x00, 0x00, 0x00, 0x1E,
    0x00, 0x00, 0x00, 0x1E, 0x00, 0x00, 0x00, 0x1E, 0x00, 0x00, 0x00, 0x1E,
    0x00, 0x00, 0x00, 0x1E, 0x00, 0x00, 0x00, 0x1E, 0x00, 0x00, 0x00, 0x1E,
    0x00, 0x00, 0x00, 0x1E, 0x00, 0x00, 0x00, 0x1E, 0x00, 0x00, 0x00, 0x1E,
    0x00, 0x00, 0x00, 0x1D, 0x00, 0x00, 0x00, 0x1B, 0x00, 0x00, 0x00, 0x1B,
    0x00, 0x00, 0x00, 0x16, 0x00, 0x00, 0x00, 0x0F, 0x00, 0x00, 0x00, 0x0B,
    0x00, 0x00, 0x00, 0x02, 0x00, 0x00, 0x00, 0x00, 0x00, 0x00, 0x00, 0x00,
    0x00, 0x00, 0x00, 0x00, 0x00, 0x00, 0x00, 0x00, 0x00, 0x00, 0x00, 0x00,
    0x00, 0x00, 0x00, 0x00, 0x00, 0x00, 0x00, 0x00, 0x00, 0x00, 0x00, 0x00,
    0x00, 0x00, 0x00, 0x00, 0x00, 0x00, 0x00, 0x00, 0x00, 0x00, 0x00, 0x00,
    0x00, 0x00, 0x00, 0x00, 0x00, 0x00, 0x00, 0x07, 0x00, 0x00, 0x00, 0x0D,
    0x00, 0x00, 0x00, 0x0E, 0x00, 0x00, 0x00, 0x12, 0x00, 0x00, 0x00, 0x15,
    0x00, 0x00, 0x00, 0x15, 0x00, 0x00, 0x00, 0x15, 0x00, 0x00, 0x00, 0x15,
    0x00, 0x00, 0x00, 0x15, 0x00, 0x00, 0x00, 0x15, 0x00, 0x00, 0x00, 0x15,
    0x00, 0x00, 0x00, 0x15, 0x00, 0x00, 0x00, 0x15, 0x00, 0x00, 0x00, 0x15,
    0x00, 0x00, 0x00, 0x15, 0x00, 0x00, 0x00, 0x15, 0x00, 0x00, 0x00, 0x15,
    0x00, 0x00, 0x00, 0x15, 0x00, 0x00, 0x00, 0x15, 0x00, 0x00, 0x00, 0x15,
    0x00, 0x00, 0x00, 0x15, 0x00, 0x00, 0x00, 0x15, 0x00, 0x00, 0x00, 0x15,
    0x00, 0x00, 0x00, 0x15, 0x00, 0x00, 0x00, 0x15, 0x00, 0x00, 0x00, 0x15,
    0x00, 0x00, 0x00, 0x15, 0x00, 0x00, 0x00, 0x15, 0x00, 0x00, 0x00, 0x15,
    0x00, 0x00, 0x00, 0x15, 0x00, 0x00, 0x00, 0x12, 0x00, 0x00, 0x00, 0x0E,
    0x00, 0x00, 0x00, 0x0D, 0x00, 0x00, 0x00, 0x07, 0x00, 0x00, 0x00, 0x00,
    0x00, 0x00, 0x00, 0x00, 0x00, 0x00, 0x00, 0x00, 0x00, 0x00, 0x00, 0x00,
    0x00, 0x00, 0x00, 0x00, 0x00, 0x00, 0x00, 0x00, 0x00, 0x00, 0x00, 0x00,
};

const uint8_t ICON_SETTINGS_SMALL[] = {
    0x4C, 0x49, 0x43, 0x32, 0x18, 0x18, 0x00, 0x00,
    0x00, 0x00, 0x00, 0x00, 0x00, 0x00, 0x00, 0x00, 0x00, 0x00, 0x00, 0x00,
    0x00, 0x00, 0x00, 0x00, 0x00, 0x00, 0x00, 0x00, 0x00, 0x00, 0x00, 0x00,
    0x00, 0x00, 0x00, 0x00, 0x00, 0x00, 0x00, 0x00, 0x00, 0x00, 0x00, 0x00,
    0x00, 0x00, 0x00, 0x00, 0x00, 0x00, 0x00, 0x00, 0x00, 0x00, 0x00, 0x00,
    0x00, 0x00, 0x00, 0x00, 0x00, 0x00, 0x00, 0x00, 0x00, 0x00, 0x00, 0x00,
    0x00, 0x00, 0x00, 0x00, 0x00, 0x00, 0x00, 0x00, 0x00, 0x00, 0x00, 0x00,
    0x00, 0x00, 0x00, 0x00, 0x00, 0x00, 0x00, 0x00, 0x00, 0x00, 0x00, 0x00,
    0x00, 0x00, 0x00, 0x00, 0x00, 0x00, 0x00, 0x00, 0x00, 0x00, 0x00, 0x00,
    0x00, 0x00, 0x00, 0x00, 0x00, 0x00, 0x00, 0x00, 0x00, 0x00, 0x00, 0x00,
    0x00, 0x00, 0x00, 0x00, 0xB6, 0xBE, 0xCB, 0x17, 0xB9, 0xC0, 0xCD, 0x76,
    0xB4, 0xBC, 0xC9, 0x93, 0xAB, 0xB4, 0xC2, 0x8C, 0xAB, 0xB4, 0xC2, 0x8C,
    0xAB, 0xB4, 0xC2, 0x8C, 0xAB, 0xB4, 0xC2, 0x8C, 0xAB, 0xB4, 0xC2, 0x8C,
    0xAB, 0xB4, 0xC2, 0x8C, 0xAB, 0xB4, 0xC2, 0x8C, 0xAB, 0xB4, 0xC2, 0x8C,
    0xAB, 0xB4, 0xC2, 0x8C, 0xAB, 0xB4, 0xC2, 0x8C, 0xB4, 0xBC, 0xC9, 0x93,
    0xB9, 0xC0, 0xCD, 0x76, 0xB6, 0xBE, 0xCB, 0x17, 0x00, 0x00, 0x00, 0x00,
    0x00, 0x00, 0x00, 0x00, 0x00, 0x00, 0x00, 0x00, 0x00, 0x00, 0x00, 0x00,
    0x00, 0x00, 0x00, 0x00, 0x00, 0x00, 0x00, 0x00, 0x00, 0x00, 0x00, 0x00,
    0xAD, 0xB5, 0xC2, 0x6C, 0xA3, 0xAC, 0xBC, 0xF4, 0x96, 0xA1, 0xB3, 0xFF,
    0x95, 0xA0, 0xB2, 0xFF, 0x95, 0xA0, 0xB2, 0xFF, 0x95, 0xA0, 0xB2, 0xFF,
    0x95, 0xA0, 0xB2, 0xFF, 0x95, 0xA0, 0xB2, 0xFF, 0x95, 0xA0, 0xB2, 0xFF,
    0x95, 0xA0, 0xB2, 0xFF, 0x95, 0xA0, 0xB2, 0xFF, 0x95, 0xA0, 0xB2, 0xFF,
    0x95, 0xA0, 0xB2, 0xFF, 0x95, 0xA0, 0xB2, 0xFF, 0x95, 0xA0, 0xB2, 0xFF,
    0x96, 0xA1, 0xB3, 0xFF, 0xA3, 0xAC, 0xBC, 0xF4, 0xAD, 0xB5, 0xC2, 0x6C,
    0x00, 0x00, 0x00, 0x00, 0x00, 0x00, 0x00, 0x00, 0x00, 0x00, 0x00, 0x00,
    0x00, 0x00, 0x00, 0x00, 0x00, 0x00, 0x00, 0x00, 0xA2, 0xAA, 0xB6, 0x58,
    0x99, 0xA4, 0xB4, 0xFE, 0x91, 0x9C, 0xAE, 0xFF, 0x91, 0x9C, 0xAE, 0xFF,
    0x91, 0x9C, 0xAE, 0xFF, 0x91, 0x9C, 0xAE, 0xFF, 0x91, 0x9C, 0xAE, 0xFF,
    0x91, 0x9C, 0xAE, 0xFF, 0x91, 0x9C, 0xAE, 0xFF, 0x91, 0x9C, 0xAE, 0xFF,
    0x91, 0x9C, 0xAE, 0xFF, 0x91, 0x9C, 0xAE, 0xFF, 0x91, 0x9C, 0xAE, 0xFF,
    0x91, 0x9C, 0xAE, 0xFF, 0x91, 0x9C, 0xAE, 0xFF, 0x91, 0x9C, 0xAE, 0xFF,
    0x91, 0x9C, 0xAE, 0xFF, 0x91, 0x9C, 0xAE, 0xFF, 0x99, 0xA4, 0xB4, 0xFE,
    0xA2, 0xAA, 0xB6, 0x58, 0x00, 0x00, 0x00, 0x00, 0x00, 0x00, 0x00, 0x00,
    0x00, 0x00, 0x00, 0x00, 0x00, 0x00, 0x00, 0x04, 0x9A, 0xA2, 0xB2, 0xD8,
    0x8E, 0x99, 0xAB, 0xFF, 0x8E, 0x99, 0xAB, 0xFF, 0x8E, 0x99, 0xAB, 0xFF,
    0x8E, 0x99, 0xAB, 0xFF, 0x8E, 0x99, 0xAB, 0xFF, 0x8E, 0x99, 0xAB, 0xFF,
    0x8E, 0x99, 0xAB, 0xFF, 0x8E, 0x99, 0xAB, 0xFF, 0x8E, 0x99, 0xAB, 0xFF,
    0x8E, 0x99, 0xAB, 0xFF, 0x8E, 0x99, 0xAB, 0xFF, 0x8E, 0x99, 0xAB, 0xFF,
    0x8E, 0x99, 0xAB, 0xFF, 0x8E, 0x99, 0xAB, 0xFF, 0x8E, 0x99, 0xAB, 0xFF,
    0x8E, 0x99, 0xAB, 0xFF, 0x8E, 0x99, 0xAB, 0xFF, 0x8E, 0x99, 0xAB, 0xFF,
    0x9A, 0xA2, 0xB2, 0xD8, 0x00, 0x00, 0x00, 0x04, 0x00, 0x00, 0x00, 0x00,
    0x00, 0x00, 0x00, 0x00, 0x54, 0x58, 0x60, 0x25, 0x95, 0x9E, 0xAF, 0xFF,
    0x8B, 0x95, 0xA8, 0xFF, 0x8B, 0x95, 0xA8, 0xFF, 0x8B, 0x95, 0xA8, 0xFF,
    0x8B, 0x95, 0xA8, 0xFF, 0x8B, 0x95, 0xA8, 0xFF, 0x8B, 0x95, 0xA8, 0xFF,
    0x8B, 0x95, 0xA8, 0xFF, 0x8D, 0x98, 0xAA, 0xFF, 0xA8, 0xB0, 0xBE, 0xFF,
    0xA8, 0xB0, 0xBE, 0xFF, 0x8D, 0x98, 0xAA, 0xFF, 0x8B, 0x95, 0xA8, 0xFF,
    0x8B, 0x95, 0xA8, 0xFF, 0x8B, 0x95, 0xA8, 0xFF, 0x8B, 0x95, 0xA8, 0xFF,
    0x8B, 0x95, 0xA8, 0xFF, 0x8B, 0x95, 0xA8, 0xFF, 0x8B, 0x95, 0xA8, 0xFF,
    0x95, 0x9E, 0xAF, 0xFF, 0x54, 0x58, 0x60, 0x25, 0x00, 0x00, 0x00, 0x00,
    0x00, 0x00, 0x00, 0x01, 0x5E, 0x63, 0x6C, 0x40, 0x8E, 0x98, 0xAA, 0xFF,
    0x87, 0x92, 0xA4, 0xFF, 0x87, 0x92, 0xA4, 0xFF, 0x87, 0x92, 0xA4, 0xFF,
    0x87, 0x92, 0xA4, 0xFF, 0x87, 0x92, 0xA4, 0xFF, 0x98, 0xA1, 0xB1, 0xFF,
    0xD7, 0xDB, 0xE1, 0xFF, 0x9F, 0xA8, 0xB7, 0xFF, 0xFE, 0xFE, 0xFE, 0xFF,
    0xFE, 0xFE, 0xFE, 0xFF, 0x9F, 0xA8, 0xB7, 0xFF, 0xD7, 0xDB, 0xE1, 0xFF,
    0x98, 0xA1, 0xB1, 0xFF, 0x87, 0x92, 0xA4, 0xFF, 0x87, 0x92, 0xA4, 0xFF,
    0x87, 0x92, 0xA4, 0xFF, 0x87, 0x92, 0xA4, 0xFF, 0x87, 0x92, 0xA4, 0xFF,
    0x8E, 0x98, 0xAA, 0xFF, 0x5E, 0x63, 0x6C, 0x40, 0x00, 0x00, 0x00, 0x01,
    0x00, 0x00, 0x00, 0x03, 0x57, 0x5C, 0x65, 0x42, 0x8A, 0x94, 0xA6, 0xFF,
    0x84, 0x8F, 0xA1, 0xFF, 0x84, 0x8F, 0xA1, 0xFF, 0x84, 0x8F, 0xA1, 0xFF,
    0x84, 0x8F, 0xA1, 0xFF, 0x84, 0x8F, 0xA1, 0xFF, 0xE5, 0xE8, 0xEC, 0xFF,
    0xFB, 0xFB, 0xFC, 0xFF, 0xDD, 0xE1, 0xE6, 0xFF, 0xFB, 0xFB, 0xFC, 0xFF,
    0xFB, 0xFB, 0xFC, 0xFF, 0xDD, 0xE1, 0xE6, 0xFF, 0xFB, 0xFB, 0xFC, 0xFF,
    0xE5, 0xE8, 0xEC, 0xFF, 0x84, 0x8F, 0xA1, 0xFF, 0x84, 0x8F, 0xA1, 0xFF,
    0x84, 0x8F, 0xA1, 0xFF, 0x84, 0x8F, 0xA1, 0xFF, 0x84, 0x8F, 0xA1, 0xFF,
    0x8A, 0x94, 0xA6, 0xFF, 0x57, 0x5C, 0x65, 0x42, 0x00, 0x00, 0x00, 0x03,
    0x00, 0x00, 0x00, 0x04, 0x53, 0x58, 0x61, 0x41, 0x86, 0x90, 0xA2, 0xFF,
    0x80, 0x8B, 0x9E, 0xFF, 0x80, 0x8B, 0x9E, 0xFF, 0x80, 0x8B, 0x9E, 0xFF,
    0x92, 0x9B, 0xAB, 0xFF, 0xE2, 0xE5, 0xEA, 0xFF, 0xC7, 0xCC, 0xD5, 0xFF,
    0xF8, 0xF9, 0xFB, 0xFF, 0xF8, 0xF9, 0xFB, 0xFF, 0xF8, 0xF9, 0xFB, 0xFF,
    0xF8, 0xF9, 0xFB, 0xFF, 0xF8, 0xF9, 0xFB, 0xFF, 0xF8, 0xF9, 0xFB, 0xFF,
    0xC7, 0xCC, 0xD5, 0xFF, 0xE2, 0xE5, 0xEA, 0xFF, 0x92, 0x9B, 0xAB, 0xFF,
    0x80, 0x8B, 0x9E, 0xFF, 0x80, 0x8B, 0x9E, 0xFF, 0x80, 0x8B, 0x9E, 0xFF,
    0x86, 0x90, 0xA2, 0xFF, 0x53, 0x58, 0x61, 0x41, 0x00, 0x00, 0x00, 0x04,
    0x00, 0x00, 0x00, 0x04, 0x4E, 0x53, 0x5C, 0x40, 0x82, 0x8C, 0x9E, 0xFF,
    0x7D, 0x88, 0x9B, 0xFF, 0x7D, 0x88, 0x9B, 0xFF, 0x7D, 0x88, 0x9B, 0xFF,
    0xCF, 0xD4, 0xDB, 0xFF, 0xF5, 0xF7, 0xF9, 0xFF, 0xF5, 0xF7, 0xF9, 0xFF,
    0xF5, 0xF7, 0xF9, 0xFF, 0xF5, 0xF7, 0xF9, 0xFF, 0xF5, 0xF7, 0xF9, 0xFF,
    0xF5, 0xF7, 0xF9, 0xFF, 0xF5, 0xF7, 0xF9, 0xFF, 0xF5, 0xF7, 0xF9, 0xFF,
    0xF5, 0xF7, 0xF9, 0xFF, 0xF5, 0xF7, 0xF9, 0xFF, 0xCF, 0xD4, 0xDB, 0xFF,
    0x7D, 0x88, 0x9B, 0xFF, 0x7D, 0x88, 0x9B, 0xFF, 0x7D, 0x88, 0x9B, 0xFF,
    0x82, 0x8C, 0x9E, 0xFF, 0x4E, 0x53, 0x5C, 0x40, 0x00, 0x00, 0x00, 0x04,
    0x00, 0x00, 0x00, 0x04, 0x49, 0x4F, 0x58, 0x40, 0x7D, 0x88, 0x9A, 0xFF,
    0x7A, 0x84, 0x97, 0xFF, 0x7A, 0x84, 0x97, 0xFF, 0x7A, 0x84, 0x97, 0xFF,
    0x86, 0x90, 0xA1, 0xFF, 0xD1, 0xD5, 0xDD, 0xFF, 0xF2, 0xF4, 0xF7, 0xFF,
    0xF2, 0xF4, 0xF7, 0xFF, 0xC0, 0xC6, 0xCF, 0xFF, 0x7B, 0x86, 0x99, 0xFF,
    0x7B, 0x86, 0x99, 0xFF, 0xC0, 0xC6, 0xCF, 0xFF, 0xF2, 0xF4, 0xF7, 0xFF,
    0xF2, 0xF4, 0xF7, 0xFF, 0xD1, 0xD5, 0xDD, 0xFF, 0x86, 0x90, 0xA1, 0xFF,
    0x7A, 0x84, 0x97, 0xFF, 0x7A, 0x84, 0x97, 0xFF, 0x7A, 0x84, 0x97, 0xFF,
    0x7D, 0x88, 0x9A, 0xFF, 0x49, 0x4F, 0x58, 0x40, 0x00, 0x00, 0x00, 0x04,
    0x00, 0x00, 0x00, 0x04, 0x45, 0x4A, 0x53, 0x3F, 0x79, 0x83, 0x96, 0xFF,
    0x76, 0x81, 0x94, 0xFF, 0x76, 0x81, 0x94, 0xFF, 0x8D, 0x96, 0xA6, 0xFF,
    0xEF, 0xF2, 0xF5, 0xFF, 0xEF, 0xF2, 0xF5, 0xFF, 0xEF, 0xF2, 0xF5, 0xFF,
    0xEA, 0xED, 0xF2, 0xFF, 0x79, 0x84, 0x96, 0xFF, 0x76, 0x81, 0x94, 0xFF,
    0x76, 0x81, 0x94, 0xFF, 0x79, 0x84, 0x96, 0xFF, 0xEA, 0xED, 0xF2, 0xFF,
    0xEF, 0xF2, 0xF5, 0xFF, 0xEF, 0xF2, 0xF5, 0xFF, 0xEF, 0xF2, 0xF5, 0xFF,
    0x8D, 0x96, 0xA6, 0xFF, 0x76, 0x81, 0x94, 0xFF, 0x76, 0x81, 0x94, 0xFF,
    0x79, 0x83, 0x96, 0xFF, 0x45, 0x4A, 0x53, 0x3F, 0x00, 0x00, 0x00, 0x04,
    0x00, 0x00, 0x00, 0x04, 0x40, 0x45, 0x4F, 0x3E, 0x74, 0x7F, 0x92, 0xFF,
    0x73, 0x7E, 0x91, 0xFF, 0x73, 0x7E, 0x91, 0xFF, 0x8A, 0x93, 0xA3, 0xFF,
    0xEC, 0xEF, 0xF4, 0xFF, 0xEC, 0xEF, 0xF4, 0xFF, 0xEC, 0xEF, 0xF4, 0xFF,
    0xE7, 0xEB, 0xF0, 0xFF, 0x76, 0x80, 0x93, 0xFF, 0x73, 0x7E, 0x91, 0xFF,
    0x73, 0x7E, 0x91, 0xFF, 0x76, 0x80, 0x93, 0xFF, 0xE7, 0xEB, 0xF0, 0xFF,
    0xEC, 0xEF, 0xF4, 0xFF, 0xEC, 0xEF, 0xF4, 0xFF, 0xEC, 0xEF, 0xF4, 0xFF,
    0x8A, 0x93, 0xA3, 0xFF, 0x73, 0x7E, 0x91, 0xFF, 0x73, 0x7E, 0x91, 0xFF,
    0x74, 0x7F, 0x92, 0xFF, 0x40, 0x45, 0x4F, 0x3E, 0x00, 0x00, 0x00, 0x04,
    0x00, 0x00, 0x00, 0x04, 0x3B, 0x40, 0x4A, 0x3D, 0x70, 0x7A, 0x8D, 0xFF,
    0x70, 0x7A, 0x8D, 0xFF, 0x70, 0x7A, 0x8D, 0xFF, 0x70, 0x7A, 0x8D, 0xFF,
    0x7D, 0x86, 0x98, 0xFF, 0xC7, 0xCD, 0xD6, 0xFF, 0xE9, 0xED, 0xF2, 0xFF,
    0xE9, 0xED, 0xF2, 0xFF, 0xB7, 0xBD, 0xC8, 0xFF, 0x71, 0x7C, 0x8F, 0xFF,
    0x71, 0x7C, 0x8F, 0xFF, 0xB7, 0xBD, 0xC8, 0xFF, 0xE9, 0xED, 0xF2, 0xFF,
    0xE9, 0xED, 0xF2, 0xFF, 0xC7, 0xCD, 0xD6, 0xFF, 0x7D, 0x86, 0x98, 0xFF,
    0x70, 0x7A, 0x8D, 0xFF, 0x70, 0x7A, 0x8D, 0xFF, 0x70, 0x7A, 0x8D, 0xFF,
    0x70, 0x7A, 0x8D, 0xFF, 0x3B, 0x40, 0x4A, 0x3D, 0x00, 0x00, 0x00, 0x04,
    0x00, 0x00, 0x00, 0x04, 0x38, 0x3E, 0x48, 0x3D, 0x6C, 0x77, 0x8A, 0xFF,
    0x6C, 0x77, 0x8A, 0xFF, 0x6C, 0x77, 0x8A, 0xFF, 0x6C, 0x77, 0x8A, 0xFF,
    0xC0, 0xC6, 0xD0, 0xFF, 0xE6, 0xEA, 0xF0, 0xFF, 0xE6, 0xEA, 0xF0, 0xFF,
    0xE6, 0xEA, 0xF0, 0xFF, 0xE6, 0xEA, 0xF0, 0xFF, 0xE6, 0xEA, 0xF0, 0xFF,
    0xE6, 0xEA, 0xF0, 0xFF, 0xE6, 0xEA, 0xF0, 0xFF, 0xE6, 0xEA, 0xF0, 0xFF,
    0xE6, 0xEA, 0xF0, 0xFF, 0xE6, 0xEA, 0xF0, 0xFF, 0xC0, 0xC6, 0xD0, 0xFF,
    0x6C, 0x77, 0x8A, 0xFF, 0x6C, 0x77, 0x8A, 0xFF, 0x6C, 0x77, 0x8A, 0xFF,
    0x6C, 0x77, 0x8A, 0xFF, 0x38, 0x3E, 0x48, 0x3D, 0x00, 0x00, 0x00, 0x04,
    0x00, 0x00, 0x00, 0x04, 0x37, 0x3C, 0x46, 0x3D, 0x69, 0x73, 0x87, 0xFF,
    0x69, 0x73, 0x87, 0xFF, 0x69, 0x73, 0x87, 0xFF, 0x69, 0x73, 0x87, 0xFF,
    0x7B, 0x84, 0x96, 0xFF, 0xCD, 0xD3, 0xDB, 0xFF, 0xB1, 0xB8, 0xC4, 0xFF,
    0xE3, 0xE8, 0xEE, 0xFF, 0xE3, 0xE8, 0xEE, 0xFF, 0xE3, 0xE8, 0xEE, 0xFF,
    0xE3, 0xE8, 0xEE, 0xFF, 0xE3, 0xE8, 0xEE, 0xFF, 0xE3, 0xE8, 0xEE, 0xFF,
    0xB1, 0xB8, 0xC4, 0xFF, 0xCD, 0xD3, 0xDB, 0xFF, 0x7B, 0x84, 0x96, 0xFF,
    0x69, 0x73, 0x87, 0xFF, 0x69, 0x73, 0x87, 0xFF, 0x69, 0x73, 0x87, 0xFF,
    0x69, 0x73, 0x87, 0xFF, 0x37, 0x3C, 0x46, 0x3D, 0x00, 0x00, 0x00, 0x04,
    0x00, 0x00, 0x00, 0x04, 0x35, 0x3A, 0x44, 0x3D, 0x66, 0x70, 0x83, 0xFF,
    0x66, 0x70, 0x83, 0xFF, 0x66, 0x70, 0x83, 0xFF, 0x66, 0x70, 0x83, 0xFF,
    0x66, 0x70, 0x83, 0xFF, 0x66, 0x70, 0x83, 0xFF, 0xCA, 0xD0, 0xDA, 0xFF,
    0xE0, 0xE6, 0xED, 0xFF, 0xC2, 0xC9, 0xD3, 0xFF, 0xE0, 0xE6, 0xED, 0xFF,
    0xE0, 0xE6, 0xED, 0xFF, 0xC2, 0xC9, 0xD3, 0xFF, 0xE0, 0xE6, 0xED, 0xFF,
    0xCA, 0xD0, 0xDA, 0xFF, 0x66, 0x70, 0x83, 0xFF, 0x66, 0x70, 0x83, 0xFF,
    0x66, 0x70, 0x83, 0xFF, 0x66, 0x70, 0x83, 0xFF, 0x66, 0x70, 0x83, 0xFF,
    0x66, 0x70, 0x83, 0xFF, 0x35, 0x3A, 0x44, 0x3D, 0x00, 0x00, 0x00, 0x04,
    0x00, 0x00, 0x00, 0x04, 0x2A, 0x2F, 0x37, 0x35, 0x62, 0x6C, 0x80, 0xFF,
    0x62, 0x6C, 0x80, 0xFF, 0x62, 0x6C, 0x80, 0xFF, 0x62, 0x6C, 0x80, 0xFF,
    0x62, 0x6C, 0x80, 0xFF, 0x62, 0x6C, 0x80, 0xFF, 0x74, 0x7D, 0x8F, 0xFF,
    0xB5, 0xBC, 0xC8, 0xFF, 0x7B, 0x84, 0x96, 0xFF, 0xDD, 0xE3, 0xEB, 0xFF,
    0xDD, 0xE3, 0xEB, 0xFF, 0x7B, 0x84, 0x96, 0xFF, 0xB5, 0xBC, 0xC8, 0xFF,
    0x74, 0x7D, 0x8F, 0xFF, 0x62, 0x6C, 0x80, 0xFF, 0x62, 0x6C, 0x80, 0xFF,
    0x62, 0x6C, 0x80, 0xFF, 0x62, 0x6C, 0x80, 0xFF, 0x62, 0x6C, 0x80, 0xFF,
    0x62, 0x6C, 0x80, 0xFF, 0x2A, 0x2F, 0x37, 0x35, 0x00, 0x00, 0x00, 0x04,
    0x00, 0x00, 0x00, 0x03, 0x00, 0x00, 0x00, 0x20, 0x5C, 0x66, 0x79, 0xE7,
    0x5F, 0x69, 0x7D, 0xFF, 0x5F, 0x69, 0x7D, 0xFF, 0x5F, 0x69, 0x7D, 0xFF,
    0x5F, 0x69, 0x7D, 0xFF, 0x5F, 0x69, 0x7D, 0xFF, 0x5F, 0x69, 0x7D, 0xFF,
    0x5F, 0x69, 0x7D, 0xFF, 0x62, 0x6C, 0x7F, 0xFF, 0x7E, 0x87, 0x98, 0xFF,
    0x7E, 0x87, 0x98, 0xFF, 0x62, 0x6C, 0x7F, 0xFF, 0x5F, 0x69, 0x7D, 0xFF,
    0x5F, 0x69, 0x7D, 0xFF, 0x5F, 0x69, 0x7D, 0xFF, 0x5F, 0x69, 0x7D, 0xFF,
    0x5F, 0x69, 0x7D, 0xFF, 0x5F, 0x69, 0x7D, 0xFF, 0x5F, 0x69, 0x7D, 0xFF,
    0x5C, 0x66, 0x79, 0xE7, 0x00, 0x00, 0x00, 0x20, 0x00, 0x00, 0x00, 0x03,
    0x00, 0x00, 0x00, 0x02, 0x00, 0x00, 0x00, 0x1B, 0x48, 0x50, 0x60, 0x88,
    0x5C, 0x66, 0x79, 0xFF, 0x5C, 0x66, 0x79, 0xFF, 0x5C, 0x66, 0x79, 0xFF,
    0x5C, 0x66, 0x79, 0xFF, 0x5C, 0x66, 0x79, 0xFF, 0x5C, 0x66, 0x79, 0xFF,
    0x5C, 0x66, 0x79, 0xFF, 0x5C, 0x66, 0x79, 0xFF, 0x5C, 0x66, 0x79, 0xFF,
    0x5C, 0x66, 0x79, 0xFF, 0x5C, 0x66, 0x79, 0xFF, 0x5C, 0x66, 0x79, 0xFF,
    0x5C, 0x66, 0x79, 0xFF, 0x5C, 0x66, 0x79, 0xFF, 0x5C, 0x66, 0x79, 0xFF,
    0x5C, 0x66, 0x79, 0xFF, 0x5C, 0x66, 0x79, 0xFF, 0x5C, 0x66, 0x79, 0xFF,
    0x48, 0x50, 0x60, 0x88, 0x00, 0x00, 0x00, 0x1B, 0x00, 0x00, 0x00, 0x02,
    0x00, 0x00, 0x00, 0x00, 0x00, 0x00, 0x00, 0x13, 0x00, 0x00, 0x00, 0x29,
    0x4D, 0x56, 0x67, 0xAB, 0x58, 0x62, 0x76, 0xFF, 0x58, 0x62, 0x76, 0xFF,
    0x58, 0x62, 0x76, 0xFF, 0x58, 0x62, 0x76, 0xFF, 0x58, 0x62, 0x76, 0xFF,
    0x58, 0x62, 0x76, 0xFF, 0x58, 0x62, 0x76, 0xFF, 0x58, 0x62, 0x76, 0xFF,
    0x58, 0x62, 0x76, 0xFF, 0x58, 0x62, 0x76, 0xFF, 0x58, 0x62, 0x76, 0xFF,
    0x58, 0x62, 0x76, 0xFF, 0x58, 0x62, 0x76, 0xFF, 0x58, 0x62, 0x76, 0xFF,
    0x58, 0x62, 0x76, 0xFF, 0x58, 0x62, 0x76, 0xFF, 0x4D, 0x56, 0x67, 0xAB,
    0x00, 0x00, 0x00, 0x29, 0x00, 0x00, 0x00, 0x13, 0x00, 0x00, 0x00, 0x00,
    0x00, 0x00, 0x00, 0x00, 0x00, 0x00, 0x00, 0x07, 0x00, 0x00, 0x00, 0x1C,
    0x00, 0x00, 0x00, 0x2B, 0x36, 0x3D, 0x49, 0x68, 0x4B, 0x54, 0x66, 0xB2,
    0x4F, 0x59, 0x6C, 0xCC, 0x4F, 0x59, 0x6C, 0xCC, 0x4F, 0x59, 0x6C, 0xCC,
    0x4F, 0x59, 0x6C, 0xCC, 0x4F, 0x59, 0x6C, 0xCC, 0x4F, 0x59, 0x6C, 0xCC,
    0x4F, 0x59, 0x6C, 0xCC, 0x4F, 0x59, 0x6C, 0xCC, 0x4F, 0x59, 0x6C, 0xCC,
    0x4F, 0x59, 0x6C, 0xCC, 0x4F, 0x59, 0x6C, 0xCC, 0x4F, 0x59, 0x6C, 0xCC,
    0x4B, 0x54, 0x66, 0xB2, 0x36, 0x3D, 0x49, 0x68, 0x00, 0x00, 0x00, 0x2B,
    0x00, 0x00, 0x00, 0x1C, 0x00, 0x00, 0x00, 0x07, 0x00, 0x00, 0x00, 0x00,
    0x00, 0x00, 0x00, 0x00, 0x00, 0x00, 0x00, 0x00, 0x00, 0x00, 0x00, 0x0C,
    0x00, 0x00, 0x00, 0x1B, 0x00, 0x00, 0x00, 0x25, 0x00, 0x00, 0x00, 0x2C,
    0x00, 0x00, 0x00, 0x2E, 0x00, 0x00, 0x00, 0x2E, 0x00, 0x00, 0x00, 0x2E,
    0x00, 0x00, 0x00, 0x2E, 0x00, 0x00, 0x00, 0x2E, 0x00, 0x00, 0x00, 0x2E,
    0x00, 0x00, 0x00, 0x2E, 0x00, 0x00, 0x00, 0x2E, 0x00, 0x00, 0x00, 0x2E,
    0x00, 0x00, 0x00, 0x2E, 0x00, 0x00, 0x00, 0x2E, 0x00, 0x00, 0x00, 0x2E,
    0x00, 0x00, 0x00, 0x2C, 0x00, 0x00, 0x00, 0x25, 0x00, 0x00, 0x00, 0x1B,
    0x00, 0x00, 0x00, 0x0C, 0x00, 0x00, 0x00, 0x00, 0x00, 0x00, 0x00, 0x00,
    0x00, 0x00, 0x00, 0x00, 0x00, 0x00, 0x00, 0x00, 0x00, 0x00, 0x00, 0x00,
    0x00, 0x00, 0x00, 0x08, 0x00, 0x00, 0x00, 0x13, 0x00, 0x00, 0x00, 0x17,
    0x00, 0x00, 0x00, 0x1B, 0x00, 0x00, 0x00, 0x1B, 0x00, 0x00, 0x00, 0x1B,
    0x00, 0x00, 0x00, 0x1B, 0x00, 0x00, 0x00, 0x1B, 0x00, 0x00, 0x00, 0x1B,
    0x00, 0x00, 0x00, 0x1B, 0x00, 0x00, 0x00, 0x1B, 0x00, 0x00, 0x00, 0x1B,
    0x00, 0x00, 0x00, 0x1B, 0x00, 0x00, 0x00, 0x1B, 0x00, 0x00, 0x00, 0x1B,
    0x00, 0x00, 0x00, 0x17, 0x00, 0x00, 0x00, 0x13, 0x00, 0x00, 0x00, 0x08,
    0x00, 0x00, 0x00, 0x00, 0x00, 0x00, 0x00, 0x00, 0x00, 0x00, 0x00, 0x00,
};

const uint8_t ICON_CLOCK[] = {
    0x4C, 0x49, 0x43, 0x32, 0x30, 0x30, 0x00, 0x00,
    0x00, 0x00, 0x00, 0x00, 0x00, 0x00, 0x00, 0x00, 0x00, 0x00, 0x00, 0x00,
    0x00, 0x00, 0x00, 0x00, 0x00, 0x00, 0x00, 0x00, 0x00, 0x00, 0x00, 0x00,
    0x00, 0x00, 0x00, 0x00, 0x00, 0x00, 0x00, 0x00, 0x00, 0x00, 0x00, 0x00,
    0x00, 0x00, 0x00, 0x00, 0x00, 0x00, 0x00, 0x00, 0x00, 0x00, 0x00, 0x00,
    0x00, 0x00, 0x00, 0x00, 0x00, 0x00, 0x00, 0x00, 0x00, 0x00, 0x00, 0x00,
    0x00, 0x00, 0x00, 0x00, 0x00, 0x00, 0x00, 0x00, 0x00, 0x00, 0x00, 0x00,
    0x00, 0x00, 0x00, 0x00, 0x00, 0x00, 0x00, 0x00, 0x00, 0x00, 0x00, 0x00,
    0x00, 0x00, 0x00, 0x00, 0x00, 0x00, 0x00, 0x00, 0x00, 0x00, 0x00, 0x00,
    0x00, 0x00, 0x00, 0x00, 0x00, 0x00, 0x00, 0x00, 0x00, 0x00, 0x00, 0x00,
    0x00, 0x00, 0x00, 0x00, 0x00, 0x00, 0x00, 0x00, 0x00, 0x00, 0x00, 0x00,
    0x00, 0x00, 0x00, 0x00, 0x00, 0x00, 0x00, 0x00, 0x00, 0x00, 0x00, 0x00,
    0x00, 0x00, 0x00, 0x00, 0x00, 0x00, 0x00, 0x00, 0x00, 0x00, 0x00, 0x00,
    0x00, 0x00, 0x00, 0x00, 0x00, 0x00, 0x00, 0x00, 0x00, 0x00, 0x00, 0x00,
    0x00, 0x00, 0x00, 0x00, 0x00, 0x00, 0x00, 0x00, 0x00, 0x00, 0x00, 0x00,
    0x00, 0x00, 0x00, 0x00, 0x00, 0x00, 0x00, 0x00, 0x00, 0x00, 0x00, 0x00,
    0x00, 0x00, 0x00, 0x00, 0x00, 0x00, 0x00, 0x00, 0x00, 0x00, 0x00, 0x00,
    0x00, 0x00, 0x00, 0x00, 0x00, 0x00, 0x00, 0x00, 0x00, 0x00, 0x00, 0x00,
    0x00, 0x00, 0x00, 0x00, 0x00, 0x00, 0x00, 0x00, 0x00, 0x00, 0x00, 0x00,
    0x00, 0x00, 0x00, 0x00, 0x00, 0x00, 0x00, 0x00, 0x00, 0x00, 0x00, 0x00,
    0x00, 0x00, 0x00, 0x00, 0x00, 0x00, 0x00, 0x00, 0x00, 0x00, 0x00, 0x00,
    0x00, 0x00, 0x00, 0x00, 0x00, 0x00, 0x00, 0x00, 0x00, 0x00, 0x00, 0x00,
    0x00, 0x00, 0x00, 0x00, 0x00, 0x00, 0x00, 0x00, 0x00, 0x00, 0x00, 0x00,
    0x00, 0x00, 0x00, 0x00, 0x00, 0x00, 0x00, 0x00, 0x00, 0x00, 0x00, 0x00,
    0x00, 0x00, 0x00, 0x00, 0x00, 0x00, 0x00, 0x00, 0x00, 0x00, 0x00, 0x00,
    0x00, 0x00, 0x00, 0x00, 0x00, 0x00, 0x00, 0x00, 0x00, 0x00, 0x00, 0x00,
    0x00, 0x00, 0x00, 0x00, 0x00, 0x00, 0x00, 0x00, 0x00, 0x00, 0x00, 0x00,
    0x00, 0x00, 0x00, 0x00, 0x00, 0x00, 0x00, 0x00, 0x00, 0x00, 0x00, 0x00,
    0x00, 0x00, 0x00, 0x00, 0x00, 0x00, 0x00, 0x00, 0x00, 0x00, 0x00, 0x00,
    0x00, 0x00, 0x00, 0x00, 0x00, 0x00, 0x00, 0x00, 0x00, 0x00, 0x00, 0x00,
    0x00, 0x00, 0x00, 0x00, 0x00, 0x00, 0x00, 0x00, 0x00, 0x00, 0x00, 0x00,
    0x00, 0x00, 0x00, 0x00, 0x00, 0x00, 0x00, 0x00, 0x00, 0x00, 0x00, 0x00,
    0x00, 0x00, 0x00, 0x00, 0x00, 0x00, 0x00, 0x00, 0x00, 0x00, 0x00, 0x00,
    0x00, 0x00, 0x00, 0x00, 0x00, 0x00, 0x00, 0x00, 0x00, 0x00, 0x00, 0x00,
    0x00, 0x00, 0x00, 0x00, 0x00, 0x00, 0x00, 0x00, 0x00, 0x00, 0x00, 0x00,
    0x00, 0x00, 0x00, 0x00, 0x00, 0x00, 0x00, 0x00, 0x00, 0x00, 0x00, 0x00,
    0x00, 0x00, 0x00, 0x00, 0x00, 0x00, 0x00, 0x00, 0x00, 0x00, 0x00, 0x00,
    0x00, 0x00, 0x00, 0x00, 0x00, 0x00, 0x00, 0x00, 0x00, 0x00, 0x00, 0x00,
    0x00, 0x00, 0x00, 0x00, 0x00, 0x00, 0x00, 0x00, 0x00, 0x00, 0x00, 0x00,
    0x00, 0x00, 0x00, 0x00, 0x00, 0x00, 0x00, 0x00, 0x00, 0x00, 0x00, 0x00,
    0x00, 0x00, 0x00, 0x00, 0x00, 0x00, 0x00, 0x00, 0x00, 0x00, 0x00, 0x00,
    0x00, 0x00, 0x00, 0x00, 0x00, 0x00, 0x00, 0x00, 0x00, 0x00, 0x00, 0x00,
    0x00, 0x00, 0x00, 0x00, 0x00, 0x00, 0x00, 0x00, 0x00, 0x00, 0x00, 0x00,
    0x00, 0x00, 0x00, 0x00, 0x00, 0x00, 0x00, 0x00, 0x00, 0x00, 0x00, 0x00,
    0x00, 0x00, 0x00, 0x00, 0x00, 0x00, 0x00, 0x00, 0x00, 0x00, 0x00, 0x00,
    0x00, 0x00, 0x00, 0x00, 0x00, 0x00, 0x00, 0x00, 0x00, 0x00, 0x00, 0x00,
    0x00, 0x00, 0x00, 0x00, 0x00, 0x00, 0x00, 0x00, 0x00, 0x00, 0x00, 0x00,
    0x00, 0x00, 0x00, 0x00, 0x00, 0x00, 0x00, 0x00, 0x00, 0x00, 0x00, 0x00,
    0x00, 0x00, 0x00, 0x00, 0x00, 0x00, 0x00, 0x00, 0x00, 0x00, 0x00, 0x00,
    0x00, 0x00, 0x00, 0x00, 0x00, 0x00, 0x00, 0x00, 0x00, 0x00, 0x00, 0x00,
    0x00, 0x00, 0x00, 0x00, 0x00, 0x00, 0x00, 0x00, 0x00, 0x00, 0x00, 0x00,
    0x00, 0x00, 0x00, 0x00, 0x00, 0x00, 0x00, 0x00, 0x00, 0x00, 0x00, 0x00,
    0xFC, 0xFD, 0xFD, 0x52, 0xFC, 0xFD, 0xFE, 0xB5, 0xFC, 0xFD, 0xFE, 0xE1,
    0xFC, 0xFD, 0xFD, 0xFF, 0xFC, 0xFD, 0xFD, 0xFF, 0xFC, 0xFD, 0xFD, 0xFF,
    0xFC, 0xFD, 0xFD, 0xFF, 0xFC, 0xFD, 0xFD, 0xFF, 0xFC, 0xFD, 0xFD, 0xFF,
    0xFC, 0xFD, 0xFD, 0xFF, 0xFC, 0xFD, 0xFD, 0xFF, 0xFC, 0xFD, 0xFD, 0xFF,
    0xFC, 0xFD, 0xFD, 0xFF, 0xFC, 0xFD, 0xFD, 0xFF, 0xFC, 0xFD, 0xFD, 0xFF,
    0xFC, 0xFD, 0xFD, 0xFF, 0xFC, 0xFD, 0xFD, 0xFF, 0xFC, 0xFD, 0xFD, 0xFF,
    0xFC, 0xFD, 0xFD, 0xFF, 0xFC, 0xFD, 0xFD, 0xFF, 0xFC, 0xFD, 0xFD, 0xFF,
    0xFC, 0xFD, 0xFD, 0xFF, 0xFC, 0xFD, 0xFD, 0xFF, 0xFC, 0xFD, 0xFD, 0xFF,
    0xFC, 0xFD, 0xFD, 0xFF, 0xFC, 0xFD, 0xFD, 0xFF, 0xFC, 0xFD, 0xFD, 0xFF,
    0xFC, 0xFD, 0xFE, 0xE1, 0xFC, 0xFD, 0xFE, 0xB5, 0xFC, 0xFD, 0xFD, 0x52,
    0x00, 0x00, 0x00, 0x00, 0x00, 0x00, 0x00, 0x00, 0x00, 0x00, 0x00, 0x00,
    0x00, 0x00, 0x00, 0x00, 0x00, 0x00, 0x00, 0x00, 0x00, 0x00, 0x00, 0x00,
    0x00, 0x00, 0x00, 0x00, 0x00, 0x00, 0x00, 0x00, 0x00, 0x00, 0x00, 0x00,
    0x00, 0x00, 0x00, 0x00, 0x00, 0x00, 0x00, 0x00, 0x00, 0x00, 0x00, 0x00,
    0x00, 0x00, 0x00, 0x00, 0x00, 0x00, 0x00, 0x00, 0x00, 0x00, 0x00, 0x00,
    0x00, 0x00, 0x00, 0x00, 0xFB, 0xFC, 0xFD, 0x33, 0xFB, 0xFC, 0xFD, 0xD3,
    0xFB, 0xFC, 0xFD, 0xFF, 0xFA, 0xFB, 0xFC, 0xFF, 0xFA, 0xFB, 0xFC, 0xFF,
    0xFA, 0xFB, 0xFC, 0xFF, 0xFA, 0xFB, 0xFC, 0xFF, 0xFA, 0xFB, 0xFC, 0xFF,
    0xFA, 0xFB, 0xFC, 0xFF, 0xFA, 0xFB, 0xFC, 0xFF, 0xFA, 0xFB, 0xFC, 0xFF,
    0xFA, 0xFB, 0xFC, 0xFF, 0xFA, 0xFB, 0xFC, 0xFF, 0xFA, 0xFB, 0xFC, 0xFF,
    0xFA, 0xFB, 0xFC, 0xFF, 0xFA, 0xFB, 0xFC, 0xFF, 0xFA, 0xFB, 0xFC, 0xFF,
    0xFA, 0xFB, 0xFC, 0xFF, 0xFA, 0xFB, 0xFC, 0xFF, 0xFA, 0xFB, 0xFC, 0xFF,
    0xFA, 0xFB, 0xFC, 0xFF, 0xFA, 0xFB, 0xFC, 0xFF, 0xFA, 0xFB, 0xFC, 0xFF,
    0xFA, 0xFB, 0xFC, 0xFF, 0xFA, 0xFB, 0xFC, 0xFF, 0xFA, 0xFB, 0xFC, 0xFF,
    0xFA, 0xFB, 0xFC, 0xFF, 0xFA, 0xFB, 0xFC, 0xFF, 0xFA, 0xFB, 0xFC, 0xFF,
    0xFA, 0xFB, 0xFC, 0xFF, 0xFA, 0xFB, 0xFC, 0xFF, 0xFB, 0xFC, 0xFD, 0xFF,
    0xFB, 0xFC, 0xFD, 0xD3, 0xFB, 0xFC, 0xFD, 0x33, 0x00, 0x00, 0x00, 0x00,
    0x00, 0x00, 0x00, 0x00, 0x00, 0x00, 0x00, 0x00, 0x00, 0x00, 0x00, 0x00,
    0x00, 0x00, 0x00, 0x00, 0x00, 0x00, 0x00, 0x00, 0x00, 0x00, 0x00, 0x00,
    0x00, 0x00, 0x00, 0x00, 0x00, 0x00, 0x00, 0x00, 0x00, 0x00, 0x00, 0x00,
    0x00, 0x00, 0x00, 0x00, 0x00, 0x00, 0x00, 0x00, 0x00, 0x00, 0x00, 0x00,
    0xF9, 0xFA, 0xFB, 0x56, 0xFA, 0xFB, 0xFC, 0xF6, 0xFA, 0xFB, 0xFC, 0xFF,
    0xF9, 0xFA, 0xFC, 0xFF, 0xF9, 0xFA, 0xFC, 0xFF, 0xF9, 0xFA, 0xFC, 0xFF,
    0xF9, 0xFA, 0xFC, 0xFF, 0xF9, 0xFA, 0xFC, 0xFF, 0xF9, 0xFA, 0xFC, 0xFF,
    0xF9, 0xFA, 0xFC, 0xFF, 0xF9, 0xFA, 0xFC, 0xFF, 0xF9, 0xFA, 0xFC, 0xFF,
    0xF9, 0xFA, 0xFC, 0xFF, 0xF9, 0xFA, 0xFC, 0xFF, 0xF9, 0xFA, 0xFC, 0xFF,
    0xF9, 0xFA, 0xFC, 0xFF, 0xF9, 0xFA, 0xFC, 0xFF, 0xF9, 0xFA, 0xFC, 0xFF,
    0xF9, 0xFA, 0xFC, 0xFF, 0xF9, 0xFA, 0xFC, 0xFF, 0xF9, 0xFA, 0xFC, 0xFF,
    0xF9, 0xFA, 0xFC, 0xFF, 0xF9, 0xFA, 0xFC, 0xFF, 0xF9, 0xFA, 0xFC, 0xFF,
    0xF9, 0xFA, 0xFC, 0xFF, 0xF9, 0xFA, 0xFC, 0xFF, 0xF9, 0xFA, 0xFC, 0xFF,
    0xF9, 0xFA, 0xFC, 0xFF, 0xF9, 0xFA, 0xFC, 0xFF, 0xF9, 0xFA, 0xFC, 0xFF,
    0xF9, 0xFA, 0xFC, 0xFF, 0xF9, 0xFA, 0xFC, 0xFF, 0xF9, 0xFA, 0xFC, 0xFF,
    0xFA, 0xFB, 0xFC, 0xFF, 0xFA, 0xFB, 0xFC, 0xF6, 0xF9, 0xFA, 0xFB, 0x56,
    0x00, 0x00, 0x00, 0x00, 0x00, 0x00, 0x00, 0x00, 0x00, 0x00, 0x00, 0x00,
    0x00, 0x00, 0x00, 0x00, 0x00, 0x00, 0x00, 0x00, 0x00, 0x00, 0x00, 0x00,
    0x00, 0x00, 0x00, 0x00, 0x00, 0x00, 0x00, 0x00, 0x00, 0x00, 0x00, 0x00,
    0x00, 0x00, 0x00, 0x00, 0x00, 0x00, 0x00, 0x00, 0xF1, 0xF2, 0xF3, 0x42,
    0xF9, 0xFA, 0xFC, 0xF8, 0xF9, 0xFA, 0xFB, 0xFF, 0xF8, 0xFA, 0xFB, 0xFF,
    0xF8, 0xFA, 0xFB, 0xFF, 0xF8, 0xFA, 0xFB, 0xFF, 0xF8, 0xFA, 0xFB, 0xFF,
    0xF8, 0xFA, 0xFB, 0xFF, 0xF8, 0xFA, 0xFB, 0xFF, 0xF8, 0xFA, 0xFB, 0xFF,
    0xF8, 0xFA, 0xFB, 0xFF, 0xF8, 0xFA, 0xFB, 0xFF, 0xF8, 0xFA, 0xFB, 0xFF,
    0xF8, 0xFA, 0xFB, 0xFF, 0xF8, 0xFA, 0xFB, 0xFF, 0xF8, 0xFA, 0xFB, 0xFF,
    0xF8, 0xFA, 0xFB, 0xFF, 0xF8, 0xFA, 0xFB, 0xFF, 0xF8, 0xFA, 0xFB, 0xFF,
    0xF8, 0xFA, 0xFB, 0xFF, 0xF8, 0xFA, 0xFB, 0xFF, 0xF8, 0xFA, 0xFB, 0xFF,
    0xF8, 0xFA, 0xFB, 0xFF, 0xF8, 0xFA, 0xFB, 0xFF, 0xF8, 0xFA, 0xFB, 0xFF,
    0xF8, 0xFA, 0xFB, 0xFF, 0xF8, 0xFA, 0xFB, 0xFF, 0xF8, 0xFA, 0xFB, 0xFF,
    0xF8, 0xFA, 0xFB, 0xFF, 0xF8, 0xFA, 0xFB, 0xFF, 0xF8, 0xFA, 0xFB, 0xFF,
    0xF8, 0xFA, 0xFB, 0xFF, 0xF8, 0xFA, 0xFB, 0xFF, 0xF8, 0xFA, 0xFB, 0xFF,
    0xF8, 0xFA, 0xFB, 0xFF, 0xF9, 0xFA, 0xFB, 0xFF, 0xF9, 0xFA, 0xFC, 0xF8,
    0xF1, 0xF2, 0xF3, 0x42, 0x00, 0x00, 0x00, 0x00, 0x00, 0x00, 0x00, 0x00,
    0x00, 0x00, 0x00, 0x00, 0x00, 0x00, 0x00, 0x00, 0x00, 0x00, 0x00, 0x00,
    0x00, 0x00, 0x00, 0x00, 0x00, 0x00, 0x00, 0x00, 0x00, 0x00, 0x00, 0x00,
    0x00, 0x00, 0x00, 0x00, 0xA5, 0xA6, 0xA7, 0x0B, 0xF6, 0xF7, 0xF9, 0xE3,
    0xF8, 0xF9, 0xFB, 0xFF, 0xF8, 0xF9, 0xFB, 0xFF, 0xF8, 0xF9, 0xFB, 0xFF,
    0xF8, 0xF9, 0xFB, 0xFF, 0xF8, 0xF9, 0xFB, 0xFF, 0xF8, 0xF9, 0xFB, 0xFF,
    0xF8, 0xF9, 0xFB, 0xFF, 0xF8, 0xF9, 0xFB, 0xFF, 0xF8, 0xF9, 0xFB, 0xFF,
    0xF8, 0xF9, 0xFB, 0xFF, 0xF8, 0xF9, 0xFB, 0xFF, 0xF8, 0xF9, 0xFB, 0xFF,
    0xF8, 0xF9, 0xFB, 0xFF, 0xF8, 0xF9, 0xFB, 0xFF, 0xF8, 0xF9, 0xFB, 0xFF,
    0xF8, 0xF9, 0xFB, 0xFF, 0xF8, 0xF9, 0xFB, 0xFF, 0xF8, 0xF9, 0xFB, 0xFF,
    0xF8, 0xF9, 0xFB, 0xFF, 0xF8, 0xF9, 0xFB, 0xFF, 0xF8, 0xF9, 0xFB, 0xFF,
    0xF8, 0xF9, 0xFB, 0xFF, 0xF8, 0xF9, 0xFB, 0xFF, 0xF8, 0xF9, 0xFB, 0xFF,
    0xF8, 0xF9, 0xFB, 0xFF, 0xF8, 0xF9, 0xFB, 0xFF, 0xF8, 0xF9, 0xFB, 0xFF,
    0xF8, 0xF9, 0xFB, 0xFF, 0xF8, 0xF9, 0xFB, 0xFF, 0xF8, 0xF9, 0xFB, 0xFF,
    0xF8, 0xF9, 0xFB, 0xFF, 0xF8, 0xF9, 0xFB, 0xFF, 0xF8, 0xF9, 0xFB, 0xFF,
    0xF8, 0xF9, 0xFB, 0xFF, 0xF8, 0xF9, 0xFB, 0xFF, 0xF8, 0xF9, 0xFB, 0xFF,
    0xF6, 0xF7, 0xF9, 0xE3, 0xA5, 0xA6, 0xA7, 0x0B, 0x00, 0x00, 0x00, 0x00,
    0x00, 0x00, 0x00, 0x00, 0x00, 0x00, 0x00, 0x00, 0x00, 0x00, 0x00, 0x00,
    0x00, 0x00, 0x00, 0x00, 0x00, 0x00, 0x00, 0x00, 0x00, 0x00, 0x00, 0x00,
    0x00, 0x00, 0x00, 0x02, 0xE2, 0xE3, 0xE5, 0x83, 0xF8, 0xF9, 0xFB, 0xFF,
    0xF7, 0xF9, 0xFA, 0xFF, 0xF7, 0xF9, 0xFA, 0xFF, 0xF7, 0xF9, 0xFA, 0xFF,
    0xF7, 0xF9, 0xFA, 0xFF, 0xF7, 0xF9, 0xFA, 0xFF, 0xF7, 0xF9, 0xFA, 0xFF,
    0xF7, 0xF9, 0xFA, 0xFF, 0xF7, 0xF9, 0xFA, 0xFF, 0xF7, 0xF9, 0xFA, 0xFF,
    0xF7, 0xF9, 0xFA, 0xFF, 0xF7, 0xF9, 0xFA, 0xFF, 0xF7, 0xF9, 0xFA, 0xFF,
    0xF7, 0xF9, 0xFA, 0xFF, 0xF7, 0xF9, 0xFA, 0xFF, 0xF7, 0xF9, 0xFA, 0xFF,
    0xF7, 0xF9, 0xFA, 0xFF, 0xF7, 0xF9, 0xFA, 0xFF, 0xF7, 0xF9, 0xFA, 0xFF,
    0xF7, 0xF9, 0xFA, 0xFF, 0xF7, 0xF9, 0xFA, 0xFF, 0xF7, 0xF9, 0xFA, 0xFF,
    0xF7, 0xF9, 0xFA, 0xFF, 0xF7, 0xF9, 0xFA, 0xFF, 0xF7, 0xF9, 0xFA, 0xFF,
    0xF7, 0xF9, 0xFA, 0xFF, 0xF7, 0xF9, 0xFA, 0xFF, 0xF7, 0xF9, 0xFA, 0xFF,
    0xF7, 0xF9, 0xFA, 0xFF, 0xF7, 0xF9, 0xFA, 0xFF, 0xF7, 0xF9, 0xFA, 0xFF,
    0xF7, 0xF9, 0xFA, 0xFF, 0xF7, 0xF9, 0xFA, 0xFF, 0xF7, 0xF9, 0xFA, 0xFF,
    0xF7, 0xF9, 0xFA, 0xFF, 0xF7, 0xF9, 0xFA, 0xFF, 0xF7, 0xF9, 0xFA, 0xFF,
    0xF8, 0xF9, 0xFB, 0xFF, 0xE2, 0xE3, 0xE5, 0x83, 0x00, 0x00, 0x00, 0x02,
    0x00, 0x00, 0x00, 0x00, 0x00, 0x00, 0x00, 0x00, 0x00, 0x00, 0x00, 0x00,
    0x00, 0x00, 0x00, 0x00, 0x00, 0x00, 0x00, 0x00, 0x00, 0x00, 0x00, 0x00,
    0x00, 0x00, 0x00, 0x0E, 0xF1, 0xF2, 0xF4, 0xD9, 0xF6, 0xF8, 0xFA, 0xFF,
    0xF6, 0xF8, 0xFA, 0xFF, 0xF6, 0xF8, 0xFA, 0xFF, 0xF6, 0xF8, 0xFA, 0xFF,
    0xF6, 0xF8, 0xFA, 0xFF, 0xF6, 0xF8, 0xFA, 0xFF, 0xF6, 0xF8, 0xFA, 0xFF,
    0xF6, 0xF8, 0xFA, 0xFF, 0xF6, 0xF8, 0xFA, 0xFF, 0xF6, 0xF8, 0xFA, 0xFF,
    0xF6, 0xF8, 0xFA, 0xFF, 0xF6, 0xF8, 0xFA, 0xFF, 0xF6, 0xF8, 0xFA, 0xFF,
    0xF6, 0xF8, 0xFA, 0xFF, 0xF6, 0xF8, 0xFA, 0xFF, 0xF6, 0xF8, 0xFA, 0xFF,
    0xF6, 0xF8, 0xFA, 0xFF, 0xF6, 0xF8, 0xFA, 0xFF, 0xF6, 0xF8, 0xFA, 0xFF,
    0xF6, 0xF8, 0xFA, 0xFF, 0xF6, 0xF8, 0xFA, 0xFF, 0xF6, 0xF8, 0xFA, 0xFF,
    0xF6, 0xF8, 0xFA, 0xFF, 0xF6, 0xF8, 0xFA, 0xFF, 0xF6, 0xF8, 0xFA, 0xFF,
    0xF6, 0xF8, 0xFA, 0xFF, 0xF6, 0xF8, 0xFA, 0xFF, 0xF6, 0xF8, 0xFA, 0xFF,
    0xF6, 0xF8, 0xFA, 0xFF, 0xF6, 0xF8, 0xFA, 0xFF, 0xF6, 0xF8, 0xFA, 0xFF,
    0xF6, 0xF8, 0xFA, 0xFF, 0xF6, 0xF8, 0xFA, 0xFF, 0xF6, 0xF8, 0xFA, 0xFF,
    0xF6, 0xF8, 0xFA, 0xFF, 0xF6, 0xF8, 0xFA, 0xFF, 0xF6, 0xF8, 0xFA, 0xFF,
    0xF6, 0xF8, 0xFA, 0xFF, 0xF1, 0xF2, 0xF4, 0xD9, 0x00, 0x00, 0x00, 0x0E,
    0x00, 0x00, 0x00, 0x00, 0x00, 0x00, 0x00, 0x00, 0x00, 0x00, 0x00, 0x00,
    0x00, 0x00, 0x00, 0x00, 0x00, 0x00, 0x00, 0x00, 0x00, 0x00, 0x00, 0x04,
    0x60, 0x61, 0x61, 0x28, 0xF7, 0xF9, 0xFA, 0xFE, 0xF6, 0xF7, 0xF9, 0xFF,
    0xF6, 0xF7, 0xF9, 0xFF, 0xF6, 0xF7, 0xF9, 0xFF, 0xF6, 0xF7, 0xF9, 0xFF,
    0xF6, 0xF7, 0xF9, 0xFF, 0xF6, 0xF7, 0xF9, 0xFF, 0xF6, 0xF7, 0xF9, 0xFF,
    0xF6, 0xF7, 0xF9, 0xFF, 0xF6, 0xF7, 0xF9, 0xFF, 0xF6, 0xF7, 0xF9, 0xFF,
    0xF6, 0xF7, 0xF9, 0xFF, 0xF6, 0xF7, 0xF9, 0xFF, 0xF6, 0xF7, 0xF9, 0xFF,
    0xF6, 0xF7, 0xF9, 0xFF, 0xF6, 0xF7, 0xF9, 0xFF, 0xF6, 0xF7, 0xF9, 0xFF,
    0xF6, 0xF7, 0xF9, 0xFF, 0xF6, 0xF7, 0xF9, 0xFF, 0xF6, 0xF7, 0xF9, 0xFF,
    0xF6, 0xF7, 0xF9, 0xFF, 0xF6, 0xF7, 0xF9, 0xFF, 0xF6, 0xF7, 0xF9, 0xFF,
    0xF6, 0xF7, 0xF9, 0xFF, 0xF6, 0xF7, 0xF9, 0xFF, 0xF6, 0xF7, 0xF9, 0xFF,
    0xF6, 0xF7, 0xF9, 0xFF, 0xF6, 0xF7, 0xF9, 0xFF, 0xF6, 0xF7, 0xF9, 0xFF,
    0xF6, 0xF7, 0xF9, 0xFF, 0xF6, 0xF7, 0xF9, 0xFF, 0xF6, 0xF7, 0xF9, 0xFF,
    0xF6, 0xF7, 0xF9, 0xFF, 0xF6, 0xF7, 0xF9, 0xFF, 0xF6, 0xF7, 0xF9, 0xFF,
    0xF6, 0xF7, 0xF9, 0xFF, 0xF6, 0xF7, 0xF9, 0xFF, 0xF6, 0xF7, 0xF9, 0xFF,
    0xF6, 0xF7, 0xF9, 0xFF, 0xF7, 0xF9, 0xFA, 0xFE, 0x60, 0x61, 0x61, 0x28,
    0x00, 0x00, 0x00, 0x04, 0x00, 0x00, 0x00, 0x00, 0x00, 0x00, 0x00, 0x00,
    0x00, 0x00, 0x00, 0x00, 0x00, 0x00, 0x00, 0x00, 0x00, 0x00, 0x00, 0x0C,
    0xAB, 0xAC, 0xAD, 0x55, 0xF6, 0xF8, 0xFA, 0xFF, 0xF5, 0xF7, 0xF9, 0xFF,
    0xF5, 0xF7, 0xF9, 0xFF, 0xF5, 0xF7, 0xF9, 0xFF, 0xF5, 0xF7, 0xF9, 0xFF,
    0xF5, 0xF7, 0xF9, 0xFF, 0xF5, 0xF7, 0xF9, 0xFF, 0xF5, 0xF7, 0xF9, 0xFF,
    0xF5, 0xF7, 0xF9, 0xFF, 0xF5, 0xF7, 0xF9, 0xFF, 0xF5, 0xF7, 0xF9, 0xFF,
    0xF5, 0xF7, 0xF9, 0xFF, 0xF5, 0xF7, 0xF9, 0xFF, 0xF5, 0xF7, 0xF9, 0xFF,
    0xF5, 0xF7, 0xF9, 0xFF, 0xF5, 0xF7, 0xF9, 0xFF, 0xC6, 0xC9, 0xCD, 0xFF,
    0x96, 0x9A, 0xA1, 0xFF, 0x74, 0x79, 0x81, 0xFF, 0x60, 0x65, 0x6E, 0xFF,
    0x60, 0x65, 0x6E, 0xFF, 0x74, 0x79, 0x81, 0xFF, 0x96, 0x9A, 0xA1, 0xFF,
    0xC6, 0xC9, 0xCD, 0xFF, 0xF5, 0xF7, 0xF9, 0xFF, 0xF5, 0xF7, 0xF9, 0xFF,
    0xF5, 0xF7, 0xF9, 0xFF, 0xF5, 0xF7, 0xF9, 0xFF, 0xF5, 0xF7, 0xF9, 0xFF,
    0xF5, 0xF7, 0xF9, 0xFF, 0xF5, 0xF7, 0xF9, 0xFF, 0xF5, 0xF7, 0xF9, 0xFF,
    0xF5, 0xF7, 0xF9, 0xFF, 0xF5, 0xF7, 0xF9, 0xFF, 0xF5, 0xF7, 0xF9, 0xFF,
    0xF5, 0xF7, 0xF9, 0xFF, 0xF5, 0xF7, 0xF9, 0xFF, 0xF5, 0xF7, 0xF9, 0xFF,
    0xF5, 0xF7, 0xF9, 0xFF, 0xF6, 0xF8, 0xFA, 0xFF, 0xAB, 0xAC, 0xAD, 0x55,
    0x00, 0x00, 0x00, 0x0C, 0x00, 0x00, 0x00, 0x00, 0x00, 0x00, 0x00, 0x00,
    0x00, 0x00, 0x00, 0x00, 0x00, 0x00, 0x00, 0x01, 0x00, 0x00, 0x00, 0x14,
    0xB4, 0xB5, 0xB6, 0x66, 0xF6, 0xF7, 0xF9, 0xFF, 0xF4, 0xF6, 0xF9, 0xFF,
    0xF4, 0xF6, 0xF9, 0xFF, 0xF4, 0xF6, 0xF9, 0xFF, 0xF4, 0xF6, 0xF9, 0xFF,
    0xF4, 0xF6, 0xF9, 0xFF, 0xF4, 0xF6, 0xF9, 0xFF, 0xF4, 0xF6, 0xF9, 0xFF,
    0xF4, 0xF6, 0xF9, 0xFF, 0xF4, 0xF6, 0xF9, 0xFF, 0xF4, 0xF6, 0xF9, 0xFF,
    0xF4, 0xF6, 0xF9, 0xFF, 0xF4, 0xF6, 0xF9, 0xFF, 0xEC, 0xEE, 0xF1, 0xFF,
    0x96, 0x9A, 0xA1, 0xFF, 0x45, 0x4A, 0x55, 0xFF, 0x2E, 0x34, 0x40, 0xFF,
    0x2E, 0x34, 0x40, 0xFF, 0x2E, 0x34, 0x40, 0xFF, 0x2E, 0x34, 0x40, 0xFF,
    0x2E, 0x34, 0x40, 0xFF, 0x2E, 0x34, 0x40, 0xFF, 0x2E, 0x34, 0x40, 0xFF,
    0x2E, 0x34, 0x40, 0xFF, 0x45, 0x4A, 0x55, 0xFF, 0x96, 0x9A, 0xA1, 0xFF,
    0xEC, 0xEE, 0xF1, 0xFF, 0xF4, 0xF6, 0xF9, 0xFF, 0xF4, 0xF6, 0xF9, 0xFF,
    0xF4, 0xF6, 0xF9, 0xFF, 0xF4, 0xF6, 0xF9, 0xFF, 0xF4, 0xF6, 0xF9, 0xFF,
    0xF4, 0xF6, 0xF9, 0xFF, 0xF4, 0xF6, 0xF9, 0xFF, 0xF4, 0xF6, 0xF9, 0xFF,
    0xF4, 0xF6, 0xF9, 0xFF, 0xF4, 0xF6, 0xF9, 0xFF, 0xF4, 0xF6, 0xF9, 0xFF,
    0xF4, 0xF6, 0xF9, 0xFF, 0xF6, 0xF7, 0xF9, 0xFF, 0xB4, 0xB5, 0xB6, 0x66,
    0x00, 0x00, 0x00, 0x14, 0x00, 0x00, 0x00, 0x01, 0x00, 0x00, 0x00, 0x00,
    0x00, 0x00, 0x00, 0x00, 0x00, 0x00, 0x00, 0x04, 0x00, 0x00, 0x00, 0x16,
    0xB0, 0xB1, 0xB3, 0x68, 0xF5, 0xF7, 0xF9, 0xFF, 0xF3, 0xF6, 0xF8, 0xFF,
    0xF3, 0xF6, 0xF8, 0xFF, 0xF3, 0xF6, 0xF8, 0xFF, 0xF3, 0xF6, 0xF8, 0xFF,
    0xF3, 0xF6, 0xF8, 0xFF, 0xF3, 0xF6, 0xF8, 0xFF, 0xF3, 0xF6, 0xF8, 0xFF,
    0xF3, 0xF6, 0xF8, 0xFF, 0xF3, 0xF6, 0xF8, 0xFF, 0xF3, 0xF6, 0xF8, 0xFF,
    0xF3, 0xF6, 0xF8, 0xFF, 0xBD, 0xC0, 0xC5, 0xFF, 0x43, 0x49, 0x54, 0xFF,
    0x2E, 0x34, 0x40, 0xFF, 0x2E, 0x34, 0x40, 0xFF, 0x50, 0x55, 0x60, 0xFF,
    0x8C, 0x90, 0x98, 0xFF, 0xBB, 0xBF, 0xC4, 0xFF, 0xC2, 0xC5, 0xCA, 0xFF,
    0xC2, 0xC5, 0xCA, 0xFF, 0xBB, 0xBF, 0xC4, 0xFF, 0x8C, 0x90, 0x98, 0xFF,
    0x50, 0x55, 0x60, 0xFF, 0x2E, 0x34, 0x40, 0xFF, 0x2E, 0x34, 0x40, 0xFF,
    0x43, 0x49, 0x54, 0xFF, 0xBD, 0xC0, 0xC5, 0xFF, 0xF3, 0xF6, 0xF8, 0xFF,
    0xF3, 0xF6, 0xF8, 0xFF, 0xF3, 0xF6, 0xF8, 0xFF, 0xF3, 0xF6, 0xF8, 0xFF,
    0xF3, 0xF6, 0xF8, 0xFF, 0xF3, 0xF6, 0xF8, 0xFF, 0xF3, 0xF6, 0xF8, 0xFF,
    0xF3, 0xF6, 0xF8, 0xFF, 0xF3, 0xF6, 0xF8, 0xFF, 0xF3, 0xF6, 0xF8, 0xFF,
    0xF3, 0xF6, 0xF8, 0xFF, 0xF5, 0xF7, 0xF9, 0xFF, 0xB0, 0xB1, 0xB3, 0x68,
    0x00, 0x00, 0x00, 0x16, 0x00, 0x00, 0x00, 0x04, 0x00, 0x00, 0x00, 0x00,
    0x00, 0x00, 0x00, 0x00, 0x00, 0x00, 0x00, 0x06, 0x00, 0x00, 0x00, 0x18,
    0xAE, 0xAF, 0xB0, 0x68, 0xF4, 0xF6, 0xF8, 0xFF, 0xF3, 0xF5, 0xF8, 0xFF,
    0xF3, 0xF5, 0xF8, 0xFF, 0xF3, 0xF5, 0xF8, 0xFF, 0xF3, 0xF5, 0xF8, 0xFF,
    0xF3, 0xF5, 0xF8, 0xFF, 0xF3, 0xF5, 0xF8, 0xFF, 0xF3, 0xF5, 0xF8, 0xFF,
    0xF3, 0xF5, 0xF8, 0xFF, 0xF3, 0xF5, 0xF8, 0xFF, 0xF3, 0xF5, 0xF8, 0xFF,
    0x9B, 0x9E, 0xA5, 0xFF, 0x2E, 0x34, 0x40, 0xFF, 0x2E, 0x34, 0x40, 0xFF,
    0x60, 0x65, 0x6F, 0xFF, 0xCB, 0xCE, 0xD3, 0xFF, 0xF3, 0xF5, 0xF8, 0xFF,
    0xF3, 0xF5, 0xF8, 0xFF, 0xF3, 0xF5, 0xF8, 0xFF, 0x7F, 0x87, 0x99, 0xFF,
    0x7F, 0x87, 0x99, 0xFF, 0xF3, 0xF5, 0xF8, 0xFF, 0xF3, 0xF5, 0xF8, 0xFF,
    0xF3, 0xF5, 0xF8, 0xFF, 0xCB, 0xCE, 0xD3, 0xFF, 0x60, 0x65, 0x6F, 0xFF,
    0x2E, 0x34, 0x40, 0xFF, 0x2E, 0x34, 0x40, 0xFF, 0x9B, 0x9E, 0xA5, 0xFF,
    0xF3, 0xF5, 0xF8, 0xFF, 0xF3, 0xF5, 0xF8, 0xFF, 0xF3, 0xF5, 0xF8, 0xFF,
    0xF3, 0xF5, 0xF8, 0xFF, 0xF3, 0xF5, 0xF8, 0xFF, 0xF3, 0xF5, 0xF8, 0xFF,
    0xF3, 0xF5, 0xF8, 0xFF, 0xF3, 0xF5, 0xF8, 0xFF, 0xF3, 0xF5, 0xF8, 0xFF,
    0xF3, 0xF5, 0xF8, 0xFF, 0xF4, 0xF6, 0xF8, 0xFF, 0xAE, 0xAF, 0xB0, 0x68,
    0x00, 0x00, 0x00, 0x18, 0x00, 0x00, 0x00, 0x06, 0x00, 0x00, 0x00, 0x00,
    0x00, 0x00, 0x00, 0x00, 0x00, 0x00, 0x00, 0x07, 0x00, 0x00, 0x00, 0x18,
    0xAC, 0xAE, 0xAF, 0x68, 0xF3, 0xF5, 0xF8, 0xFF, 0xF2, 0xF4, 0xF7, 0xFF,
    0xF2, 0xF4, 0xF7, 0xFF, 0xF2, 0xF4, 0xF7, 0xFF, 0xF2, 0xF4, 0xF7, 0xFF,
    0xF2, 0xF4, 0xF7, 0xFF, 0xF2, 0xF4, 0xF7, 0xFF, 0xF2, 0xF4, 0xF7, 0xFF,
    0xF2, 0xF4, 0xF7, 0xFF, 0xF2, 0xF4, 0xF7, 0xFF, 0x99, 0x9D, 0xA4, 0xFF,
    0x2E, 0x34, 0x40, 0xFF, 0x31, 0x37, 0x43, 0xFF, 0xA2, 0xA6, 0xAD, 0xFF,
    0xDF, 0xE2, 0xE7, 0xFF, 0xA9, 0xAF, 0xBB, 0xFF, 0xF2, 0xF4, 0xF7, 0xFF,
    0xF2, 0xF4, 0xF7, 0xFF, 0xF2, 0xF4, 0xF7, 0xFF, 0x7F, 0x87, 0x99, 0xFF,
    0x7F, 0x87, 0x99, 0xFF, 0xF2, 0xF4, 0xF7, 0xFF, 0xF2, 0xF4, 0xF7, 0xFF,
    0xF2, 0xF4, 0xF7, 0xFF, 0xA9, 0xAF, 0xBB, 0xFF, 0xDF, 0xE2, 0xE7, 0xFF,
    0xA2, 0xA6, 0xAD, 0xFF, 0x31, 0x37, 0x43, 0xFF, 0x2E, 0x34, 0x40, 0xFF,
    0x99, 0x9D, 0xA4, 0xFF, 0xF2, 0xF4, 0xF7, 0xFF, 0xF2, 0xF4, 0xF7, 0xFF,
    0xF2, 0xF4, 0xF7, 0xFF, 0xF2, 0xF4, 0xF7, 0xFF, 0xF2, 0xF4, 0xF7, 0xFF,
    0xF2, 0xF4, 0xF7, 0xFF, 0xF2, 0xF4, 0xF7, 0xFF, 0xF2, 0xF4, 0xF7, 0xFF,
    0xF2, 0xF4, 0xF7, 0xFF, 0xF3, 0xF5, 0xF8, 0xFF, 0xAC, 0xAE, 0xAF, 0x68,
    0x00, 0x00, 0x00, 0x18, 0x00, 0x00, 0x00, 0x07, 0x00, 0x00, 0x00, 0x00,
    0x00, 0x00, 0x00, 0x00, 0x00, 0x00, 0x00, 0x07, 0x00, 0x00, 0x00, 0x18,
    0xAB, 0xAC, 0xAE, 0x67, 0xF3, 0xF5, 0xF7, 0xFF, 0xF1, 0xF4, 0xF7, 0xFF,
    0xF1, 0xF4, 0xF7, 0xFF, 0xF1, 0xF4, 0xF7, 0xFF, 0xF1, 0xF4, 0xF7, 0xFF,
    0xF1, 0xF4, 0xF7, 0xFF, 0xF1, 0xF4, 0xF7, 0xFF, 0xF1, 0xF4, 0xF7, 0xFF,
    0xF1, 0xF4, 0xF7, 0xFF, 0xBA, 0xBD, 0xC3, 0xFF, 0x2E, 0x34, 0x40, 0xFF,
    0x32, 0x38, 0x43, 0xFF, 0xBA, 0xBD, 0xC3, 0xFF, 0xF1, 0xF4, 0xF7, 0xFF,
    0xEF, 0xF1, 0xF5, 0xFF, 0x86, 0x8E, 0x9F, 0xFF, 0xED, 0xEF, 0xF3, 0xFF,
    0xF1, 0xF4, 0xF7, 0xFF, 0xF1, 0xF4, 0xF7, 0xFF, 0x81, 0x87, 0x95, 0xFF,
    0x81, 0x87, 0x95, 0xFF, 0xF1, 0xF4, 0xF7, 0xFF, 0xF1, 0xF4, 0xF7, 0xFF,
    0xED, 0xEF, 0xF3, 0xFF, 0x86, 0x8E, 0x9F, 0xFF, 0xEF, 0xF1, 0xF5, 0xFF,
    0xF1, 0xF4, 0xF7, 0xFF, 0xBA, 0xBD, 0xC3, 0xFF, 0x32, 0x38, 0x43, 0xFF,
    0x2E, 0x34, 0x40, 0xFF, 0xBA, 0xBD, 0xC3, 0xFF, 0xF1, 0xF4, 0xF7, 0xFF,
    0xF1, 0xF4, 0xF7, 0xFF, 0xF1, 0xF4, 0xF7, 0xFF, 0xF1, 0xF4, 0xF7, 0xFF,
    0xF1, 0xF4, 0xF7, 0xFF, 0xF1, 0xF4, 0xF7, 0xFF, 0xF1, 0xF4, 0xF7, 0xFF,
    0xF1, 0xF4, 0xF7, 0xFF, 0xF3, 0xF5, 0xF7, 0xFF, 0xAB, 0xAC, 0xAE, 0x67,
    0x00, 0x00, 0x00, 0x18, 0x00, 0x00, 0x00, 0x07, 0x00, 0x00, 0x00, 0x00,
    0x00, 0x00, 0x00, 0x00, 0x00, 0x00, 0x00, 0x07, 0x00, 0x00, 0x00, 0x18,
    0xAA, 0xAB, 0xAD, 0x66, 0xF2, 0xF4, 0xF7, 0xFF, 0xF1, 0xF3, 0xF6, 0xFF,
    0xF1, 0xF3, 0xF6, 0xFF, 0xF1, 0xF3, 0xF6, 0xFF, 0xF1, 0xF3, 0xF6, 0xFF,
    0xF1, 0xF3, 0xF6, 0xFF, 0xF1, 0xF3, 0xF6, 0xFF, 0xF1, 0xF3, 0xF6, 0xFF,
    0xE9, 0xEC, 0xEF, 0xFF, 0x44, 0x4A, 0x55, 0xFF, 0x2E, 0x34, 0x40, 0xFF,
    0xA2, 0xA6, 0xAC, 0xFF, 0xF1, 0xF3, 0xF6, 0xFF, 0xF1, 0xF3, 0xF6, 0xFF,
    0xF1, 0xF3, 0xF6, 0xFF, 0xF1, 0xF3, 0xF6, 0xFF, 0xF1, 0xF3, 0xF6, 0xFF,
    0xF1, 0xF3, 0xF6, 0xFF, 0xF1, 0xF3, 0xF6, 0xFF, 0x33, 0x39, 0x45, 0xFF,
    0x33, 0x39, 0x45, 0xFF, 0xF1, 0xF3, 0xF6, 0xFF, 0xF1, 0xF3, 0xF6, 0xFF,
    0xF1, 0xF3, 0xF6, 0xFF, 0xF1, 0xF3, 0xF6, 0xFF, 0xF1, 0xF3, 0xF6, 0xFF,
    0xF1, 0xF3, 0xF6, 0xFF, 0xF1, 0xF3, 0xF6, 0xFF, 0xA2, 0xA6, 0xAC, 0xFF,
    0x2E, 0x34, 0x40, 0xFF, 0x44, 0x4A, 0x55, 0xFF, 0xE9, 0xEC, 0xEF, 0xFF,
    0xF1, 0xF3, 0xF6, 0xFF, 0xF1, 0xF3, 0xF6, 0xFF, 0xF1, 0xF3, 0xF6, 0xFF,
    0xF1, 0xF3, 0xF6, 0xFF, 0xF1, 0xF3, 0xF6, 0xFF, 0xF1, 0xF3, 0xF6, 0xFF,
    0xF1, 0xF3, 0xF6, 0xFF, 0xF2, 0xF4, 0xF7, 0xFF, 0xAA, 0xAB, 0xAD, 0x66,
    0x00, 0x00, 0x00, 0x18, 0x00, 0x00, 0x00, 0x07, 0x00, 0x00, 0x00, 0x00,
    0x00, 0x00, 0x00, 0x00, 0x00, 0x00, 0x00, 0x07, 0x00, 0x00, 0x00, 0x18,
    0xA8, 0xAA, 0xAC, 0x66, 0xF1, 0xF3, 0xF6, 0xFF, 0xF0, 0xF2, 0xF6, 0xFF,
    0xF0, 0xF2, 0xF6, 0xFF, 0xF0, 0xF2, 0xF6, 0xFF, 0xF0, 0xF2, 0xF6, 0xFF,
    0xF0, 0xF2, 0xF6, 0xFF, 0xF0, 0xF2, 0xF6, 0xFF, 0xF0, 0xF2, 0xF6, 0xFF,
    0x94, 0x98, 0x9F, 0xFF, 0x2E, 0x34, 0x40, 0xFF, 0x60, 0x65, 0x6F, 0xFF,
    0xDE, 0xE1, 0xE7, 0xFF, 0xEF, 0xF2, 0xF5, 0xFF, 0xF0, 0xF2, 0xF6, 0xFF,
    0xF0, 0xF2, 0xF6, 0xFF, 0xF0, 0xF2, 0xF6, 0xFF, 0xF0, 0xF2, 0xF6, 0xFF,
    0xF0, 0xF2, 0xF6, 0xFF, 0xF0, 0xF2, 0xF6, 0xFF, 0x33, 0x39, 0x45, 0xFF,
    0x33, 0x39, 0x45, 0xFF, 0xF0, 0xF2, 0xF6, 0xFF, 0xF0, 0xF2, 0xF6, 0xFF,
    0xF0, 0xF2, 0xF6, 0xFF, 0xF0, 0xF2, 0xF6, 0xFF, 0xF0, 0xF2, 0xF6, 0xFF,
    0xF0, 0xF2, 0xF6, 0xFF, 0xEF, 0xF2, 0xF5, 0xFF, 0xDE, 0xE1, 0xE7, 0xFF,
    0x60, 0x65, 0x6F, 0xFF, 0x2E, 0x34, 0x40, 0xFF, 0x94, 0x98, 0x9F, 0xFF,
    0xF0, 0xF2, 0xF6, 0xFF, 0xF0, 0xF2, 0xF6, 0xFF, 0xF0, 0xF2, 0xF6, 0xFF,
    0xF0, 0xF2, 0xF6, 0xFF, 0xF0, 0xF2, 0xF6, 0xFF, 0xF0, 0xF2, 0xF6, 0xFF,
    0xF0, 0xF2, 0xF6, 0xFF, 0xF1, 0xF3, 0xF6, 0xFF, 0xA8, 0xAA, 0xAC, 0x66,
    0x00, 0x00, 0x00, 0x18, 0x00, 0x00, 0x00, 0x07, 0x00, 0x00, 0x00, 0x00,
    0x00, 0x00, 0x00, 0x00, 0x00, 0x00, 0x00, 0x07, 0x00, 0x00, 0x00, 0x18,
    0xA7, 0xA9, 0xAB, 0x65, 0xF0, 0xF3, 0xF6, 0xFF, 0xEF, 0xF2, 0xF5, 0xFF,
    0xEF, 0xF2, 0xF5, 0xFF, 0xEF, 0xF2, 0xF5, 0xFF, 0xEF, 0xF2, 0xF5, 0xFF,
    0xEF, 0xF2, 0xF5, 0xFF, 0xEF, 0xF2, 0xF5, 0xFF, 0xED, 0xEF, 0xF3, 0xFF,
    0x45, 0x4A, 0x55, 0xFF, 0x2E, 0x34, 0x40, 0xFF, 0xC7, 0xCA, 0xCF, 0xFF,
    0xA8, 0xAE, 0xBB, 0xFF, 0x84, 0x8C, 0x9D, 0xFF, 0xEF, 0xF2, 0xF5, 0xFF,
    0xEF, 0xF2, 0xF5, 0xFF, 0xEF, 0xF2, 0xF5, 0xFF, 0xEF, 0xF2, 0xF5, 0xFF,
    0xEF, 0xF2, 0xF5, 0xFF, 0xEF, 0xF2, 0xF5, 0xFF, 0x33, 0x39, 0x45, 0xFF,
    0x33, 0x39, 0x45, 0xFF, 0xEF, 0xF2, 0xF5, 0xFF, 0xEF, 0xF2, 0xF5, 0xFF,
    0xEF, 0xF2, 0xF5, 0xFF, 0xEF, 0xF2, 0xF5, 0xFF, 0xEF, 0xF2, 0xF5, 0xFF,
    0xEF, 0xF2, 0xF5, 0xFF, 0x84, 0x8C, 0x9D, 0xFF, 0xA8, 0xAE, 0xBB, 0xFF,
    0xC7, 0xCA, 0xCF, 0xFF, 0x2E, 0x34, 0x40, 0xFF, 0x45, 0x4A, 0x55, 0xFF,
    0xED, 0xEF, 0xF3, 0xFF, 0xEF, 0xF2, 0xF5, 0xFF, 0xEF, 0xF2, 0xF5, 0xFF,
    0xEF, 0xF2, 0xF5, 0xFF, 0xEF, 0xF2, 0xF5, 0xFF, 0xEF, 0xF2, 0xF5, 0xFF,
    0xEF, 0xF2, 0xF5, 0xFF, 0xF0, 0xF3, 0xF6, 0xFF, 0xA7, 0xA9, 0xAB, 0x65,
    0x00, 0x00, 0x00, 0x18, 0x00, 0x00, 0x00, 0x07, 0x00, 0x00, 0x00, 0x00,
    0x00, 0x00, 0x00, 0x00, 0x00, 0x00, 0x00, 0x07, 0x00, 0x00, 0x00, 0x18,
    0xA6, 0xA7, 0xA9, 0x64, 0xEF, 0xF2, 0xF5, 0xFF, 0xEE, 0xF1, 0xF5, 0xFF,
    0xEE, 0xF1, 0xF5, 0xFF, 0xEE, 0xF1, 0xF5, 0xFF, 0xEE, 0xF1, 0xF5, 0xFF,
    0xEE, 0xF1, 0xF5, 0xFF, 0xEE, 0xF1, 0xF5, 0xFF, 0xC2, 0xC5, 0xCB, 0xFF,
    0x2E, 0x34, 0x40, 0xFF, 0x53, 0x59, 0x63, 0xFF, 0xEE, 0xF1, 0xF5, 0xFF,
    0xEE, 0xF1, 0xF5, 0xFF, 0xE9, 0xEC, 0xF0, 0xFF, 0xEE, 0xF1, 0xF5, 0xFF,
    0xEE, 0xF1, 0xF5, 0xFF, 0xEE, 0xF1, 0xF5, 0xFF, 0xEE, 0xF1, 0xF5, 0xFF,
    0xEE, 0xF1, 0xF5, 0xFF, 0xEE, 0xF1, 0xF5, 0xFF, 0x33, 0x39, 0x45, 0xFF,
    0x33, 0x39, 0x45, 0xFF, 0xEE, 0xF1, 0xF5, 0xFF, 0xEE, 0xF1, 0xF5, 0xFF,
    0xEE, 0xF1, 0xF5, 0xFF, 0xEE, 0xF1, 0xF5, 0xFF, 0xEE, 0xF1, 0xF5, 0xFF,
    0xEE, 0xF1, 0xF5, 0xFF, 0xE9, 0xEC, 0xF0, 0xFF, 0xEE, 0xF1, 0xF5, 0xFF,
    0xEE, 0xF1, 0xF5, 0xFF, 0x53, 0x59, 0x63, 0xFF, 0x2E, 0x34, 0x40, 0xFF,
    0xC2, 0xC5, 0xCB, 0xFF, 0xEE, 0xF1, 0xF5, 0xFF, 0xEE, 0xF1, 0xF5, 0xFF,
    0xEE, 0xF1, 0xF5, 0xFF, 0xEE, 0xF1, 0xF5, 0xFF, 0xEE, 0xF1, 0xF5, 0xFF,
    0xEE, 0xF1, 0xF5, 0xFF, 0xEF, 0xF2, 0xF5, 0xFF, 0xA6, 0xA7, 0xA9, 0x64,
    0x00, 0x00, 0x00, 0x18, 0x00, 0x00, 0x00, 0x07, 0x00, 0x00, 0x00, 0x00,
    0x00, 0x00, 0x00, 0x00, 0x00, 0x00, 0x00, 0x07, 0x00, 0x00, 0x00, 0x18,
    0xA4, 0xA6, 0xA8, 0x64, 0xEF, 0xF1, 0xF5, 0xFF, 0xEE, 0xF1, 0xF4, 0xFF,
    0xEE, 0xF1, 0xF4, 0xFF, 0xEE, 0xF1, 0xF4, 0xFF, 0xEE, 0xF1, 0xF4, 0xFF,
    0xEE, 0xF1, 0xF4, 0xFF, 0xEE, 0xF1, 0xF4, 0xFF, 0x93, 0x98, 0x9F, 0xFF,
    0x2E, 0x34, 0x40, 0xFF, 0x89, 0x8D, 0x95, 0xFF, 0xEE, 0xF1, 0xF4, 0xFF,
    0xEE, 0xF1, 0xF4, 0xFF, 0xEE, 0xF1, 0xF4, 0xFF, 0xEE, 0xF1, 0xF4, 0xFF,
    0xEE, 0xF1, 0xF4, 0xFF, 0xEE, 0xF1, 0xF4, 0xFF, 0xEE, 0xF1, 0xF4, 0xFF,
    0xEE, 0xF1, 0xF4, 0xFF, 0xEE, 0xF1, 0xF4, 0xFF, 0x33, 0x39, 0x45, 0xFF,
    0x33, 0x39, 0x45, 0xFF, 0xEE, 0xF1, 0xF4, 0xFF, 0xEE, 0xF1, 0xF4, 0xFF,
    0xEE, 0xF1, 0xF4, 0xFF, 0xEE, 0xF1, 0xF4, 0xFF, 0xEE, 0xF1, 0xF4, 0xFF,
    0xEE, 0xF1, 0xF4, 0xFF, 0xEE, 0xF1, 0xF4, 0xFF, 0xEE, 0xF1, 0xF4, 0xFF,
    0xEE, 0xF1, 0xF4, 0xFF, 0x89, 0x8D, 0x95, 0xFF, 0x2E, 0x34, 0x40, 0xFF,
    0x93, 0x98, 0x9F, 0xFF, 0xEE, 0xF1, 0xF4, 0xFF, 0xEE, 0xF1, 0xF4, 0xFF,
    0xEE, 0xF1, 0xF4, 0xFF, 0xEE, 0xF1, 0xF4, 0xFF, 0xEE, 0xF1, 0xF4, 0xFF,
    0xEE, 0xF1, 0xF4, 0xFF, 0xEF, 0xF1, 0xF5, 0xFF, 0xA4, 0xA6, 0xA8, 0x64,
    0x00, 0x00, 0x00, 0x18, 0x00, 0x00, 0x00, 0x07, 0x00, 0x00, 0x00, 0x00,
    0x00, 0x00, 0x00, 0x00, 0x00, 0x00, 0x00, 0x07, 0x00, 0x00, 0x00, 0x18,
    0xA3, 0xA5, 0xA7, 0x63, 0xEE, 0xF1, 0xF4, 0xFF, 0xED, 0xF0, 0xF4, 0xFF,
    0xED, 0xF0, 0xF4, 0xFF, 0xED, 0xF0, 0xF4, 0xFF, 0xED, 0xF0, 0xF4, 0xFF,
    0xED, 0xF0, 0xF4, 0xFF, 0xED, 0xF0, 0xF4, 0xFF, 0x74, 0x79, 0x82, 0xFF,
    0x2E, 0x34, 0x40, 0xFF, 0xAF, 0xB3, 0xB9, 0xFF, 0xED, 0xF0, 0xF4, 0xFF,
    0xED, 0xF0, 0xF4, 0xFF, 0xED, 0xF0, 0xF4, 0xFF, 0xED, 0xF0, 0xF4, 0xFF,
    0xED, 0xF0, 0xF4, 0xFF, 0xED, 0xF0, 0xF4, 0xFF, 0xED, 0xF0, 0xF4, 0xFF,
    0xED, 0xF0, 0xF4, 0xFF, 0xED, 0xF0, 0xF4, 0xFF, 0x77, 0x3E, 0x41, 0xFF,
    0x77, 0x3E, 0x41, 0xFF, 0xED, 0xF0, 0xF4, 0xFF, 0xED, 0xF0, 0xF4, 0xFF,
    0xED, 0xF0, 0xF4, 0xFF, 0xED, 0xF0, 0xF4, 0xFF, 0xED, 0xF0, 0xF4, 0xFF,
    0xED, 0xF0, 0xF4, 0xFF, 0xED, 0xF0, 0xF4, 0xFF, 0xED, 0xF0, 0xF4, 0xFF,
    0xED, 0xF0, 0xF4, 0xFF, 0xAF, 0xB3, 0xB9, 0xFF, 0x2E, 0x34, 0x40, 0xFF,
    0x74, 0x79, 0x82, 0xFF, 0xED, 0xF0, 0xF4, 0xFF, 0xED, 0xF0, 0xF4, 0xFF,
    0xED, 0xF0, 0xF4, 0xFF, 0xED, 0xF0, 0xF4, 0xFF, 0xED, 0xF0, 0xF4, 0xFF,
    0xED, 0xF0, 0xF4, 0xFF, 0xEE, 0xF1, 0xF4, 0xFF, 0xA3, 0xA5, 0xA7, 0x63,
    0x00, 0x00, 0x00, 0x18, 0x00, 0x00, 0x00, 0x07, 0x00, 0x00, 0x00, 0x00,
    0x00, 0x00, 0x00, 0x00, 0x00, 0x00, 0x00, 0x07, 0x00, 0x00, 0x00, 0x18,
    0xA1, 0xA3, 0xA6, 0x62, 0xED, 0xF0, 0xF4, 0xFF, 0xEC, 0xEF, 0xF3, 0xFF,
    0xEC, 0xEF, 0xF3, 0xFF, 0xEC, 0xEF, 0xF3, 0xFF, 0xEC, 0xEF, 0xF3, 0xFF,
    0xEC, 0xEF, 0xF3, 0xFF, 0xEC, 0xEF, 0xF3, 0xFF, 0x65, 0x6A, 0x74, 0xFF,
    0x2E, 0x34, 0x40, 0xFF, 0xBF, 0xC3, 0xC8, 0xFF, 0x89, 0x91, 0xA1, 0xFF,
    0x7E, 0x86, 0x98, 0xFF, 0x94, 0x9B, 0xAB, 0xFF, 0xEC, 0xEF, 0xF3, 0xFF,
    0xEC, 0xEF, 0xF3, 0xFF, 0xEC, 0xEF, 0xF3, 0xFF, 0xEC, 0xEF, 0xF3, 0xFF,
    0xEC, 0xEF, 0xF3, 0xFF, 0xE8, 0xAF, 0xAE, 0xFF, 0xE0, 0x46, 0x3C, 0xFF,
    0xE0, 0x46, 0x3C, 0xFF, 0xB0, 0x78, 0x79, 0xFF, 0xD7, 0xDB, 0xDF, 0xFF,
    0xEC, 0xEF, 0xF3, 0xFF, 0xEC, 0xEF, 0xF3, 0xFF, 0xEC, 0xEF, 0xF3, 0xFF,
    0xEC, 0xEF, 0xF3, 0xFF, 0x94, 0x9B, 0xAB, 0xFF, 0x7E, 0x86, 0x98, 0xFF,
    0x89, 0x91, 0xA1, 0xFF, 0xBF, 0xC3, 0xC8, 0xFF, 0x2E, 0x34, 0x40, 0xFF,
    0x65, 0x6A, 0x74, 0xFF, 0xEC, 0xEF, 0xF3, 0xFF, 0xEC, 0xEF, 0xF3, 0xFF,
    0xEC, 0xEF, 0xF3, 0xFF, 0xEC, 0xEF, 0xF3, 0xFF, 0xEC, 0xEF, 0xF3, 0xFF,
    0xEC, 0xEF, 0xF3, 0xFF, 0xED, 0xF0, 0xF4, 0xFF, 0xA1, 0xA3, 0xA6, 0x62,
    0x00, 0x00, 0x00, 0x18, 0x00, 0x00, 0x00, 0x07, 0x00, 0x00, 0x00, 0x00,
    0x00, 0x00, 0x00, 0x00, 0x00, 0x00, 0x00, 0x07, 0x00, 0x00, 0x00, 0x18,
    0xA0, 0xA2, 0xA4, 0x62, 0xEC, 0xEF, 0xF3, 0xFF, 0xEC, 0xEF, 0xF3, 0xFF,
    0xEC, 0xEF, 0xF3, 0xFF, 0xEC, 0xEF, 0xF3, 0xFF, 0xEC, 0xEF, 0xF3, 0xFF,
    0xEC, 0xEF, 0xF3, 0xFF, 0xEC, 0xEF, 0xF3, 0xFF, 0x65, 0x6A, 0x74, 0xFF,
    0x2E, 0x34, 0x40, 0xFF, 0xBE, 0xC2, 0xC8, 0xFF, 0x89, 0x90, 0xA1, 0xFF,
    0x7E, 0x86, 0x98, 0xFF, 0x94, 0x9B, 0xAA, 0xFF, 0xEC, 0xEF, 0xF3, 0xFF,
    0xEC, 0xEF, 0xF3, 0xFF, 0xEC, 0xEF, 0xF3, 0xFF, 0xEC, 0xEF, 0xF3, 0xFF,
    0xEC, 0xEF, 0xF3, 0xFF, 0xE7, 0xAF, 0xAE, 0xFF, 0xE0, 0x46, 0x3C, 0xFF,
    0xE0, 0x46, 0x3C, 0xFF, 0x71, 0x3B, 0x3E, 0xFF, 0x2E, 0x34, 0x40, 0xFF,
    0x63, 0x68, 0x72, 0xFF, 0xA7, 0xAB, 0xB2, 0xFF, 0xE6, 0xEA, 0xEE, 0xFF,
    0xEC, 0xEF, 0xF3, 0xFF, 0x94, 0x9B, 0xAA, 0xFF, 0x7E, 0x86, 0x98, 0xFF,
    0x89, 0x90, 0xA1, 0xFF, 0xBE, 0xC2, 0xC8, 0xFF, 0x2E, 0x34, 0x40, 0xFF,
    0x65, 0x6A, 0x74, 0xFF, 0xEC, 0xEF, 0xF3, 0xFF, 0xEC, 0xEF, 0xF3, 0xFF,
    0xEC, 0xEF, 0xF3, 0xFF, 0xEC, 0xEF, 0xF3, 0xFF, 0xEC, 0xEF, 0xF3, 0xFF,
    0xEC, 0xEF, 0xF3, 0xFF, 0xEC, 0xEF, 0xF3, 0xFF, 0xA0, 0xA2, 0xA4, 0x62,
    0x00, 0x00, 0x00, 0x18, 0x00, 0x00, 0x00, 0x07, 0x00, 0x00, 0x00, 0x00,
    0x00, 0x00, 0x00, 0x00, 0x00, 0x00, 0x00, 0x07, 0x00, 0x00, 0x00, 0x18,
    0x9E, 0xA0, 0xA3, 0x61, 0xEB, 0xEE, 0xF3, 0xFF, 0xEB, 0xEE, 0xF2, 0xFF,
    0xEB, 0xEE, 0xF2, 0xFF, 0xEB, 0xEE, 0xF2, 0xFF, 0xEB, 0xEE, 0xF2, 0xFF,
    0xEB, 0xEE, 0xF2, 0xFF, 0xEB, 0xEE, 0xF2, 0xFF, 0x74, 0x78, 0x82, 0xFF,
    0x2E, 0x34, 0x40, 0xFF, 0xAD, 0xB2, 0xB8, 0xFF, 0xEB, 0xEE, 0xF2, 0xFF,
    0xEB, 0xEE, 0xF2, 0xFF, 0xEB, 0xEE, 0xF2, 0xFF, 0xEB, 0xEE, 0xF2, 0xFF,
    0xEB, 0xEE, 0xF2, 0xFF, 0xEB, 0xEE, 0xF2, 0xFF, 0xEB, 0xEE, 0xF2, 0xFF,
    0xEB, 0xEE, 0xF2, 0xFF, 0xEB, 0xEE, 0xF2, 0xFF, 0xE7, 0xAC, 0xAB, 0xFF,
    0xCD, 0x93, 0x93, 0xFF, 0x78, 0x7C, 0x85, 0xFF, 0x39, 0x3E, 0x4A, 0xFF,
    0x2E, 0x34, 0x40, 0xFF, 0x2E, 0x34, 0x40, 0xFF, 0x39, 0x3E, 0x4A, 0xFF,
    0xCA, 0xCD, 0xD3, 0xFF, 0xEB, 0xEE, 0xF2, 0xFF, 0xEB, 0xEE, 0xF2, 0xFF,
    0xEB, 0xEE, 0xF2, 0xFF, 0xAD, 0xB2, 0xB8, 0xFF, 0x2E, 0x34, 0x40, 0xFF,
    0x74, 0x78, 0x82, 0xFF, 0xEB, 0xEE, 0xF2, 0xFF, 0xEB, 0xEE, 0xF2, 0xFF,
    0xEB, 0xEE, 0xF2, 0xFF, 0xEB, 0xEE, 0xF2, 0xFF, 0xEB, 0xEE, 0xF2, 0xFF,
    0xEB, 0xEE, 0xF2, 0xFF, 0xEB, 0xEE, 0xF3, 0xFF, 0x9E, 0xA0, 0xA3, 0x61,
    0x00, 0x00, 0x00, 0x18, 0x00, 0x00, 0x00, 0x07, 0x00, 0x00, 0x00, 0x00,
    0x00, 0x00, 0x00, 0x00, 0x00, 0x00, 0x00, 0x07, 0x00, 0x00, 0x00, 0x18,
    0x9D, 0x9F, 0xA2, 0x60, 0xEA, 0xEE, 0xF2, 0xFF, 0xEA, 0xED, 0xF2, 0xFF,
    0xEA, 0xED, 0xF2, 0xFF, 0xEA, 0xED, 0xF2, 0xFF, 0xEA, 0xED, 0xF2, 0xFF,
    0xEA, 0xED, 0xF2, 0xFF, 0xEA, 0xED, 0xF2, 0xFF, 0x91, 0x96, 0x9E, 0xFF,
    0x2E, 0x34, 0x40, 0xFF, 0x87, 0x8C, 0x94, 0xFF, 0xEA, 0xED, 0xF2, 0xFF,
    0xEA, 0xED, 0xF2, 0xFF, 0xEA, 0xED, 0xF2, 0xFF, 0xEA, 0xED, 0xF2, 0xFF,
    0xEA, 0xED, 0xF2, 0xFF, 0xEA, 0xED, 0xF2, 0xFF, 0xEA, 0xED, 0xF2, 0xFF,
    0xEA, 0xED, 0xF2, 0xFF, 0xEA, 0xED, 0xF2, 0xFF, 0xEA, 0xED, 0xF2, 0xFF,
    0xEA, 0xED, 0xF2, 0xFF, 0xEA, 0xED, 0xF2, 0xFF, 0xE5, 0xE8, 0xED, 0xFF,
    0xA6, 0xAB, 0xB2, 0xFF, 0x62, 0x68, 0x72, 0xFF, 0x42, 0x48, 0x53, 0xFF,
    0xE8, 0xEB, 0xF0, 0xFF, 0xEA, 0xED, 0xF2, 0xFF, 0xEA, 0xED, 0xF2, 0xFF,
    0xEA, 0xED, 0xF2, 0xFF, 0x87, 0x8C, 0x94, 0xFF, 0x2E, 0x34, 0x40, 0xFF,
    0x91, 0x96, 0x9E, 0xFF, 0xEA, 0xED, 0xF2, 0xFF, 0xEA, 0xED, 0xF2, 0xFF,
    0xEA, 0xED, 0xF2, 0xFF, 0xEA, 0xED, 0xF2, 0xFF, 0xEA, 0xED, 0xF2, 0xFF,
    0xEA, 0xED, 0xF2, 0xFF, 0xEA, 0xEE, 0xF2, 0xFF, 0x9D, 0x9F, 0xA2, 0x60,
    0x00, 0x00, 0x00, 0x18, 0x00, 0x00, 0x00, 0x07, 0x00, 0x00, 0x00, 0x00,
    0x00, 0x00, 0x00, 0x00, 0x00, 0x00, 0x00, 0x07, 0x00, 0x00, 0x00, 0x18,
    0x9B, 0x9E, 0xA1, 0x60, 0xE9, 0xED, 0xF2, 0xFF, 0xE9, 0xED, 0xF2, 0xFF,
    0xE9, 0xED, 0xF2, 0xFF, 0xE9, 0xED, 0xF2, 0xFF, 0xE9, 0xED, 0xF2, 0xFF,
    0xE9, 0xED, 0xF2, 0xFF, 0xE9, 0xED, 0xF2, 0xFF, 0xBE, 0xC2, 0xC8, 0xFF,
    0x2E, 0x34, 0x40, 0xFF, 0x53, 0x58, 0x63, 0xFF, 0xE9, 0xED, 0xF2, 0xFF,
    0xE9, 0xED, 0xF2, 0xFF, 0xE4, 0xE8, 0xED, 0xFF, 0xE9, 0xED, 0xF2, 0xFF,
    0xE9, 0xED, 0xF2, 0xFF, 0xE9, 0xED, 0xF2, 0xFF, 0xE9, 0xED, 0xF2, 0xFF,
    0xE9, 0xED, 0xF2, 0xFF, 0xE9, 0xED, 0xF2, 0xFF, 0xE9, 0xED, 0xF2, 0xFF,
    0xE9, 0xED, 0xF2, 0xFF, 0xE9, 0xED, 0xF2, 0xFF, 0xE9, 0xED, 0xF2, 0xFF,
    0xE9, 0xED, 0xF2, 0xFF, 0xE9, 0xED, 0xF2, 0xFF, 0xE4, 0xE8, 0xEC, 0xFF,
    0xE9, 0xED, 0xF2, 0xFF, 0xE4, 0xE8, 0xED, 0xFF, 0xE9, 0xED, 0xF2, 0xFF,
    0xE9, 0xED, 0xF2, 0xFF, 0x53, 0x58, 0x63, 0xFF, 0x2E, 0x34, 0x40, 0xFF,
    0xBE, 0xC2, 0xC8, 0xFF, 0xE9, 0xED, 0xF2, 0xFF, 0xE9, 0xED, 0xF2, 0xFF,
    0xE9, 0xED, 0xF2, 0xFF, 0xE9, 0xED, 0xF2, 0xFF, 0xE9, 0xED, 0xF2, 0xFF,
    0xE9, 0xED, 0xF2, 0xFF, 0xE9, 0xED, 0xF2, 0xFF, 0x9B, 0x9E, 0xA1, 0x60,
    0x00, 0x00, 0x00, 0x18, 0x00, 0x00, 0x00, 0x07, 0x00, 0x00, 0x00, 0x00,
    0x00, 0x00, 0x00, 0x00, 0x00, 0x00, 0x00, 0x07, 0x00, 0x00, 0x00, 0x18,
    0x9B, 0x9D, 0xA0, 0x60, 0xE9, 0xEC, 0xF1, 0xFF, 0xE9, 0xEC, 0xF1, 0xFF,
    0xE9, 0xEC, 0xF1, 0xFF, 0xE9, 0xEC, 0xF1, 0xFF, 0xE9, 0xEC, 0xF1, 0xFF,
    0xE9, 0xEC, 0xF1, 0xFF, 0xE9, 0xEC, 0xF1, 0xFF, 0xE6, 0xEA, 0xEF, 0xFF,
    0x44, 0x4A, 0x55, 0xFF, 0x2E, 0x34, 0x40, 0xFF, 0xC1, 0xC6, 0xCC, 0xFF,
    0xA4, 0xAB, 0xB8, 0xFF, 0x82, 0x8A, 0x9C, 0xFF, 0xE9, 0xEC, 0xF1, 0xFF,
    0xE9, 0xEC, 0xF1, 0xFF, 0xE9, 0xEC, 0xF1, 0xFF, 0xE9, 0xEC, 0xF1, 0xFF,
    0xE9, 0xEC, 0xF1, 0xFF, 0xE9, 0xEC, 0xF1, 0xFF, 0xE9, 0xEC, 0xF1, 0xFF,
    0xE9, 0xEC, 0xF1, 0xFF, 0xE9, 0xEC, 0xF1, 0xFF, 0xE9, 0xEC, 0xF1, 0xFF,
    0xE9, 0xEC, 0xF1, 0xFF, 0xE9, 0xEC, 0xF1, 0xFF, 0xE9, 0xEC, 0xF1, 0xFF,
    0xE9, 0xEC, 0xF1, 0xFF, 0x82, 0x8A, 0x9C, 0xFF, 0xA4, 0xAB, 0xB8, 0xFF,
    0xC1, 0xC6, 0xCC, 0xFF, 0x2E, 0x34, 0x40, 0xFF, 0x44, 0x4A, 0x55, 0xFF,
    0xE6, 0xEA, 0xEF, 0xFF, 0xE9, 0xEC, 0xF1, 0xFF, 0xE9, 0xEC, 0xF1, 0xFF,
    0xE9, 0xEC, 0xF1, 0xFF, 0xE9, 0xEC, 0xF1, 0xFF, 0xE9, 0xEC, 0xF1, 0xFF,
    0xE9, 0xEC, 0xF1, 0xFF, 0xE9, 0xEC, 0xF1, 0xFF, 0x9B, 0x9D, 0xA0, 0x60,
    0x00, 0x00, 0x00, 0x18, 0x00, 0x00, 0x00, 0x07, 0x00, 0x00, 0x00, 0x00,
    0x00, 0x00, 0x00, 0x00, 0x00, 0x00, 0x00, 0x07, 0x00, 0x00, 0x00, 0x18,
    0x9A, 0x9D, 0xA0, 0x60, 0xE8, 0xEC, 0xF1, 0xFF, 0xE8, 0xEC, 0xF1, 0xFF,
    0xE8, 0xEC, 0xF1, 0xFF, 0xE8, 0xEC, 0xF1, 0xFF, 0xE8, 0xEC, 0xF1, 0xFF,
    0xE8, 0xEC, 0xF1, 0xFF, 0xE8, 0xEC, 0xF1, 0xFF, 0xE8, 0xEC, 0xF1, 0xFF,
    0x90, 0x94, 0x9D, 0xFF, 0x2E, 0x34, 0x40, 0xFF, 0x5E, 0x63, 0x6D, 0xFF,
    0xD7, 0xDB, 0xE3, 0xFF, 0xE7, 0xEB, 0xF0, 0xFF, 0xE8, 0xEC, 0xF1, 0xFF,
    0xE8, 0xEC, 0xF1, 0xFF, 0xE8, 0xEC, 0xF1, 0xFF, 0xE8, 0xEC, 0xF1, 0xFF,
    0xE8, 0xEC, 0xF1, 0xFF, 0xE8, 0xEC, 0xF1, 0xFF, 0xE8, 0xEC, 0xF1, 0xFF,
    0xE8, 0xEC, 0xF1, 0xFF, 0xE8, 0xEC, 0xF1, 0xFF, 0xE8, 0xEC, 0xF1, 0xFF,
    0xE8, 0xEC, 0xF1, 0xFF, 0xE8, 0xEC, 0xF1, 0xFF, 0xE8, 0xEC, 0xF1, 0xFF,
    0xE8, 0xEC, 0xF1, 0xFF, 0xE7, 0xEB, 0xF0, 0xFF, 0xD7, 0xDB, 0xE3, 0xFF,
    0x5E, 0x63, 0x6D, 0xFF, 0x2E, 0x34, 0x40, 0xFF, 0x90, 0x94, 0x9D, 0xFF,
    0xE8, 0xEC, 0xF1, 0xFF, 0xE8, 0xEC, 0xF1, 0xFF, 0xE8, 0xEC, 0xF1, 0xFF,
    0xE8, 0xEC, 0xF1, 0xFF, 0xE8, 0xEC, 0xF1, 0xFF, 0xE8, 0xEC, 0xF1, 0xFF,
    0xE8, 0xEC, 0xF1, 0xFF, 0xE8, 0xEC, 0xF1, 0xFF, 0x9A, 0x9D, 0xA0, 0x60,
    0x00, 0x00, 0x00, 0x18, 0x00, 0x00, 0x00, 0x07, 0x00, 0x00, 0x00, 0x00,
    0x00, 0x00, 0x00, 0x00, 0x00, 0x00, 0x00, 0x07, 0x00, 0x00, 0x00, 0x18,
    0x9A, 0x9C, 0xA0, 0x60, 0xE7, 0xEB, 0xF0, 0xFF, 0xE7, 0xEB, 0xF0, 0xFF,
    0xE7, 0xEB, 0xF0, 0xFF, 0xE7, 0xEB, 0xF0, 0xFF, 0xE7, 0xEB, 0xF0, 0xFF,
    0xE7, 0xEB, 0xF0, 0xFF, 0xE7, 0xEB, 0xF0, 0xFF, 0xE7, 0xEB, 0xF0, 0xFF,
    0xE0, 0xE4, 0xE9, 0xFF, 0x43, 0x49, 0x54, 0xFF, 0x2E, 0x34, 0x40, 0xFF,
    0x9C, 0xA1, 0xA9, 0xFF, 0xE7, 0xEB, 0xF0, 0xFF, 0xE7, 0xEB, 0xF0, 0xFF,
    0xE7, 0xEB, 0xF0, 0xFF, 0xE7, 0xEB, 0xF0, 0xFF, 0xE7, 0xEB, 0xF0, 0xFF,
    0xE7, 0xEB, 0xF0, 0xFF, 0xE7, 0xEB, 0xF0, 0xFF, 0xE7, 0xEB, 0xF0, 0xFF,
    0xE7, 0xEB, 0xF0, 0xFF, 0xE7, 0xEB, 0xF0, 0xFF, 0xE7, 0xEB, 0xF0, 0xFF,
    0xE7, 0xEB, 0xF0, 0xFF, 0xE7, 0xEB, 0xF0, 0xFF, 0xE7, 0xEB, 0xF0, 0xFF,
    0xE7, 0xEB, 0xF0, 0xFF, 0xE7, 0xEB, 0xF0, 0xFF, 0x9C, 0xA1, 0xA9, 0xFF,
    0x2E, 0x34, 0x40, 0xFF, 0x43, 0x49, 0x54, 0xFF, 0xE0, 0xE4, 0xE9, 0xFF,
    0xE7, 0xEB, 0xF0, 0xFF, 0xE7, 0xEB, 0xF0, 0xFF, 0xE7, 0xEB, 0xF0, 0xFF,
    0xE7, 0xEB, 0xF0, 0xFF, 0xE7, 0xEB, 0xF0, 0xFF, 0xE7, 0xEB, 0xF0, 0xFF,
    0xE7, 0xEB, 0xF0, 0xFF, 0xE7, 0xEB, 0xF0, 0xFF, 0x9A, 0x9C, 0xA0, 0x60,
    0x00, 0x00, 0x00, 0x18, 0x00, 0x00, 0x00, 0x07, 0x00, 0x00, 0x00, 0x00,
    0x00, 0x00, 0x00, 0x00, 0x00, 0x00, 0x00, 0x07, 0x00, 0x00, 0x00, 0x18,
    0x99, 0x9C, 0x9F, 0x60, 0xE7, 0xEA, 0xF0, 0xFF, 0xE7, 0xEA, 0xF0, 0xFF,
    0xE7, 0xEA, 0xF0, 0xFF, 0xE7, 0xEA, 0xF0, 0xFF, 0xE7, 0xEA, 0xF0, 0xFF,
    0xE7, 0xEA, 0xF0, 0xFF, 0xE7, 0xEA, 0xF0, 0xFF, 0xE7, 0xEA, 0xF0, 0xFF,
    0xE7, 0xEA, 0xF0, 0xFF, 0xB2, 0xB7, 0xBE, 0xFF, 0x2E, 0x34, 0x40, 0xFF,
    0x31, 0x37, 0x43, 0xFF, 0xB2, 0xB7, 0xBE, 0xFF, 0xE7, 0xEA, 0xF0, 0xFF,
    0xE4, 0xE8, 0xEE, 0xFF, 0x83, 0x8B, 0x9D, 0xFF, 0xE2, 0xE6, 0xEC, 0xFF,
    0xE7, 0xEA, 0xF0, 0xFF, 0xE7, 0xEA, 0xF0, 0xFF, 0x97, 0x9E, 0xAD, 0xFF,
    0x97, 0x9E, 0xAD, 0xFF, 0xE7, 0xEA, 0xF0, 0xFF, 0xE7, 0xEA, 0xF0, 0xFF,
    0xE2, 0xE6, 0xEC, 0xFF, 0x83, 0x8B, 0x9D, 0xFF, 0xE4, 0xE8, 0xEE, 0xFF,
    0xE7, 0xEA, 0xF0, 0xFF, 0xB2, 0xB7, 0xBE, 0xFF, 0x31, 0x37, 0x43, 0xFF,
    0x2E, 0x34, 0x40, 0xFF, 0xB2, 0xB7, 0xBE, 0xFF, 0xE7, 0xEA, 0xF0, 0xFF,
    0xE7, 0xEA, 0xF0, 0xFF, 0xE7, 0xEA, 0xF0, 0xFF, 0xE7, 0xEA, 0xF0, 0xFF,
    0xE7, 0xEA, 0xF0, 0xFF, 0xE7, 0xEA, 0xF0, 0xFF, 0xE7, 0xEA, 0xF0, 0xFF,
    0xE7, 0xEA, 0xF0, 0xFF, 0xE7, 0xEA, 0xF0, 0xFF, 0x99, 0x9C, 0x9F, 0x60,
    0x00, 0x00, 0x00, 0x18, 0x00, 0x00, 0x00, 0x07, 0x00, 0x00, 0x00, 0x00,
    0x00, 0x00, 0x00, 0x00, 0x00, 0x00, 0x00, 0x07, 0x00, 0x00, 0x00, 0x18,
    0x99, 0x9C, 0x9F, 0x60, 0xE6, 0xEA, 0xEF, 0xFF, 0xE6, 0xEA, 0xEF, 0xFF,
    0xE6, 0xEA, 0xEF, 0xFF, 0xE6, 0xEA, 0xEF, 0xFF, 0xE6, 0xEA, 0xEF, 0xFF,
    0xE6, 0xEA, 0xEF, 0xFF, 0xE6, 0xEA, 0xEF, 0xFF, 0xE6, 0xEA, 0xEF, 0xFF,
    0xE6, 0xEA, 0xEF, 0xFF, 0xE6, 0xEA, 0xEF, 0xFF, 0x92, 0x97, 0x9F, 0xFF,
    0x2E, 0x34, 0x40, 0xFF, 0x31, 0x37, 0x43, 0xFF, 0x9B, 0xA0, 0xA8, 0xFF,
    0xD4, 0xD9, 0xE0, 0xFF, 0xA2, 0xA9, 0xB7, 0xFF, 0xE6, 0xEA, 0xEF, 0xFF,
    0xE6, 0xEA, 0xEF, 0xFF, 0xE6, 0xEA, 0xEF, 0xFF, 0x7C, 0x85, 0x97, 0xFF,
    0x7C, 0x85, 0x97, 0xFF, 0xE6, 0xEA, 0xEF, 0xFF, 0xE6, 0xEA, 0xEF, 0xFF,
    0xE6, 0xEA, 0xEF, 0xFF, 0xA2, 0xA9, 0xB7, 0xFF, 0xD4, 0xD9, 0xE0, 0xFF,
    0x9B, 0xA0, 0xA8, 0xFF, 0x31, 0x37, 0x43, 0xFF, 0x2E, 0x34, 0x40, 0xFF,
    0x92, 0x97, 0x9F, 0xFF, 0xE6, 0xEA, 0xEF, 0xFF, 0xE6, 0xEA, 0xEF, 0xFF,
    0xE6, 0xEA, 0xEF, 0xFF, 0xE6, 0xEA, 0xEF, 0xFF, 0xE6, 0xEA, 0xEF, 0xFF,
    0xE6, 0xEA, 0xEF, 0xFF, 0xE6, 0xEA, 0xEF, 0xFF, 0xE6, 0xEA, 0xEF, 0xFF,
    0xE6, 0xEA, 0xEF, 0xFF, 0xE6, 0xEA, 0xEF, 0xFF, 0x99, 0x9C, 0x9F, 0x60,
    0x00, 0x00, 0x00, 0x18, 0x00, 0x00, 0x00, 0x07, 0x00, 0x00, 0x00, 0x00,
    0x00, 0x00, 0x00, 0x00, 0x00, 0x00, 0x00, 0x07, 0x00, 0x00, 0x00, 0x18,
    0x98, 0x9B, 0x9F, 0x60, 0xE5, 0xE9, 0xEF, 0xFF, 0xE5, 0xE9, 0xEF, 0xFF,
    0xE5, 0xE9, 0xEF, 0xFF, 0xE5, 0xE9, 0xEF, 0xFF, 0xE5, 0xE9, 0xEF, 0xFF,
    0xE5, 0xE9, 0xEF, 0xFF, 0xE5, 0xE9, 0xEF, 0xFF, 0xE5, 0xE9, 0xEF, 0xFF,
    0xE5, 0xE9, 0xEF, 0xFF, 0xE5, 0xE9, 0xEF, 0xFF, 0xE5, 0xE9, 0xEF, 0xFF,
    0x93, 0x98, 0xA0, 0xFF, 0x2E, 0x34, 0x40, 0xFF, 0x2E, 0x34, 0x40, 0xFF,
    0x5D, 0x62, 0x6D, 0xFF, 0xC0, 0xC5, 0xCB, 0xFF, 0xE5, 0xE9, 0xEF, 0xFF,
    0xE5, 0xE9, 0xEF, 0xFF, 0xE5, 0xE9, 0xEF, 0xFF, 0x7C, 0x85, 0x97, 0xFF,
    0x7C, 0x85, 0x97, 0xFF, 0xE5, 0xE9, 0xEF, 0xFF, 0xE5, 0xE9, 0xEF, 0xFF,
    0xE5, 0xE9, 0xEF, 0xFF, 0xC0, 0xC5, 0xCB, 0xFF, 0x5D, 0x62, 0x6D, 0xFF,
    0x2E, 0x34, 0x40, 0xFF, 0x2E, 0x34, 0x40, 0xFF, 0x93, 0x98, 0xA0, 0xFF,
    0xE5, 0xE9, 0xEF, 0xFF, 0xE5, 0xE9, 0xEF, 0xFF, 0xE5, 0xE9, 0xEF, 0xFF,
    0xE5, 0xE9, 0xEF, 0xFF, 0xE5, 0xE9, 0xEF, 0xFF, 0xE5, 0xE9, 0xEF, 0xFF,
    0xE5, 0xE9, 0xEF, 0xFF, 0xE5, 0xE9, 0xEF, 0xFF, 0xE5, 0xE9, 0xEF, 0xFF,
    0xE5, 0xE9, 0xEF, 0xFF, 0xE5, 0xE9, 0xEF, 0xFF, 0x98, 0x9B, 0x9F, 0x60,
    0x00, 0x00, 0x00, 0x18, 0x00, 0x00, 0x00, 0x07, 0x00, 0x00, 0x00, 0x00,
    0x00, 0x00, 0x00, 0x00, 0x00, 0x00, 0x00, 0x07, 0x00, 0x00, 0x00, 0x18,
    0x91, 0x94, 0x97, 0x5B, 0xE4, 0xE9, 0xEE, 0xFF, 0xE4, 0xE9, 0xEE, 0xFF,
    0xE4, 0xE9, 0xEE, 0xFF, 0xE4, 0xE9, 0xEE, 0xFF, 0xE4, 0xE9, 0xEE, 0xFF,
    0xE4, 0xE9, 0xEE, 0xFF, 0xE4, 0xE9, 0xEE, 0xFF, 0xE4, 0xE9, 0xEE, 0xFF,
    0xE4, 0xE9, 0xEE, 0xFF, 0xE4, 0xE9, 0xEE, 0xFF, 0xE4, 0xE9, 0xEE, 0xFF,
    0xE4, 0xE9, 0xEE, 0xFF, 0xB2, 0xB6, 0xBE, 0xFF, 0x42, 0x47, 0x53, 0xFF,
    0x2E, 0x34, 0x40, 0xFF, 0x2E, 0x34, 0x40, 0xFF, 0x4E, 0x53, 0x5E, 0xFF,
    0x85, 0x8A, 0x93, 0xFF, 0xB1, 0xB5, 0xBD, 0xFF, 0xB7, 0xBB, 0xC3, 0xFF,
    0xB7, 0xBB, 0xC3, 0xFF, 0xB1, 0xB5, 0xBD, 0xFF, 0x85, 0x8A, 0x93, 0xFF,
    0x4E, 0x53, 0x5E, 0xFF, 0x2E, 0x34, 0x40, 0xFF, 0x2E, 0x34, 0x40, 0xFF,
    0x42, 0x47, 0x53, 0xFF, 0xB2, 0xB6, 0xBE, 0xFF, 0xE4, 0xE9, 0xEE, 0xFF,
    0xE4, 0xE9, 0xEE, 0xFF, 0xE4, 0xE9, 0xEE, 0xFF, 0xE4, 0xE9, 0xEE, 0xFF,
    0xE4, 0xE9, 0xEE, 0xFF, 0xE4, 0xE9, 0xEE, 0xFF, 0xE4, 0xE9, 0xEE, 0xFF,
    0xE4, 0xE9, 0xEE, 0xFF, 0xE4, 0xE9, 0xEE, 0xFF, 0xE4, 0xE9, 0xEE, 0xFF,
    0xE4, 0xE9, 0xEE, 0xFF, 0xE4, 0xE9, 0xEE, 0xFF, 0x91, 0x94, 0x97, 0x5B,
    0x00, 0x00, 0x00, 0x18, 0x00, 0x00, 0x00, 0x07, 0x00, 0x00, 0x00, 0x00,
    0x00, 0x00, 0x00, 0x00, 0x00, 0x00, 0x00, 0x07, 0x00, 0x00, 0x00, 0x18,
    0x6C, 0x6E, 0x71, 0x47, 0xE4, 0xE8, 0xEE, 0xFF, 0xE4, 0xE8, 0xEE, 0xFF,
    0xE4, 0xE8, 0xEE, 0xFF, 0xE4, 0xE8, 0xEE, 0xFF, 0xE4, 0xE8, 0xEE, 0xFF,
    0xE4, 0xE8, 0xEE, 0xFF, 0xE4, 0xE8, 0xEE, 0xFF, 0xE4, 0xE8, 0xEE, 0xFF,
    0xE4, 0xE8, 0xEE, 0xFF, 0xE4, 0xE8, 0xEE, 0xFF, 0xE4, 0xE8, 0xEE, 0xFF,
    0xE4, 0xE8, 0xEE, 0xFF, 0xE4, 0xE8, 0xEE, 0xFF, 0xDC, 0xE0, 0xE6, 0xFF,
    0x8D, 0x92, 0x9B, 0xFF, 0x43, 0x48, 0x54, 0xFF, 0x2E, 0x34, 0x40, 0xFF,
    0x2E, 0x34, 0x40, 0xFF, 0x2E, 0x34, 0x40, 0xFF, 0x2E, 0x34, 0x40, 0xFF,
    0x2E, 0x34, 0x40, 0xFF, 0x2E, 0x34, 0x40, 0xFF, 0x2E, 0x34, 0x40, 0xFF,
    0x2E, 0x34, 0x40, 0xFF, 0x43, 0x48, 0x54, 0xFF, 0x8D, 0x92, 0x9B, 0xFF,
    0xDC, 0xE0, 0xE6, 0xFF, 0xE4, 0xE8, 0xEE, 0xFF, 0xE4, 0xE8, 0xEE, 0xFF,
    0xE4, 0xE8, 0xEE, 0xFF, 0xE4, 0xE8, 0xEE, 0xFF, 0xE4, 0xE8, 0xEE, 0xFF,
    0xE4, 0xE8, 0xEE, 0xFF, 0xE4, 0xE8, 0xEE, 0xFF, 0xE4, 0xE8, 0xEE, 0xFF,
    0xE4, 0xE8, 0xEE, 0xFF, 0xE4, 0xE8, 0xEE, 0xFF, 0xE4, 0xE8, 0xEE, 0xFF,
    0xE4, 0xE8, 0xEE, 0xFF, 0xE4, 0xE8, 0xEE, 0xFF, 0x6C, 0x6E, 0x71, 0x47,
    0x00, 0x00, 0x00, 0x18, 0x00, 0x00, 0x00, 0x07, 0x00, 0x00, 0x00, 0x00,
    0x00, 0x00, 0x00, 0x00, 0x00, 0x00, 0x00, 0x07, 0x00, 0x00, 0x00, 0x18,
    0x05, 0x05, 0x05, 0x2B, 0xDF, 0xE3, 0xE9, 0xEF, 0xE3, 0xE7, 0xED, 0xFF,
    0xE3, 0xE7, 0xED, 0xFF, 0xE3, 0xE7, 0xED, 0xFF, 0xE3, 0xE7, 0xED, 0xFF,
    0xE3, 0xE7, 0xED, 0xFF, 0xE3, 0xE7, 0xED, 0xFF, 0xE3, 0xE7, 0xED, 0xFF,
    0xE3, 0xE7, 0xED, 0xFF, 0xE3, 0xE7, 0xED, 0xFF, 0xE3, 0xE7, 0xED, 0xFF,
    0xE3, 0xE7, 0xED, 0xFF, 0xE3, 0xE7, 0xED, 0xFF, 0xE3, 0xE7, 0xED, 0xFF,
    0xE3, 0xE7, 0xED, 0xFF, 0xE3, 0xE7, 0xED, 0xFF, 0xB8, 0xBD, 0xC4, 0xFF,
    0x8D, 0x92, 0x9B, 0xFF, 0x6E, 0x73, 0x7D, 0xFF, 0x5B, 0x61, 0x6B, 0xFF,
    0x5B, 0x61, 0x6B, 0xFF, 0x6E, 0x73, 0x7D, 0xFF, 0x8D, 0x92, 0x9B, 0xFF,
    0xB8, 0xBD, 0xC4, 0xFF, 0xE3, 0xE7, 0xED, 0xFF, 0xE3, 0xE7, 0xED, 0xFF,
    0xE3, 0xE7, 0xED, 0xFF, 0xE3, 0xE7, 0xED, 0xFF, 0xE3, 0xE7, 0xED, 0xFF,
    0xE3, 0xE7, 0xED, 0xFF, 0xE3, 0xE7, 0xED, 0xFF, 0xE3, 0xE7, 0xED, 0xFF,
    0xE3, 0xE7, 0xED, 0xFF, 0xE3, 0xE7, 0xED, 0xFF, 0xE3, 0xE7, 0xED, 0xFF,
    0xE3, 0xE7, 0xED, 0xFF, 0xE3, 0xE7, 0xED, 0xFF, 0xE3, 0xE7, 0xED, 0xFF,
    0xE3, 0xE7, 0xED, 0xFF, 0xDF, 0xE3, 0xE9, 0xEF, 0x05, 0x05, 0x05, 0x2B,
    0x00, 0x00, 0x00, 0x18, 0x00, 0x00, 0x00, 0x07, 0x00, 0x00, 0x00, 0x00,
    0x00, 0x00, 0x00, 0x00, 0x00, 0x00, 0x00, 0x07, 0x00, 0x00, 0x00, 0x17,
    0x00, 0x00, 0x00, 0x27, 0xC8, 0xCC, 0xD1, 0xAE, 0xE2, 0xE7, 0xED, 0xFF,
    0xE2, 0xE7, 0xED, 0xFF, 0xE2, 0xE7, 0xED, 0xFF, 0xE2, 0xE7, 0xED, 0xFF,
    0xE2, 0xE7, 0xED, 0xFF, 0xE2, 0xE7, 0xED, 0xFF, 0xE2, 0xE7, 0xED, 0xFF,
    0xE2, 0xE7, 0xED, 0xFF, 0xE2, 0xE7, 0xED, 0xFF, 0xE2, 0xE7, 0xED, 0xFF,
    0xE2, 0xE7, 0xED, 0xFF, 0xE2, 0xE7, 0xED, 0xFF, 0xE2, 0xE7, 0xED, 0xFF,
    0xE2, 0xE7, 0xED, 0xFF, 0xE2, 0xE7, 0xED, 0xFF, 0xE2, 0xE7, 0xED, 0xFF,
    0xE2, 0xE7, 0xED, 0xFF, 0xE2, 0xE7, 0xED, 0xFF, 0xE2, 0xE7, 0xED, 0xFF,
    0xE2, 0xE7, 0xED, 0xFF, 0xE2, 0xE7, 0xED, 0xFF, 0xE2, 0xE7, 0xED, 0xFF,
    0xE2, 0xE7, 0xED, 0xFF, 0xE2, 0xE7, 0xED, 0xFF, 0xE2, 0xE7, 0xED, 0xFF,
    0xE2, 0xE7, 0xED, 0xFF, 0xE2, 0xE7, 0xED, 0xFF, 0xE2, 0xE7, 0xED, 0xFF,
    0xE2, 0xE7, 0xED, 0xFF, 0xE2, 0xE7, 0xED, 0xFF, 0xE2, 0xE7, 0xED, 0xFF,
    0xE2, 0xE7, 0xED, 0xFF, 0xE2, 0xE7, 0xED, 0xFF, 0xE2, 0xE7, 0xED, 0xFF,
    0xE2, 0xE7, 0xED, 0xFF, 0xE2, 0xE7, 0xED, 0xFF, 0xE2, 0xE7, 0xED, 0xFF,
    0xE2, 0xE7, 0xED, 0xFF, 0xC8, 0xCC, 0xD1, 0xAE, 0x00, 0x00, 0x00, 0x27,
    0x00, 0x00, 0x00, 0x17, 0x00, 0x00, 0x00, 0x07, 0x00, 0x00, 0x00, 0x00,
    0x00, 0x00, 0x00, 0x00, 0x00, 0x00, 0x00, 0x06, 0x00, 0x00, 0x00, 0x16,
    0x00, 0x00, 0x00, 0x24, 0x6F, 0x71, 0x74, 0x51, 0xE1, 0xE6, 0xEC, 0xFD,
    0xE2, 0xE6, 0xEC, 0xFF, 0xE2, 0xE6, 0xEC, 0xFF, 0xE2, 0xE6, 0xEC, 0xFF,
    0xE2, 0xE6, 0xEC, 0xFF, 0xE2, 0xE6, 0xEC, 0xFF, 0xE2, 0xE6, 0xEC, 0xFF,
    0xE2, 0xE6, 0xEC, 0xFF, 0xE2, 0xE6, 0xEC, 0xFF, 0xE2, 0xE6, 0xEC, 0xFF,
    0xE2, 0xE6, 0xEC, 0xFF, 0xE2, 0xE6, 0xEC, 0xFF, 0xE2, 0xE6, 0xEC, 0xFF,
    0xE2, 0xE6, 0xEC, 0xFF, 0xE2, 0xE6, 0xEC, 0xFF, 0xE2, 0xE6, 0xEC, 0xFF,
    0xE2, 0xE6, 0xEC, 0xFF, 0xE2, 0xE6, 0xEC, 0xFF, 0xE2, 0xE6, 0xEC, 0xFF,
    0xE2, 0xE6, 0xEC, 0xFF, 0xE2, 0xE6, 0xEC, 0xFF, 0xE2, 0xE6, 0xEC, 0xFF,
    0xE2, 0xE6, 0xEC, 0xFF, 0xE2, 0xE6, 0xEC, 0xFF, 0xE2, 0xE6, 0xEC, 0xFF,
    0xE2, 0xE6, 0xEC, 0xFF, 0xE2, 0xE6, 0xEC, 0xFF, 0xE2, 0xE6, 0xEC, 0xFF,
    0xE2, 0xE6, 0xEC, 0xFF, 0xE2, 0xE6, 0xEC, 0xFF, 0xE2, 0xE6, 0xEC, 0xFF,
    0xE2, 0xE6, 0xEC, 0xFF, 0xE2, 0xE6, 0xEC, 0xFF, 0xE2, 0xE6, 0xEC, 0xFF,
    0xE2, 0xE6, 0xEC, 0xFF, 0xE2, 0xE6, 0xEC, 0xFF, 0xE2, 0xE6, 0xEC, 0xFF,
    0xE1, 0xE6, 0xEC, 0xFD, 0x6F, 0x71, 0x74, 0x51, 0x00, 0x00, 0x00, 0x24,
    0x00, 0x00, 0x00, 0x16, 0x00, 0x00, 0x00, 0x06, 0x00, 0x00, 0x00, 0x00,
    0x00, 0x00, 0x00, 0x00, 0x00, 0x00, 0x00, 0x04, 0x00, 0x00, 0x00, 0x13,
    0x00, 0x00, 0x00, 0x21, 0x00, 0x00, 0x00, 0x2C, 0xBF, 0xC3, 0xC8, 0xA0,
    0xE1, 0xE5, 0xEC, 0xFF, 0xE1, 0xE5, 0xEC, 0xFF, 0xE1, 0xE5, 0xEC, 0xFF,
    0xE1, 0xE5, 0xEC, 0xFF, 0xE1, 0xE5, 0xEC, 0xFF, 0xE1, 0xE5, 0xEC, 0xFF,
    0xE1, 0xE5, 0xEC, 0xFF, 0xE1, 0xE5, 0xEC, 0xFF, 0xE1, 0xE5, 0xEC, 0xFF,
    0xE1, 0xE5, 0xEC, 0xFF, 0xE1, 0xE5, 0xEC, 0xFF, 0xE1, 0xE5, 0xEC, 0xFF,
    0xE1, 0xE5, 0xEC, 0xFF, 0xE1, 0xE5, 0xEC, 0xFF, 0xE1, 0xE5, 0xEC, 0xFF,
    0xE1, 0xE5, 0xEC, 0xFF, 0xE1, 0xE5, 0xEC, 0xFF, 0xE1, 0xE5, 0xEC, 0xFF,
    0xE1, 0xE5, 0xEC, 0xFF, 0xE1, 0xE5, 0xEC, 0xFF, 0xE1, 0xE5, 0xEC, 0xFF,
    0xE1, 0xE5, 0xEC, 0xFF, 0xE1, 0xE5, 0xEC, 0xFF, 0xE1, 0xE5, 0xEC, 0xFF,
    0xE1, 0xE5, 0xEC, 0xFF, 0xE1, 0xE5, 0xEC, 0xFF, 0xE1, 0xE5, 0xEC, 0xFF,
    0xE1, 0xE5, 0xEC, 0xFF, 0xE1, 0xE5, 0xEC, 0xFF, 0xE1, 0xE5, 0xEC, 0xFF,
    0xE1, 0xE5, 0xEC, 0xFF, 0xE1, 0xE5, 0xEC, 0xFF, 0xE1, 0xE5, 0xEC, 0xFF,
    0xE1, 0xE5, 0xEC, 0xFF, 0xE1, 0xE5, 0xEC, 0xFF, 0xE1, 0xE5, 0xEC, 0xFF,
    0xBF, 0xC3, 0xC8, 0xA0, 0x00, 0x00, 0x00, 0x2C, 0x00, 0x00, 0x00, 0x21,
    0x00, 0x00, 0x00, 0x13, 0x00, 0x00, 0x00, 0x04, 0x00, 0x00, 0x00, 0x00,
    0x00, 0x00, 0x00, 0x00, 0x00, 0x00, 0x00, 0x01, 0x00, 0x00, 0x00, 0x0F,
    0x00, 0x00, 0x00, 0x1C, 0x00, 0x00, 0x00, 0x27, 0x0F, 0x0F, 0x10, 0x35,
    0xCF, 0xD3, 0xD9, 0xC3, 0xE0, 0xE5, 0xEB, 0xFF, 0xE0, 0xE5, 0xEB, 0xFF,
    0xE0, 0xE5, 0xEB, 0xFF, 0xE0, 0xE5, 0xEB, 0xFF, 0xE0, 0xE5, 0xEB, 0xFF,
    0xE0, 0xE5, 0xEB, 0xFF, 0xE0, 0xE5, 0xEB, 0xFF, 0xE0, 0xE5, 0xEB, 0xFF,
    0xE0, 0xE5, 0xEB, 0xFF, 0xE0, 0xE5, 0xEB, 0xFF, 0xE0, 0xE5, 0xEB, 0xFF,
    0xE0, 0xE5, 0xEB, 0xFF, 0xE0, 0xE5, 0xEB, 0xFF, 0xE0, 0xE5, 0xEB, 0xFF,
    0xE0, 0xE5, 0xEB, 0xFF, 0xE0, 0xE5, 0xEB, 0xFF, 0xE0, 0xE5, 0xEB, 0xFF,
    0xE0, 0xE5, 0xEB, 0xFF, 0xE0, 0xE5, 0xEB, 0xFF, 0xE0, 0xE5, 0xEB, 0xFF,
    0xE0, 0xE5, 0xEB, 0xFF, 0xE0, 0xE5, 0xEB, 0xFF, 0xE0, 0xE5, 0xEB, 0xFF,
    0xE0, 0xE5, 0xEB, 0xFF, 0xE0, 0xE5, 0xEB, 0xFF, 0xE0, 0xE5, 0xEB, 0xFF,
    0xE0, 0xE5, 0xEB, 0xFF, 0xE0, 0xE5, 0xEB, 0xFF, 0xE0, 0xE5, 0xEB, 0xFF,
    0xE0, 0xE5, 0xEB, 0xFF, 0xE0, 0xE5, 0xEB, 0xFF, 0xE0, 0xE5, 0xEB, 0xFF,
    0xE0, 0xE5, 0xEB, 0xFF, 0xE0, 0xE5, 0xEB, 0xFF, 0xCF, 0xD3, 0xD9, 0xC3,
    0x0F, 0x0F, 0x10, 0x35, 0x00, 0x00, 0x00, 0x27, 0x00, 0x00, 0x00, 0x1C,
    0x00, 0x00, 0x00, 0x0F, 0x00, 0x00, 0x00, 0x01, 0x00, 0x00, 0x00, 0x00,
    0x00, 0x00, 0x00, 0x00, 0x00, 0x00, 0x00, 0x00, 0x00, 0x00, 0x00, 0x0A,
    0x00, 0x00, 0x00, 0x16, 0x00, 0x00, 0x00, 0x21, 0x00, 0x00, 0x00, 0x2A,
    0x15, 0x15, 0x16, 0x37, 0xC5, 0xC9, 0xCF, 0xAE, 0xDF, 0xE4, 0xEB, 0xFF,
    0xDF, 0xE4, 0xEB, 0xFF, 0xDF, 0xE4, 0xEB, 0xFF, 0xDF, 0xE4, 0xEB, 0xFF,
    0xDF, 0xE4, 0xEB, 0xFF, 0xDF, 0xE4, 0xEB, 0xFF, 0xDF, 0xE4, 0xEB, 0xFF,
    0xDF, 0xE4, 0xEB, 0xFF, 0xDF, 0xE4, 0xEB, 0xFF, 0xDF, 0xE4, 0xEB, 0xFF,
    0xDF, 0xE4, 0xEB, 0xFF, 0xDF, 0xE4, 0xEB, 0xFF, 0xDF, 0xE4, 0xEB, 0xFF,
    0xDF, 0xE4, 0xEB, 0xFF, 0xDF, 0xE4, 0xEB, 0xFF, 0xDF, 0xE4, 0xEB, 0xFF,
    0xDF, 0xE4, 0xEB, 0xFF, 0xDF, 0xE4, 0xEB, 0xFF, 0xDF, 0xE4, 0xEB, 0xFF,
    0xDF, 0xE4, 0xEB, 0xFF, 0xDF, 0xE4, 0xEB, 0xFF, 0xDF, 0xE4, 0xEB, 0xFF,
    0xDF, 0xE4, 0xEB, 0xFF, 0xDF, 0xE4, 0xEB, 0xFF, 0xDF, 0xE4, 0xEB, 0xFF,
    0xDF, 0xE4, 0xEB, 0xFF, 0xDF, 0xE4, 0xEB, 0xFF, 0xDF, 0xE4, 0xEB, 0xFF,
    0xDF, 0xE4, 0xEB, 0xFF, 0xDF, 0xE4, 0xEB, 0xFF, 0xDF, 0xE4, 0xEB, 0xFF,
    0xDF, 0xE4, 0xEB, 0xFF, 0xC5, 0xC9, 0xCF, 0xAE, 0x15, 0x15, 0x16, 0x37,
    0x00, 0x00, 0x00, 0x2A, 0x00, 0x00, 0x00, 0x21, 0x00, 0x00, 0x00, 0x16,
    0x00, 0x00, 0x00, 0x0A, 0x00, 0x00, 0x00, 0x00, 0x00, 0x00, 0x00, 0x00,
    0x00, 0x00, 0x00, 0x00, 0x00, 0x00, 0x00, 0x00, 0x00, 0x00, 0x00, 0x04,
    0x00, 0x00, 0x00, 0x10, 0x00, 0x00, 0x00, 0x1B, 0x00, 0x00, 0x00, 0x25,
    0x00, 0x00, 0x00, 0x2B, 0x00, 0x00, 0x00, 0x33, 0x8D, 0x90, 0x95, 0x68,
    0xD0, 0xD5, 0xDB, 0xCC, 0xDF, 0xE4, 0xEA, 0xFF, 0xDF, 0xE4, 0xEA, 0xFF,
    0xDF, 0xE4, 0xEA, 0xFF, 0xDF, 0xE4, 0xEA, 0xFF, 0xDF, 0xE4, 0xEA, 0xFF,
    0xDF, 0xE4, 0xEA, 0xFF, 0xDF, 0xE4, 0xEA, 0xFF, 0xDF, 0xE4, 0xEA, 0xFF,
    0xDF, 0xE4, 0xEA, 0xFF, 0xDF, 0xE4, 0xEA, 0xFF, 0xDF, 0xE4, 0xEA, 0xFF,
    0xDF, 0xE4, 0xEA, 0xFF, 0xDF, 0xE4, 0xEA, 0xFF, 0xDF, 0xE4, 0xEA, 0xFF,
    0xDF, 0xE4, 0xEA, 0xFF, 0xDF, 0xE4, 0xEA, 0xFF, 0xDF, 0xE4, 0xEA, 0xFF,
    0xDF, 0xE4, 0xEA, 0xFF, 0xDF, 0xE4, 0xEA, 0xFF, 0xDF, 0xE4, 0xEA, 0xFF,
    0xDF, 0xE4, 0xEA, 0xFF, 0xDF, 0xE4, 0xEA, 0xFF, 0xDF, 0xE4, 0xEA, 0xFF,
    0xDF, 0xE4, 0xEA, 0xFF, 0xDF, 0xE4, 0xEA, 0xFF, 0xDF, 0xE4, 0xEA, 0xFF,
    0xDF, 0xE4, 0xEA, 0xFF, 0xDF, 0xE4, 0xEA, 0xFF, 0xD0, 0xD5, 0xDB, 0xCC,
    0x8D, 0x90, 0x95, 0x68, 0x00, 0x00, 0x00, 0x33, 0x00, 0x00, 0x00, 0x2B,
    0x00, 0x00, 0x00, 0x25, 0x00, 0x00, 0x00, 0x1B, 0x00, 0x00, 0x00, 0x10,
    0x00, 0x00, 0x00, 0x04, 0x00, 0x00, 0x00, 0x00, 0x00, 0x00, 0x00, 0x00,
    0x00, 0x00, 0x00, 0x00, 0x00, 0x00, 0x00, 0x00, 0x00, 0x00, 0x00, 0x00,
    0x00, 0x00, 0x00, 0x0A, 0x00, 0x00, 0x00, 0x13, 0x00, 0x00, 0x00, 0x1C,
    0x00, 0x00, 0x00, 0x25, 0x00, 0x00, 0x00, 0x2A, 0x00, 0x00, 0x00, 0x31,
    0x00, 0x00, 0x00, 0x34, 0x57, 0x59, 0x5C, 0x4B, 0x9E, 0xA1, 0xA6, 0x77,
    0xB9, 0xBD, 0xC3, 0x99, 0xB9, 0xBD, 0xC3, 0x99, 0xB9, 0xBD, 0xC3, 0x99,
    0xB9, 0xBD, 0xC3, 0x99, 0xB9, 0xBD, 0xC3, 0x99, 0xB9, 0xBD, 0xC3, 0x99,
    0xB9, 0xBD, 0xC3, 0x99, 0xB9, 0xBD, 0xC3, 0x99, 0xB9, 0xBD, 0xC3, 0x99,
    0xB9, 0xBD, 0xC3, 0x99, 0xB9, 0xBD, 0xC3, 0x99, 0xB9, 0xBD, 0xC3, 0x99,
    0xB9, 0xBD, 0xC3, 0x99, 0xB9, 0xBD, 0xC3, 0x99, 0xB9, 0xBD, 0xC3, 0x99,
    0xB9, 0xBD, 0xC3, 0x99, 0xB9, 0xBD, 0xC3, 0x99, 0xB9, 0xBD, 0xC3, 0x99,
    0xB9, 0xBD, 0xC3, 0x99, 0xB9, 0xBD, 0xC3, 0x99, 0xB9, 0xBD, 0xC3, 0x99,
    0xB9, 0xBD, 0xC3, 0x99, 0xB9, 0xBD, 0xC3, 0x99, 0xB9, 0xBD, 0xC3, 0x99,
    0x9E, 0xA1, 0xA6, 0x77, 0x57, 0x59, 0x5C, 0x4B, 0x00, 0x00, 0x00, 0x34,
    0x00, 0x00, 0x00, 0x31, 0x00, 0x00, 0x00, 0x2A, 0x00, 0x00, 0x00, 0x25,
    0x00, 0x00, 0x00, 0x1C, 0x00, 0x00, 0x00, 0x13, 0x00, 0x00, 0x00, 0x0A,
    0x00, 0x00, 0x00, 0x00, 0x00, 0x00, 0x00, 0x00, 0x00, 0x00, 0x00, 0x00,
    0x00, 0x00, 0x00, 0x00, 0x00, 0x00, 0x00, 0x00, 0x00, 0x00, 0x00, 0x00,
    0x00, 0x00, 0x00, 0x01, 0x00, 0x00, 0x00, 0x0C, 0x00, 0x00, 0x00, 0x14,
    0x00, 0x00, 0x00, 0x1C, 0x00, 0x00, 0x00, 0x22, 0x00, 0x00, 0x00, 0x28,
    0x00, 0x00, 0x00, 0x2B, 0x00, 0x00, 0x00, 0x2F, 0x00, 0x00, 0x00, 0x32,
    0x00, 0x00, 0x00, 0x34, 0x00, 0x00, 0x00, 0x34, 0x00, 0x00, 0x00, 0x34,
    0x00, 0x00, 0x00, 0x34, 0x00, 0x00, 0x00, 0x34, 0x00, 0x00, 0x00, 0x34,
    0x00, 0x00, 0x00, 0x34, 0x00, 0x00, 0x00, 0x34, 0x00, 0x00, 0x00, 0x34,
    0x00, 0x00, 0x00, 0x34, 0x00, 0x00, 0x00, 0x34, 0x00, 0x00, 0x00, 0x34,
    0x00, 0x00, 0x00, 0x34, 0x00, 0x00, 0x00, 0x34, 0x00, 0x00, 0x00, 0x34,
    0x00, 0x00, 0x00, 0x34, 0x00, 0x00, 0x00, 0x34, 0x00, 0x00, 0x00, 0x34,
    0x00, 0x00, 0x00, 0x34, 0x00, 0x00, 0x00, 0x34, 0x00, 0x00, 0x00, 0x34,
    0x00, 0x00, 0x00, 0x34, 0x00, 0x00, 0x00, 0x34, 0x00, 0x00, 0x00, 0x34,
    0x00, 0x00, 0x00, 0x32, 0x00, 0x00, 0x00, 0x2F, 0x00, 0x00, 0x00, 0x2B,
    0x00, 0x00, 0x00, 0x28, 0x00, 0x00, 0x00, 0x22, 0x00, 0x00, 0x00, 0x1C,
    0x00, 0x00, 0x00, 0x14, 0x00, 0x00, 0x00, 0x0C, 0x00, 0x00, 0x00, 0x01,
    0x00, 0x00, 0x00, 0x00, 0x00, 0x00, 0x00, 0x00, 0x00, 0x00, 0x00, 0x00,
    0x00, 0x00, 0x00, 0x00, 0x00, 0x00, 0x00, 0x00, 0x00, 0x00, 0x00, 0x00,
    0x00, 0x00, 0x00, 0x00, 0x00, 0x00, 0x00, 0x02, 0x00, 0x00, 0x00, 0x0D,
    0x00, 0x00, 0x00, 0x13, 0x00, 0x00, 0x00, 0x1A, 0x00, 0x00, 0x00, 0x1D,
    0x00, 0x00, 0x00, 0x23, 0x00, 0x00, 0x00, 0x27, 0x00, 0x00, 0x00, 0x28,
    0x00, 0x00, 0x00, 0x28, 0x00, 0x00, 0x00, 0x28, 0x00, 0x00, 0x00, 0x28,
    0x00, 0x00, 0x00, 0x28, 0x00, 0x00, 0x00, 0x28, 0x00, 0x00, 0x00, 0x28,
    0x00, 0x00, 0x00, 0x28, 0x00, 0x00, 0x00, 0x28, 0x00, 0x00, 0x00, 0x28,
    0x00, 0x00, 0x00, 0x28, 0x00, 0x00, 0x00, 0x28, 0x00, 0x00, 0x00, 0x28,
    0x00, 0x00, 0x00, 0x28, 0x00, 0x00, 0x00, 0x28, 0x00, 0x00, 0x00, 0x28,
    0x00, 0x00, 0x00, 0x28, 0x00, 0x00, 0x00, 0x28, 0x00, 0x00, 0x00, 0x28,
    0x00, 0x00, 0x00, 0x28, 0x00, 0x00, 0x00, 0x28, 0x00, 0x00, 0x00, 0x28,
    0x00, 0x00, 0x00, 0x28, 0x00, 0x00, 0x00, 0x28, 0x00, 0x00, 0x00, 0x28,
    0x00, 0x00, 0x00, 0x28, 0x00, 0x00, 0x00, 0x27, 0x00, 0x00, 0x00, 0x23,
    0x00, 0x00, 0x00, 0x1D, 0x00, 0x00, 0x00, 0x1A, 0x00, 0x00, 0x00, 0x13,
    0x00, 0x00, 0x00, 0x0D, 0x00, 0x00, 0x00, 0x02, 0x00, 0x00, 0x00, 0x00,
    0x00, 0x00, 0x00, 0x00, 0x00, 0x00, 0x00, 0x00, 0x00, 0x00, 0x00, 0x00,
    0x00, 0x00, 0x00, 0x00, 0x00, 0x00, 0x00, 0x00, 0x00, 0x00, 0x00, 0x00,
    0x00, 0x00, 0x00, 0x00, 0x00, 0x00, 0x00, 0x00, 0x00, 0x00, 0x00, 0x02,
    0x00, 0x00, 0x00, 0x0B, 0x00, 0x00, 0x00, 0x0F, 0x00, 0x00, 0x00, 0x16,
    0x00, 0x00, 0x00, 0x1B, 0x00, 0x00, 0x00, 0x1B, 0x00, 0x00, 0x00, 0x1D,
    0x00, 0x00, 0x00, 0x1E, 0x00, 0x00, 0x00, 0x1E, 0x00, 0x00, 0x00, 0x1E,
    0x00, 0x00, 0x00, 0x1E, 0x00, 0x00, 0x00, 0x1E, 0x00, 0x00, 0x00, 0x1E,
    0x00, 0x00, 0x00, 0x1E, 0x00, 0x00, 0x00, 0x1E, 0x00, 0x00, 0x00, 0x1E,
    0x00, 0x00, 0x00, 0x1E, 0x00, 0x00, 0x00, 0x1E, 0x00, 0x00, 0x00, 0x1E,
    0x00, 0x00, 0x00, 0x1E, 0x00, 0x00, 0x00, 0x1E, 0x00, 0x00, 0x00, 0x1E,
    0x00, 0x00, 0x00, 0x1E, 0x00, 0x00, 0x00, 0x1E, 0x00, 0x00, 0x00, 0x1E,
    0x00, 0x00, 0x00, 0x1E, 0x00, 0x00, 0x00, 0x1E, 0x00, 0x00, 0x00, 0x1E,
    0x00, 0x00, 0x00, 0x1E, 0x00, 0x00, 0x00, 0x1E, 0x00, 0x00, 0x00, 0x1E,
    0x00, 0x00, 0x00, 0x1D, 0x00, 0x00, 0x00, 0x1B, 0x00, 0x00, 0x00, 0x1B,
    0x00, 0x00, 0x00, 0x16, 0x00, 0x00, 0x00, 0x0F, 0x00, 0x00, 0x00, 0x0B,
    0x00, 0x00, 0x00, 0x02, 0x00, 0x00, 0x00, 0x00, 0x00, 0x00, 0x00, 0x00,
    0x00, 0x00, 0x00, 0x00, 0x00, 0x00, 0x00, 0x00, 0x00, 0x00, 0x00, 0x00,
    0x00, 0x00, 0x00, 0x00, 0x00, 0x00, 0x00, 0x00, 0x00, 0x00, 0x00, 0x00,
    0x00, 0x00, 0x00, 0x00, 0x00, 0x00, 0x00, 0x00, 0x00, 0x00, 0x00, 0x00,
    0x00, 0x00, 0x00, 0x00, 0x00, 0x00, 0x00, 0x07, 0x00, 0x00, 0x00, 0x0D,
    0x00, 0x00, 0x00, 0x0E, 0x00, 0x00, 0x00, 0x12, 0x00, 0x00, 0x00, 0x15,
    0x00, 0x00, 0x00, 0x15, 0x00, 0x00, 0x00, 0x15, 0x00, 0x00, 0x00, 0x15,
    0x00, 0x00, 0x00, 0x15, 0x00, 0x00, 0x00, 0x15, 0x00, 0x00, 0x00, 0x15,
    0x00, 0x00, 0x00, 0x15, 0x00, 0x00, 0x00, 0x15, 0x00, 0x00, 0x00, 0x15,
    0x00, 0x00, 0x00, 0x15, 0x00, 0x00, 0x00, 0x15, 0x00, 0x00, 0x00, 0x15,
    0x00, 0x00, 0x00, 0x15, 0x00, 0x00, 0x00, 0x15, 0x00, 0x00, 0x00, 0x15,
    0x00, 0x00, 0x00, 0x15, 0x00, 0x00, 0x00, 0x15, 0x00, 0x00, 0x00, 0x15,
    0x00, 0x00, 0x00, 0x15, 0x00, 0x00, 0x00, 0x15, 0x00, 0x00, 0x00, 0x15,
    0x00, 0x00, 0x00, 0x15, 0x00, 0x00, 0x00, 0x15, 0x00, 0x00, 0x00, 0x15,
    0x00, 0x00, 0x00, 0x15, 0x00, 0x00, 0x00, 0x12, 0x00, 0x00, 0x00, 0x0E,
    0x00, 0x00, 0x00, 0x0D, 0x00, 0x00, 0x00, 0x07, 0x00, 0x00, 0x00, 0x00,
    0x00, 0x00, 0x00, 0x00, 0x00, 0x00, 0x00, 0x00, 0x00, 0x00, 0x00, 0x00,
    0x00, 0x00, 0x00, 0x00, 0x00, 0x00, 0x00, 0x00, 0x00, 0x00, 0x00, 0x00,
};

const uint8_t ICON_CLOCK_SMALL[] = {
    0x4C, 0x49, 0x43, 0x32, 0x18, 0x18, 0x00, 0x00,
    0x00, 0x00, 0x00, 0x00, 0x00, 0x00, 0x00, 0x00, 0x00, 0x00, 0x00, 0x00,
    0x00, 0x00, 0x00, 0x00, 0x00, 0x00, 0x00, 0x00, 0x00, 0x00, 0x00, 0x00,
    0x00, 0x00, 0x00, 0x00, 0x00, 0x00, 0x00, 0x00, 0x00, 0x00, 0x00, 0x00,
    0x00, 0x00, 0x00, 0x00, 0x00, 0x00, 0x00, 0x00, 0x00, 0x00, 0x00, 0x00,
    0x00, 0x00, 0x00, 0x00, 0x00, 0x00, 0x00, 0x00, 0x00, 0x00, 0x00, 0x00,
    0x00, 0x00, 0x00, 0x00, 0x00, 0x00, 0x00, 0x00, 0x00, 0x00, 0x00, 0x00,
    0x00, 0x00, 0x00, 0x00, 0x00, 0x00, 0x00, 0x00, 0x00, 0x00, 0x00, 0x00,
    0x00, 0x00, 0x00, 0x00, 0x00, 0x00, 0x00, 0x00, 0x00, 0x00, 0x00, 0x00,
    0x00, 0x00, 0x00, 0x00, 0x00, 0x00, 0x00, 0x00, 0x00, 0x00, 0x00, 0x00,
    0x00, 0x00, 0x00, 0x00, 0xFC, 0xFD, 0xFE, 0x17, 0xFC, 0xFD, 0xFE, 0x76,
    0xFC, 0xFD, 0xFE, 0x93, 0xFC, 0xFD, 0xFD, 0x8C, 0xFC, 0xFD, 0xFD, 0x8C,
    0xFC, 0xFD, 0xFD, 0x8C, 0xFC, 0xFD, 0xFD, 0x8C, 0xFC, 0xFD, 0xFD, 0x8C,
    0xFC, 0xFD, 0xFD, 0x8C, 0xFC, 0xFD, 0xFD, 0x8C, 0xFC, 0xFD, 0xFD, 0x8C,
    0xFC, 0xFD, 0xFD, 0x8C, 0xFC, 0xFD, 0xFD, 0x8C, 0xFC, 0xFD, 0xFE, 0x93,
    0xFC, 0xFD, 0xFE, 0x76, 0xFC, 0xFD, 0xFE, 0x17, 0x00, 0x00, 0x00, 0x00,
    0x00, 0x00, 0x00, 0x00, 0x00, 0x00, 0x00, 0x00, 0x00, 0x00, 0x00, 0x00,
    0x00, 0x00, 0x00, 0x00, 0x00, 0x00, 0x00, 0x00, 0x00, 0x00, 0x00, 0x00,
    0xF7, 0xF7, 0xF8, 0x6C, 0xF9, 0xFA, 0xFB, 0xF4, 0xFA, 0xFB, 0xFC, 0xFF,
    0xFA, 0xFB, 0xFC, 0xFF, 0xFA, 0xFB, 0xFC, 0xFF, 0xFA, 0xFB, 0xFC, 0xFF,
    0xFA, 0xFB, 0xFC, 0xFF, 0xFA, 0xFB, 0xFC, 0xFF, 0xFA, 0xFB, 0xFC, 0xFF,
    0xFA, 0xFB, 0xFC, 0xFF, 0xFA, 0xFB, 0xFC, 0xFF, 0xFA, 0xFB, 0xFC, 0xFF,
    0xFA, 0xFB, 0xFC, 0xFF, 0xFA, 0xFB, 0xFC, 0xFF, 0xFA, 0xFB, 0xFC, 0xFF,
    0xFA, 0xFB, 0xFC, 0xFF, 0xF9, 0xFA, 0xFB, 0xF4, 0xF7, 0xF7, 0xF8, 0x6C,
    0x00, 0x00, 0x00, 0x00, 0x00, 0x00, 0x00, 0x00, 0x00, 0x00, 0x00, 0x00,
    0x00, 0x00, 0x00, 0x00, 0x00, 0x00, 0x00, 0x00, 0xEA, 0xEB, 0xEC, 0x58,
    0xF8, 0xFA, 0xFB, 0xFE, 0xF8, 0xFA, 0xFB, 0xFF, 0xF8, 0xFA, 0xFB, 0xFF,
    0xF8, 0xFA, 0xFB, 0xFF, 0xF8, 0xFA, 0xFB, 0xFF, 0xF8, 0xFA, 0xFB, 0xFF,
    0xF8, 0xFA, 0xFB, 0xFF, 0xF8, 0xFA, 0xFB, 0xFF, 0xF8, 0xFA, 0xFB, 0xFF,
    0xF8, 0xFA, 0xFB, 0xFF, 0xF8, 0xFA, 0xFB, 0xFF, 0xF8, 0xFA, 0xFB, 0xFF,
    0xF8, 0xFA, 0xFB, 0xFF, 0xF8, 0xFA, 0xFB, 0xFF, 0xF8, 0xFA, 0xFB, 0xFF,
    0xF8, 0xFA, 0xFB, 0xFF, 0xF8, 0xFA, 0xFB, 0xFF, 0xF8, 0xFA, 0xFB, 0xFE,
    0xEA, 0xEB, 0xEC, 0x58, 0x00, 0x00, 0x00, 0x00, 0x00, 0x00, 0x00, 0x00,
    0x00, 0x00, 0x00, 0x00, 0x00, 0x00, 0x00, 0x04, 0xF0, 0xF1, 0xF3, 0xD8,
    0xF7, 0xF8, 0xFA, 0xFF, 0xF7, 0xF8, 0xFA, 0xFF, 0xF7, 0xF8, 0xFA, 0xFF,
    0xF7, 0xF8, 0xFA, 0xFF, 0xF7, 0xF8, 0xFA, 0xFF, 0xF7, 0xF8, 0xFA, 0xFF,
    0xF7, 0xF8, 0xFA, 0xFF, 0xF7, 0xF8, 0xFA, 0xFF, 0xF7, 0xF8, 0xFA, 0xFF,
    0xF7, 0xF8, 0xFA, 0xFF, 0xF7, 0xF8, 0xFA, 0xFF, 0xF7, 0xF8, 0xFA, 0xFF,
    0xF7, 0xF8, 0xFA, 0xFF, 0xF7, 0xF8, 0xFA, 0xFF, 0xF7, 0xF8, 0xFA, 0xFF,
    0xF7, 0xF8, 0xFA, 0xFF, 0xF7, 0xF8, 0xFA, 0xFF, 0xF7, 0xF8, 0xFA, 0xFF,
    0xF0, 0xF1, 0xF3, 0xD8, 0x00, 0x00, 0x00, 0x04, 0x00, 0x00, 0x00, 0x00,
    0x00, 0x00, 0x00, 0x00, 0x7F, 0x7F, 0x80, 0x25, 0xF6, 0xF8, 0xFA, 0xFF,
    0xF5, 0xF7, 0xF9, 0xFF, 0xF5, 0xF7, 0xF9, 0xFF, 0xF5, 0xF7, 0xF9, 0xFF,
    0xF5, 0xF7, 0xF9, 0xFF, 0xF5, 0xF7, 0xF9, 0xFF, 0xF5, 0xF7, 0xF9, 0xFF,
    0xF5, 0xF7, 0xF9, 0xFF, 0xD2, 0xD4, 0xD8, 0xFF, 0xC3, 0xC6, 0xCB, 0xFF,
    0xC3, 0xC6, 0xCB, 0xFF, 0xD2, 0xD4, 0xD8, 0xFF, 0xF5, 0xF7, 0xF9, 0xFF,
    0xF5, 0xF7, 0xF9, 0xFF, 0xF5, 0xF7, 0xF9, 0xFF, 0xF5, 0xF7, 0xF9, 0xFF,
    0xF5, 0xF7, 0xF9, 0xFF, 0xF5, 0xF7, 0xF9, 0xFF, 0xF5, 0xF7, 0xF9, 0xFF,
    0xF6, 0xF8, 0xFA, 0xFF, 0x7F, 0x7F, 0x80, 0x25, 0x00, 0x00, 0x00, 0x00,
    0x00, 0x00, 0x00, 0x01, 0x92, 0x93, 0x94, 0x40, 0xF4, 0xF6, 0xF9, 0xFF,
    0xF4, 0xF6, 0xF8, 0xFF, 0xF4, 0xF6, 0xF8, 0xFF, 0xF4, 0xF6, 0xF8, 0xFF,
    0xF4, 0xF6, 0xF8, 0xFF, 0xF4, 0xF6, 0xF8, 0xFF, 0xBA, 0xBD, 0xC2, 0xFF,
    0x4B, 0x51, 0x5B, 0xFF, 0x50, 0x56, 0x60, 0xFF, 0x6F, 0x74, 0x7D, 0xFF,
    0x6F, 0x74, 0x7D, 0xFF, 0x50, 0x56, 0x60, 0xFF, 0x4B, 0x51, 0x5B, 0xFF,
    0xBA, 0xBD, 0xC2, 0xFF, 0xF4, 0xF6, 0xF8, 0xFF, 0xF4, 0xF6, 0xF8, 0xFF,
    0xF4, 0xF6, 0xF8, 0xFF, 0xF4, 0xF6, 0xF8, 0xFF, 0xF4, 0xF6, 0xF8, 0xFF,
    0xF4, 0xF6, 0xF9, 0xFF, 0x92, 0x93, 0x94, 0x40, 0x00, 0x00, 0x00, 0x01,
    0x00, 0x00, 0x00, 0x03, 0x8B, 0x8C, 0x8D, 0x42, 0xF3, 0xF5, 0xF8, 0xFF,
    0xF2, 0xF5, 0xF7, 0xFF, 0xF2, 0xF5, 0xF7, 0xFF, 0xF2, 0xF5, 0xF7, 0xFF,
    0xF2, 0xF5, 0xF7, 0xFF, 0x95, 0x99, 0xA0, 0xFF, 0x4D, 0x52, 0x5D, 0xFF,
    0xB5, 0xB9, 0xC0, 0xFF, 0xF2, 0xF5, 0xF7, 0xFF, 0xB9, 0xBE, 0xC8, 0xFF,
    0xB9, 0xBE, 0xC8, 0xFF, 0xF2, 0xF5, 0xF7, 0xFF, 0xB5, 0xB9, 0xC0, 0xFF,
    0x4D, 0x52, 0x5D, 0xFF, 0x95, 0x99, 0xA0, 0xFF, 0xF2, 0xF5, 0xF7, 0xFF,
    0xF2, 0xF5, 0xF7, 0xFF, 0xF2, 0xF5, 0xF7, 0xFF, 0xF2, 0xF5, 0xF7, 0xFF,
    0xF3, 0xF5, 0xF8, 0xFF, 0x8B, 0x8C, 0x8D, 0x42, 0x00, 0x00, 0x00, 0x03,
    0x00, 0x00, 0x00, 0x04, 0x88, 0x89, 0x8B, 0x41, 0xF2, 0xF4, 0xF7, 0xFF,
    0xF1, 0xF3, 0xF6, 0xFF, 0xF1, 0xF3, 0xF6, 0xFF, 0xF1, 0xF3, 0xF6, 0xFF,
    0xB6, 0xBA, 0xBF, 0xFF, 0x4B, 0x51, 0x5B, 0xFF, 0xE4, 0xE7, 0xEA, 0xFF,
    0xD5, 0xD9, 0xE0, 0xFF, 0xF0, 0xF3, 0xF6, 0xFF, 0xAC, 0xB0, 0xB8, 0xFF,
    0xAC, 0xB0, 0xB8, 0xFF, 0xF0, 0xF3, 0xF6, 0xFF, 0xD5, 0xD9, 0xE0, 0xFF,
    0xE4, 0xE7, 0xEA, 0xFF, 0x4B, 0x51, 0x5B, 0xFF, 0xB6, 0xBA, 0xBF, 0xFF,
    0xF1, 0xF3, 0xF6, 0xFF, 0xF1, 0xF3, 0xF6, 0xFF, 0xF1, 0xF3, 0xF6, 0xFF,
    0xF2, 0xF4, 0xF7, 0xFF, 0x88, 0x89, 0x8B, 0x41, 0x00, 0x00, 0x00, 0x04,
    0x00, 0x00, 0x00, 0x04, 0x86, 0x87, 0x89, 0x40, 0xF0, 0xF3, 0xF6, 0xFF,
    0xF0, 0xF2, 0xF5, 0xFF, 0xF0, 0xF2, 0xF5, 0xFF, 0xF0, 0xF2, 0xF5, 0xFF,
    0x4C, 0x52, 0x5C, 0xFF, 0xB2, 0xB7, 0xBF, 0xFF, 0xD5, 0xD9, 0xDF, 0xFF,
    0xF0, 0xF2, 0xF5, 0xFF, 0xF0, 0xF2, 0xF5, 0xFF, 0x91, 0x95, 0x9D, 0xFF,
    0x91, 0x95, 0x9D, 0xFF, 0xF0, 0xF2, 0xF5, 0xFF, 0xF0, 0xF2, 0xF5, 0xFF,
    0xD5, 0xD9, 0xDF, 0xFF, 0xB2, 0xB7, 0xBF, 0xFF, 0x4C, 0x52, 0x5C, 0xFF,
    0xF0, 0xF2, 0xF5, 0xFF, 0xF0, 0xF2, 0xF5, 0xFF, 0xF0, 0xF2, 0xF5, 0xFF,
    0xF0, 0xF3, 0xF6, 0xFF, 0x86, 0x87, 0x89, 0x40, 0x00, 0x00, 0x00, 0x04,
    0x00, 0x00, 0x00, 0x04, 0x83, 0x84, 0x86, 0x40, 0xEF, 0xF1, 0xF5, 0xFF,
    0xEE, 0xF1, 0xF5, 0xFF, 0xEE, 0xF1, 0xF5, 0xFF, 0xCC, 0xD0, 0xD5, 0xFF,
    0x4E, 0x54, 0x5E, 0xFF, 0xEE, 0xF1, 0xF5, 0xFF, 0xEE, 0xF1, 0xF5, 0xFF,
    0xEE, 0xF1, 0xF5, 0xFF, 0xEE, 0xF1, 0xF5, 0xFF, 0x90, 0x95, 0x9D, 0xFF,
    0x90, 0x95, 0x9D, 0xFF, 0xEE, 0xF1, 0xF5, 0xFF, 0xEE, 0xF1, 0xF5, 0xFF,
    0xEE, 0xF1, 0xF5, 0xFF, 0xEE, 0xF1, 0xF5, 0xFF, 0x4E, 0x54, 0x5E, 0xFF,
    0xCC, 0xD0, 0xD5, 0xFF, 0xEE, 0xF1, 0xF5, 0xFF, 0xEE, 0xF1, 0xF5, 0xFF,
    0xEF, 0xF1, 0xF5, 0xFF, 0x83, 0x84, 0x86, 0x40, 0x00, 0x00, 0x00, 0x04,
    0x00, 0x00, 0x00, 0x04, 0x80, 0x82, 0x84, 0x3F, 0xED, 0xF0, 0xF4, 0xFF,
    0xED, 0xF0, 0xF4, 0xFF, 0xED, 0xF0, 0xF4, 0xFF, 0xAD, 0xB1, 0xB7, 0xFF,
    0x73, 0x77, 0x81, 0xFF, 0xA7, 0xAD, 0xBA, 0xFF, 0xCF, 0xD4, 0xDB, 0xFF,
    0xED, 0xF0, 0xF4, 0xFF, 0xED, 0xF0, 0xF4, 0xFF, 0xB4, 0x71, 0x71, 0xFF,
    0xA6, 0x64, 0x64, 0xFF, 0xEA, 0xED, 0xF1, 0xFF, 0xED, 0xF0, 0xF4, 0xFF,
    0xCF, 0xD4, 0xDB, 0xFF, 0xA7, 0xAD, 0xBA, 0xFF, 0x73, 0x77, 0x81, 0xFF,
    0xAD, 0xB1, 0xB7, 0xFF, 0xED, 0xF0, 0xF4, 0xFF, 0xED, 0xF0, 0xF4, 0xFF,
    0xED, 0xF0, 0xF4, 0xFF, 0x80, 0x82, 0x84, 0x3F, 0x00, 0x00, 0x00, 0x04,
    0x00, 0x00, 0x00, 0x04, 0x7D, 0x7F, 0x81, 0x3E, 0xEB, 0xEF, 0xF3, 0xFF,
    0xEB, 0xEE, 0xF3, 0xFF, 0xEB, 0xEE, 0xF3, 0xFF, 0xAC, 0xB0, 0xB7, 0xFF,
    0x72, 0x77, 0x80, 0xFF, 0xC9, 0xCD, 0xD6, 0xFF, 0xDD, 0xE0, 0xE7, 0xFF,
    0xEB, 0xEE, 0xF3, 0xFF, 0xEB, 0xEE, 0xF3, 0xFF, 0xE1, 0x9E, 0x9C, 0xFF,
    0x9E, 0x5B, 0x5C, 0xFF, 0x3B, 0x41, 0x4C, 0xFF, 0x7A, 0x7F, 0x88, 0xFF,
    0xD6, 0xDA, 0xE0, 0xFF, 0xC9, 0xCD, 0xD6, 0xFF, 0x72, 0x77, 0x80, 0xFF,
    0xAC, 0xB0, 0xB7, 0xFF, 0xEB, 0xEE, 0xF3, 0xFF, 0xEB, 0xEE, 0xF3, 0xFF,
    0xEB, 0xEF, 0xF3, 0xFF, 0x7D, 0x7F, 0x81, 0x3E, 0x00, 0x00, 0x00, 0x04,
    0x00, 0x00, 0x00, 0x04, 0x7A, 0x7C, 0x7E, 0x3D, 0xEA, 0xED, 0xF2, 0xFF,
    0xEA, 0xED, 0xF2, 0xFF, 0xEA, 0xED, 0xF2, 0xFF, 0xC9, 0xCD, 0xD2, 0xFF,
    0x4D, 0x53, 0x5E, 0xFF, 0xEA, 0xED, 0xF2, 0xFF, 0xEA, 0xED, 0xF2, 0xFF,
    0xEA, 0xED, 0xF2, 0xFF, 0xEA, 0xED, 0xF2, 0xFF, 0xEA, 0xED, 0xF2, 0xFF,
    0xEA, 0xED, 0xF2, 0xFF, 0xD8, 0xDB, 0xE0, 0xFF, 0x9D, 0xA2, 0xA9, 0xFF,
    0xEA, 0xED, 0xF2, 0xFF, 0xEA, 0xED, 0xF2, 0xFF, 0x4D, 0x53, 0x5E, 0xFF,
    0xC9, 0xCD, 0xD2, 0xFF, 0xEA, 0xED, 0xF2, 0xFF, 0xEA, 0xED, 0xF2, 0xFF,
    0xEA, 0xED, 0xF2, 0xFF, 0x7A, 0x7C, 0x7E, 0x3D, 0x00, 0x00, 0x00, 0x04,
    0x00, 0x00, 0x00, 0x04, 0x79, 0x7B, 0x7E, 0x3D, 0xE8, 0xEC, 0xF1, 0xFF,
    0xE8, 0xEC, 0xF1, 0xFF, 0xE8, 0xEC, 0xF1, 0xFF, 0xE8, 0xEC, 0xF1, 0xFF,
    0x4B, 0x51, 0x5C, 0xFF, 0xAE, 0xB3, 0xBC, 0xFF, 0xCF, 0xD4, 0xDC, 0xFF,
    0xE8, 0xEC, 0xF1, 0xFF, 0xE8, 0xEC, 0xF1, 0xFF, 0xE8, 0xEC, 0xF1, 0xFF,
    0xE8, 0xEC, 0xF1, 0xFF, 0xE8, 0xEC, 0xF1, 0xFF, 0xE8, 0xEC, 0xF1, 0xFF,
    0xCF, 0xD4, 0xDC, 0xFF, 0xAE, 0xB3, 0xBC, 0xFF, 0x4B, 0x51, 0x5C, 0xFF,
    0xE8, 0xEC, 0xF1, 0xFF, 0xE8, 0xEC, 0xF1, 0xFF, 0xE8, 0xEC, 0xF1, 0xFF,
    0xE8, 0xEC, 0xF1, 0xFF, 0x79, 0x7B, 0x7E, 0x3D, 0x00, 0x00, 0x00, 0x04,
    0x00, 0x00, 0x00, 0x04, 0x78, 0x7A, 0x7D, 0x3D, 0xE7, 0xEB, 0xF0, 0xFF,
    0xE7, 0xEB, 0xF0, 0xFF, 0xE7, 0xEB, 0xF0, 0xFF, 0xE7, 0xEB, 0xF0, 0xFF,
    0xAF, 0xB4, 0xBB, 0xFF, 0x4A, 0x4F, 0x5A, 0xFF, 0xDB, 0xDF, 0xE4, 0xFF,
    0xCD, 0xD2, 0xDA, 0xFF, 0xE6, 0xEA, 0xEF, 0xFF, 0xCC, 0xD1, 0xDA, 0xFF,
    0xCC, 0xD1, 0xDA, 0xFF, 0xE6, 0xEA, 0xEF, 0xFF, 0xCD, 0xD2, 0xDA, 0xFF,
    0xDB, 0xDF, 0xE4, 0xFF, 0x4A, 0x4F, 0x5A, 0xFF, 0xAF, 0xB4, 0xBB, 0xFF,
    0xE7, 0xEB, 0xF0, 0xFF, 0xE7, 0xEB, 0xF0, 0xFF, 0xE7, 0xEB, 0xF0, 0xFF,
    0xE7, 0xEB, 0xF0, 0xFF, 0x78, 0x7A, 0x7D, 0x3D, 0x00, 0x00, 0x00, 0x04,
    0x00, 0x00, 0x00, 0x04, 0x78, 0x7A, 0x7D, 0x3D, 0xE6, 0xE9, 0xEF, 0xFF,
    0xE6, 0xE9, 0xEF, 0xFF, 0xE6, 0xE9, 0xEF, 0xFF, 0xE6, 0xE9, 0xEF, 0xFF,
    0xE6, 0xE9, 0xEF, 0xFF, 0x8E, 0x93, 0x9C, 0xFF, 0x4B, 0x50, 0x5B, 0xFF,
    0xAC, 0xB1, 0xBB, 0xFF, 0xE6, 0xE9, 0xEF, 0xFF, 0xB1, 0xB7, 0xC3, 0xFF,
    0xB1, 0xB7, 0xC3, 0xFF, 0xE6, 0xE9, 0xEF, 0xFF, 0xAC, 0xB1, 0xBB, 0xFF,
    0x4B, 0x50, 0x5B, 0xFF, 0x8E, 0x93, 0x9C, 0xFF, 0xE6, 0xE9, 0xEF, 0xFF,
    0xE6, 0xE9, 0xEF, 0xFF, 0xE6, 0xE9, 0xEF, 0xFF, 0xE6, 0xE9, 0xEF, 0xFF,
    0xE6, 0xE9, 0xEF, 0xFF, 0x78, 0x7A, 0x7D, 0x3D, 0x00, 0x00, 0x00, 0x04,
    0x00, 0x00, 0x00, 0x04, 0x62, 0x64, 0x66, 0x35, 0xE4, 0xE8, 0xEE, 0xFF,
    0xE4, 0xE8, 0xEE, 0xFF, 0xE4, 0xE8, 0xEE, 0xFF, 0xE4, 0xE8, 0xEE, 0xFF,
    0xE4, 0xE8, 0xEE, 0xFF, 0xE4, 0xE8, 0xEE, 0xFF, 0xAE, 0xB3, 0xBB, 0xFF,
    0x49, 0x4F, 0x5A, 0xFF, 0x4E, 0x53, 0x5E, 0xFF, 0x6A, 0x6F, 0x79, 0xFF,
    0x6A, 0x6F, 0x79, 0xFF, 0x4E, 0x53, 0x5E, 0xFF, 0x49, 0x4F, 0x5A, 0xFF,
    0xAE, 0xB3, 0xBB, 0xFF, 0xE4, 0xE8, 0xEE, 0xFF, 0xE4, 0xE8, 0xEE, 0xFF,
    0xE4, 0xE8, 0xEE, 0xFF, 0xE4, 0xE8, 0xEE, 0xFF, 0xE4, 0xE8, 0xEE, 0xFF,
    0xE4, 0xE8, 0xEE, 0xFF, 0x62, 0x64, 0x66, 0x35, 0x00, 0x00, 0x00, 0x04,
    0x00, 0x00, 0x00, 0x03, 0x00, 0x00, 0x00, 0x20, 0xDD, 0xE1, 0xE7, 0xE7,
    0xE3, 0xE7, 0xED, 0xFF, 0xE3, 0xE7, 0xED, 0xFF, 0xE3, 0xE7, 0xED, 0xFF,
    0xE3, 0xE7, 0xED, 0xFF, 0xE3, 0xE7, 0xED, 0xFF, 0xE3, 0xE7, 0xED, 0xFF,
    0xE3, 0xE7, 0xED, 0xFF, 0xC3, 0xC7, 0xCE, 0xFF, 0xB5, 0xBA, 0xC2, 0xFF,
    0xB5, 0xBA, 0xC2, 0xFF, 0xC3, 0xC7, 0xCE, 0xFF, 0xE3, 0xE7, 0xED, 0xFF,
    0xE3, 0xE7, 0xED, 0xFF, 0xE3, 0xE7, 0xED, 0xFF, 0xE3, 0xE7, 0xED, 0xFF,
    0xE3, 0xE7, 0xED, 0xFF, 0xE3, 0xE7, 0xED, 0xFF, 0xE3, 0xE7, 0xED, 0xFF,
    0xDD, 0xE1, 0xE7, 0xE7, 0x00, 0x00, 0x00, 0x20, 0x00, 0x00, 0x00, 0x03,
    0x00, 0x00, 0x00, 0x02, 0x00, 0x00, 0x00, 0x1B, 0xB2, 0xB6, 0xBB, 0x88,
    0xE1, 0xE6, 0xEC, 0xFF, 0xE1, 0xE6, 0xEC, 0xFF, 0xE1, 0xE6, 0xEC, 0xFF,
    0xE1, 0xE6, 0xEC, 0xFF, 0xE1, 0xE6, 0xEC, 0xFF, 0xE1, 0xE6, 0xEC, 0xFF,
    0xE1, 0xE6, 0xEC, 0xFF, 0xE1, 0xE6, 0xEC, 0xFF, 0xE1, 0xE6, 0xEC, 0xFF,
    0xE1, 0xE6, 0xEC, 0xFF, 0xE1, 0xE6, 0xEC, 0xFF, 0xE1, 0xE6, 0xEC, 0xFF,
    0xE1, 0xE6, 0xEC, 0xFF, 0xE1, 0xE6, 0xEC, 0xFF, 0xE1, 0xE6, 0xEC, 0xFF,
    0xE1, 0xE6, 0xEC, 0xFF, 0xE1, 0xE6, 0xEC, 0xFF, 0xE1, 0xE6, 0xEC, 0xFF,
    0xB2, 0xB6, 0xBB, 0x88, 0x00, 0x00, 0x00, 0x1B, 0x00, 0x00, 0x00, 0x02,
    0x00, 0x00, 0x00, 0x00, 0x00, 0x00, 0x00, 0x13, 0x00, 0x00, 0x00, 0x29,
    0xC4, 0xC8, 0xCE, 0xAB, 0xE0, 0xE5, 0xEB, 0xFF, 0xE0, 0xE5, 0xEB, 0xFF,
    0xE0, 0xE5, 0xEB, 0xFF, 0xE0, 0xE5, 0xEB, 0xFF, 0xE0, 0xE5, 0xEB, 0xFF,
    0xE0, 0xE5, 0xEB, 0xFF, 0xE0, 0xE5, 0xEB, 0xFF, 0xE0, 0xE5, 0xEB, 0xFF,
    0xE0, 0xE5, 0xEB, 0xFF, 0xE0, 0xE5, 0xEB, 0xFF, 0xE0, 0xE5, 0xEB, 0xFF,
    0xE0, 0xE5, 0xEB, 0xFF, 0xE0, 0xE5, 0xEB, 0xFF, 0xE0, 0xE5, 0xEB, 0xFF,
    0xE0, 0xE5, 0xEB, 0xFF, 0xE0, 0xE5, 0xEB, 0xFF, 0xC4, 0xC8, 0xCE, 0xAB,
    0x00, 0x00, 0x00, 0x29, 0x00, 0x00, 0x00, 0x13, 0x00, 0x00, 0x00, 0x00,
    0x00, 0x00, 0x00, 0x00, 0x00, 0x00, 0x00, 0x07, 0x00, 0x00, 0x00, 0x1C,
    0x00, 0x00, 0x00, 0x2B, 0x8E, 0x91, 0x96, 0x68, 0xC6, 0xCA, 0xD0, 0xB2,
    0xD0, 0xD5, 0xDB, 0xCC, 0xD0, 0xD5, 0xDB, 0xCC, 0xD0, 0xD5, 0xDB, 0xCC,
    0xD0, 0xD5, 0xDB, 0xCC, 0xD0, 0xD5, 0xDB, 0xCC, 0xD0, 0xD5, 0xDB, 0xCC,
    0xD0, 0xD5, 0xDB, 0xCC, 0xD0, 0xD5, 0xDB, 0xCC, 0xD0, 0xD5, 0xDB, 0xCC,
    0xD0, 0xD5, 0xDB, 0xCC, 0xD0, 0xD5, 0xDB, 0xCC, 0xD0, 0xD5, 0xDB, 0xCC,
    0xC6, 0xCA, 0xD0, 0xB2, 0x8E, 0x91, 0x96, 0x68, 0x00, 0x00, 0x00, 0x2B,
    0x00, 0x00, 0x00, 0x1C, 0x00, 0x00, 0x00, 0x07, 0x00, 0x00, 0x00, 0x00,
    0x00, 0x00, 0x00, 0x00, 0x00, 0x00, 0x00, 0x00, 0x00, 0x00, 0x00, 0x0C,
    0x00, 0x00, 0x00, 0x1B, 0x00, 0x00, 0x00, 0x25, 0x00, 0x00, 0x00, 0x2C,
    0x00, 0x00, 0x00, 0x2E, 0x00, 0x00, 0x00, 0x2E, 0x00, 0x00, 0x00, 0x2E,
    0x00, 0x00, 0x00, 0x2E, 0x00, 0x00, 0x00, 0x2E, 0x00, 0x00, 0x00, 0x2E,
    0x00, 0x00, 0x00, 0x2E, 0x00, 0x00, 0x00, 0x2E, 0x00, 0x00, 0x00, 0x2E,
    0x00, 0x00, 0x00, 0x2E, 0x00, 0x00, 0x00, 0x2E, 0x00, 0x00, 0x00, 0x2E,
    0x00, 0x00, 0x00, 0x2C, 0x00, 0x00, 0x00, 0x25, 0x00, 0x00, 0x00, 0x1B,
    0x00, 0x00, 0x00, 0x0C, 0x00, 0x00, 0x00, 0x00, 0x00, 0x00, 0x00, 0x00,
    0x00, 0x00, 0x00, 0x00, 0x00, 0x00, 0x00, 0x00, 0x00, 0x00, 0x00, 0x00,
    0x00, 0x00, 0x00, 0x08, 0x00, 0x00, 0x00, 0x13, 0x00, 0x00, 0x00, 0x17,
    0x00, 0x00, 0x00, 0x1B, 0x00, 0x00, 0x00, 0x1B, 0x00, 0x00, 0x00, 0x1B,
    0x00, 0x00, 0x00, 0x1B, 0x00, 0x00, 0x00, 0x1B, 0x00, 0x00, 0x00, 0x1B,
    0x00, 0x00, 0x00, 0x1B, 0x00, 0x00, 0x00, 0x1B, 0x00, 0x00, 0x00, 0x1B,
    0x00, 0x00, 0x00, 0x1B, 0x00, 0x00, 0x00, 0x1B, 0x00, 0x00, 0x00, 0x1B,
    0x00, 0x00, 0x00, 0x17, 0x00, 0x00, 0x00, 0x13, 0x00, 0x00, 0x00, 0x08,
    0x00, 0x00, 0x00, 0x00, 0x00, 0x00, 0x00, 0x00, 0x00, 0x00, 0x00, 0x00,
};

const uint8_t ICON_PAINT[] = {
    0x4C, 0x49, 0x43, 0x32, 0x30, 0x30, 0x00, 0x00,
    0x00, 0x00, 0x00, 0x00, 0x00, 0x00, 0x00, 0x00, 0x00, 0x00, 0x00, 0x00,
    0x00, 0x00, 0x00, 0x00, 0x00, 0x00, 0x00, 0x00, 0x00, 0x00, 0x00, 0x00,
    0x00, 0x00, 0x00, 0x00, 0x00, 0x00, 0x00, 0x00, 0x00, 0x00, 0x00, 0x00,
    0x00, 0x00, 0x00, 0x00, 0x00, 0x00, 0x00, 0x00, 0x00, 0x00, 0x00, 0x00,
    0x00, 0x00, 0x00, 0x00, 0x00, 0x00, 0x00, 0x00, 0x00, 0x00, 0x00, 0x00,
    0x00, 0x00, 0x00, 0x00, 0x00, 0x00, 0x00, 0x00, 0x00, 0x00, 0x00, 0x00,
    0x00, 0x00, 0x00, 0x00, 0x00, 0x00, 0x00, 0x00, 0x00, 0x00, 0x00, 0x00,
    0x00, 0x00, 0x00, 0x00, 0x00, 0x00, 0x00, 0x00, 0x00, 0x00, 0x00, 0x00,
    0x00, 0x00, 0x00, 0x00, 0x00, 0x00, 0x00, 0x00, 0x00, 0x00, 0x00, 0x00,
    0x00, 0x00, 0x00, 0x00, 0x00, 0x00, 0x00, 0x00, 0x00, 0x00, 0x00, 0x00,
    0x00, 0x00, 0x00, 0x00, 0x00, 0x00, 0x00, 0x00, 0x00, 0x00, 0x00, 0x00,
    0x00, 0x00, 0x00, 0x00, 0x00, 0x00, 0x00, 0x00, 0x00, 0x00, 0x00, 0x00,
    0x00, 0x00, 0x00, 0x00, 0x00, 0x00, 0x00, 0x00, 0x00, 0x00, 0x00, 0x00,
    0x00, 0x00, 0x00, 0x00, 0x00, 0x00, 0x00, 0x00, 0x00, 0x00, 0x00, 0x00,
    0x00, 0x00, 0x00, 0x00, 0x00, 0x00, 0x00, 0x00, 0x00, 0x00, 0x00, 0x00,
    0x00, 0x00, 0x00, 0x00, 0x00, 0x00, 0x00, 0x00, 0x00, 0x00, 0x00, 0x00,
    0x00, 0x00, 0x00, 0x00, 0x00, 0x00, 0x00, 0x00, 0x00, 0x00, 0x00, 0x00,
    0x00, 0x00, 0x00, 0x00, 0x00, 0x00, 0x00, 0x00, 0x00, 0x00, 0x00, 0x00,
    0x00, 0x00, 0x00, 0x00, 0x00, 0x00, 0x00, 0x00, 0x00, 0x00, 0x00, 0x00,
    0x00, 0x00, 0x00, 0x00, 0x00, 0x00, 0x00, 0x00, 0x00, 0x00, 0x00, 0x00,
    0x00, 0x00, 0x00, 0x00, 0x00, 0x00, 0x00, 0x00, 0x00, 0x00, 0x00, 0x00,
    0x00, 0x00, 0x00, 0x00, 0x00, 0x00, 0x00, 0x00, 0x00, 0x00, 0x00, 0x00,
    0x00, 0x00, 0x00, 0x00, 0x00, 0x00, 0x00, 0x00, 0x00, 0x00, 0x00, 0x00,
    0x00, 0x00, 0x00, 0x00, 0x00, 0x00, 0x00, 0x00, 0x00, 0x00, 0x00, 0x00,
    0x00, 0x00, 0x00, 0x00, 0x00, 0x00, 0x00, 0x00, 0x00, 0x00, 0x00, 0x00,
    0x00, 0x00, 0x00, 0x00, 0x00, 0x00, 0x00, 0x00, 0x00, 0x00, 0x00, 0x00,
    0x00, 0x00, 0x00, 0x00, 0x00, 0x00, 0x00, 0x00, 0x00, 0x00, 0x00, 0x00,
    0x00, 0x00, 0x00, 0x00, 0x00, 0x00, 0x00, 0x00, 0x00, 0x00, 0x00, 0x00,
    0x00, 0x00, 0x00, 0x00, 0x00, 0x00, 0x00, 0x00, 0x00, 0x00, 0x00, 0x00,
    0x00, 0x00, 0x00, 0x00, 0x00, 0x00, 0x00, 0x00, 0x00, 0x00, 0x00, 0x00,
    0x00, 0x00, 0x00, 0x00, 0x00, 0x00, 0x00, 0x00, 0x00, 0x00, 0x00, 0x00,
    0x00, 0x00, 0x00, 0x00, 0x00, 0x00, 0x00, 0x00, 0x00, 0x00, 0x00, 0x00,
    0x00, 0x00, 0x00, 0x00, 0x00, 0x00, 0x00, 0x00, 0x00, 0x00, 0x00, 0x00,
    0x00, 0x00, 0x00, 0x00, 0x00, 0x00, 0x00, 0x00, 0x00, 0x00, 0x00, 0x00,
    0x00, 0x00, 0x00, 0x00, 0x00, 0x00, 0x00, 0x00, 0x00, 0x00, 0x00, 0x00,
    0x00, 0x00, 0x00, 0x00, 0x00, 0x00, 0x00, 0x00, 0x00, 0x00, 0x00, 0x00,
    0x00, 0x00, 0x00, 0x00, 0x00, 0x00, 0x00, 0x00, 0x00, 0x00, 0x00, 0x00,
    0x00, 0x00, 0x00, 0x00, 0x00, 0x00, 0x00, 0x00, 0x00, 0x00, 0x00, 0x00,
    0x00, 0x00, 0x00, 0x00, 0x00, 0x00, 0x00, 0x00, 0x00, 0x00, 0x00, 0x00,
    0x00, 0x00, 0x00, 0x00, 0x00, 0x00, 0x00, 0x00, 0x00, 0x00, 0x00, 0x00,
    0x00, 0x00, 0x00, 0x00, 0x00, 0x00, 0x00, 0x00, 0x00, 0x00, 0x00, 0x00,
    0x00, 0x00, 0x00, 0x00, 0x00, 0x00, 0x00, 0x00, 0x00, 0x00, 0x00, 0x00,
    0x00, 0x00, 0x00, 0x00, 0x00, 0x00, 0x00, 0x00, 0x00, 0x00, 0x00, 0x00,
    0x00, 0x00, 0x00, 0x00, 0x00, 0x00, 0x00, 0x00, 0x00, 0x00, 0x00, 0x00,
    0x00, 0x00, 0x00, 0x00, 0x00, 0x00, 0x00, 0x00, 0x00, 0x00, 0x00, 0x00,
    0x00, 0x00, 0x00, 0x00, 0x00, 0x00, 0x00, 0x00, 0x00, 0x00, 0x00, 0x00,
    0x00, 0x00, 0x00, 0x00, 0x00, 0x00, 0x00, 0x00, 0x00, 0x00, 0x00, 0x00,
    0x00, 0x00, 0x00, 0x00, 0x00, 0x00, 0x00, 0x00, 0x00, 0x00, 0x00, 0x00,
    0x00, 0x00, 0x00, 0x00, 0x00, 0x00, 0x00, 0x00, 0x00, 0x00, 0x00, 0x00,
    0x00, 0x00, 0x00, 0x00, 0x00, 0x00, 0x00, 0x00, 0x00, 0x00, 0x00, 0x00,
    0x00, 0x00, 0x00, 0x00, 0x00, 0x00, 0x00, 0x00, 0x00, 0x00, 0x00, 0x00,
    0xFF, 0xAD, 0x92, 0x52, 0xFF, 0xB1, 0x98, 0xB5, 0xFF, 0xB1, 0x98, 0xE1,
    0xFF, 0xAC, 0x90, 0xFF, 0xFF, 0xAC, 0x90, 0xFF, 0xFF, 0xAC, 0x90, 0xFF,
    0xFF, 0xAC, 0x90, 0xFF, 0xFF, 0xAC, 0x90, 0xFF, 0xFF, 0xAC, 0x90, 0xFF,
    0xFF, 0xAC, 0x90, 0xFF, 0xFF, 0xAC, 0x90, 0xFF, 0xFF, 0xAC, 0x90, 0xFF,
    0xFF, 0xAC, 0x90, 0xFF, 0xFF, 0xAC, 0x90, 0xFF, 0xFF, 0xAC, 0x90, 0xFF,
    0xFF, 0xAC, 0x90, 0xFF, 0xFF, 0xAC, 0x90, 0xFF, 0xFF, 0xAC, 0x90, 0xFF,
    0xFF, 0xAC, 0x90, 0xFF, 0xFF, 0xAC, 0x90, 0xFF, 0xFF, 0xAC, 0x90, 0xFF,
    0xFF, 0xAC, 0x90, 0xFF, 0xFF, 0xAC, 0x90, 0xFF, 0xFF, 0xAC, 0x90, 0xFF,
    0xFF, 0xAC, 0x90, 0xFF, 0xFF, 0xAC, 0x90, 0xFF, 0xFF, 0xAC, 0x90, 0xFF,
    0xFF, 0xB1, 0x98, 0xE1, 0xFF, 0xB1, 0x98, 0xB5, 0xFF, 0xAD, 0x92, 0x52,
    0x00, 0x00, 0x00, 0x00, 0x00, 0x00, 0x00, 0x00, 0x00, 0x00, 0x00, 0x00,
    0x00, 0x00, 0x00, 0x00, 0x00, 0x00, 0x00, 0x00, 0x00, 0x00, 0x00, 0x00,
    0x00, 0x00, 0x00, 0x00, 0x00, 0x00, 0x00, 0x00, 0x00, 0x00, 0x00, 0x00,
    0x00, 0x00, 0x00, 0x00, 0x00, 0x00, 0x00, 0x00, 0x00, 0x00, 0x00, 0x00,
    0x00, 0x00, 0x00, 0x00, 0x00, 0x00, 0x00, 0x00, 0x00, 0x00, 0x00, 0x00,
    0x00, 0x00, 0x00, 0x00, 0xFE, 0xA9, 0x8F, 0x33, 0xFE, 0xAF, 0x96, 0xD3,
    0xFE, 0xA1, 0x84, 0xFF, 0xFE, 0x8E, 0x6C, 0xFF, 0xFE, 0x87, 0x63, 0xFF,
    0xFE, 0x87, 0x63, 0xFF, 0xFE, 0x87, 0x63, 0xFF, 0xFE, 0x87, 0x63, 0xFF,
    0xFE, 0x87, 0x63, 0xFF, 0xFE, 0x87, 0x63, 0xFF, 0xFE, 0x87, 0x63, 0xFF,
    0xFE, 0x87, 0x63, 0xFF, 0xFE, 0x87, 0x63, 0xFF, 0xFE, 0x87, 0x63, 0xFF,
    0xFE, 0x87, 0x63, 0xFF, 0xFE, 0x87, 0x63, 0xFF, 0xFE, 0x87, 0x63, 0xFF,
    0xFE, 0x87, 0x63, 0xFF, 0xFE, 0x87, 0x63, 0xFF, 0xFE, 0x87, 0x63, 0xFF,
    0xFE, 0x87, 0x63, 0xFF, 0xFE, 0x87, 0x63, 0xFF, 0xFE, 0x87, 0x63, 0xFF,
    0xFE, 0x87, 0x63, 0xFF, 0xFE, 0x87, 0x63, 0xFF, 0xFE, 0x87, 0x63, 0xFF,
    0xFE, 0x87, 0x63, 0xFF, 0xFE, 0x87, 0x63, 0xFF, 0xFE, 0x87, 0x63, 0xFF,
    0xFE, 0x87, 0x63, 0xFF, 0xFE, 0x8E, 0x6C, 0xFF, 0xFE, 0xA1, 0x84, 0xFF,
    0xFE, 0xAF, 0x96, 0xD3, 0xFE, 0xA9, 0x8F, 0x33, 0x00, 0x00, 0x00, 0x00,
    0x00, 0x00, 0x00, 0x00, 0x00, 0x00, 0x00, 0x00, 0x00, 0x00, 0x00, 0x00,
    0x00, 0x00, 0x00, 0x00, 0x00, 0x00, 0x00, 0x00, 0x00, 0x00, 0x00, 0x00,
    0x00, 0x00, 0x00, 0x00, 0x00, 0x00, 0x00, 0x00, 0x00, 0x00, 0x00, 0x00,
    0x00, 0x00, 0x00, 0x00, 0x00, 0x00, 0x00, 0x00, 0x00, 0x00, 0x00, 0x00,
    0xFC, 0xA7, 0x8E, 0x56, 0xFD, 0xA7, 0x8F, 0xF6, 0xFD, 0x8C, 0x6B, 0xFF,
    0xFD, 0x85, 0x63, 0xFF, 0xFD, 0x85, 0x63, 0xFF, 0xFD, 0x85, 0x63, 0xFF,
    0xFD, 0x85, 0x63, 0xFF, 0xFD, 0x85, 0x63, 0xFF, 0xFD, 0x85, 0x63, 0xFF,
    0xFD, 0x85, 0x63, 0xFF, 0xFD, 0x85, 0x63, 0xFF, 0xFD, 0x85, 0x63, 0xFF,
    0xFD, 0x85, 0x63, 0xFF, 0xFD, 0x85, 0x63, 0xFF, 0xFD, 0x85, 0x63, 0xFF,
    0xFD, 0x85, 0x63, 0xFF, 0xFD, 0x85, 0x63, 0xFF, 0xFD, 0x85, 0x63, 0xFF,
    0xFD, 0x85, 0x63, 0xFF, 0xFD, 0x85, 0x63, 0xFF, 0xFD, 0x85, 0x63, 0xFF,
    0xFD, 0x85, 0x63, 0xFF, 0xFD, 0x85, 0x63, 0xFF, 0xFD, 0x85, 0x63, 0xFF,
    0xFD, 0x85, 0x63, 0xFF, 0xFD, 0x85, 0x63, 0xFF, 0xFD, 0x85, 0x63, 0xFF,
    0xFD, 0x85, 0x63, 0xFF, 0xFD, 0x85, 0x63, 0xFF, 0xFD, 0x85, 0x63, 0xFF,
    0xFD, 0x85, 0x63, 0xFF, 0xFD, 0x85, 0x63, 0xFF, 0xFD, 0x85, 0x63, 0xFF,
    0xFD, 0x8C, 0x6B, 0xFF, 0xFD, 0xA7, 0x8F, 0xF6, 0xFC, 0xA7, 0x8E, 0x56,
    0x00, 0x00, 0x00, 0x00, 0x00, 0x00, 0x00, 0x00, 0x00, 0x00, 0x00, 0x00,
    0x00, 0x00, 0x00, 0x00, 0x00, 0x00, 0x00, 0x00, 0x00, 0x00, 0x00, 0x00,
    0x00, 0x00, 0x00, 0x00, 0x00, 0x00, 0x00, 0x00, 0x00, 0x00, 0x00, 0x00,
    0x00, 0x00, 0x00, 0x00, 0x00, 0x00, 0x00, 0x00, 0xF4, 0x9E, 0x88, 0x42,
    0xFC, 0xA3, 0x8C, 0xF8, 0xFC, 0x85, 0x66, 0xFF, 0xFC, 0x83, 0x64, 0xFF,
    0xFC, 0x83, 0x64, 0xFF, 0xFC, 0x83, 0x64, 0xFF, 0xFC, 0x83, 0x64, 0xFF,
    0xFC, 0x83, 0x64, 0xFF, 0xFC, 0x83, 0x64, 0xFF, 0xFC, 0x83, 0x64, 0xFF,
    0xFC, 0x83, 0x64, 0xFF, 0xFC, 0x83, 0x64, 0xFF, 0xFC, 0x83, 0x64, 0xFF,
    0xFC, 0x83, 0x64, 0xFF, 0xFC, 0x83, 0x64, 0xFF, 0xFC, 0x83, 0x64, 0xFF,
    0xFC, 0x83, 0x64, 0xFF, 0xFC, 0x83, 0x64, 0xFF, 0xFC, 0x83, 0x64, 0xFF,
    0xFC, 0x83, 0x64, 0xFF, 0xFC, 0x83, 0x64, 0xFF, 0xFC, 0x83, 0x64, 0xFF,
    0xFC, 0x83, 0x64, 0xFF, 0xFC, 0x83, 0x64, 0xFF, 0xFC, 0x83, 0x64, 0xFF,
    0xFC, 0x83, 0x64, 0xFF, 0xFC, 0x83, 0x64, 0xFF, 0xFC, 0x83, 0x64, 0xFF,
    0xFC, 0x83, 0x64, 0xFF, 0xFC, 0x83, 0x64, 0xFF, 0xFC, 0x83, 0x64, 0xFF,
    0xFC, 0x83, 0x64, 0xFF, 0xFC, 0x83, 0x64, 0xFF, 0xFC, 0x83, 0x64, 0xFF,
    0xFC, 0x83, 0x64, 0xFF, 0xFC, 0x85, 0x66, 0xFF, 0xFC, 0xA3, 0x8C, 0xF8,
    0xF4, 0x9E, 0x88, 0x42, 0x00, 0x00, 0x00, 0x00, 0x00, 0x00, 0x00, 0x00,
    0x00, 0x00, 0x00, 0x00, 0x00, 0x00, 0x00, 0x00, 0x00, 0x00, 0x00, 0x00,
    0x00, 0x00, 0x00, 0x00, 0x00, 0x00, 0x00, 0x00, 0x00, 0x00, 0x00, 0x00,
    0x00, 0x00, 0x00, 0x00, 0xA7, 0x6A, 0x5C, 0x0B, 0xF9, 0xA3, 0x8E, 0xE3,
    0xFB, 0x85, 0x69, 0xFF, 0xFB, 0x81, 0x64, 0xFF, 0xFB, 0x81, 0x64, 0xFF,
    0xFB, 0x81, 0x64, 0xFF, 0xFB, 0x81, 0x64, 0xFF, 0xFB, 0x81, 0x64, 0xFF,
    0xFB, 0x81, 0x64, 0xFF, 0xFB, 0x81, 0x64, 0xFF, 0xFB, 0x81, 0x64, 0xFF,
    0xFB, 0x81, 0x64, 0xFF, 0xFB, 0x81, 0x64, 0xFF, 0xFB, 0x81, 0x64, 0xFF,
    0xFB, 0x81, 0x64, 0xFF, 0xFB, 0x81, 0x64, 0xFF, 0xFB, 0x81, 0x64, 0xFF,
    0xFB, 0x81, 0x64, 0xFF, 0xFB, 0x81, 0x64, 0xFF, 0xFB, 0x81, 0x64, 0xFF,
    0xFB, 0x81, 0x64, 0xFF, 0xFB, 0x81, 0x64, 0xFF, 0xFB, 0x81, 0x64, 0xFF,
    0xFB, 0x81, 0x64, 0xFF, 0xFB, 0x81, 0x64, 0xFF, 0xFB, 0x81, 0x64, 0xFF,
    0xFB, 0x81, 0x64, 0xFF, 0xFB, 0x81, 0x64, 0xFF, 0xFB, 0x81, 0x64, 0xFF,
    0xFB, 0x81, 0x64, 0xFF, 0xFB, 0x81, 0x64, 0xFF, 0xFB, 0x81, 0x64, 0xFF,
    0xFB, 0x81, 0x64, 0xFF, 0xFB, 0x81, 0x64, 0xFF, 0xFB, 0x81, 0x64, 0xFF,
    0xFB, 0x81, 0x64, 0xFF, 0xFB, 0x81, 0x64, 0xFF, 0xFB, 0x85, 0x69, 0xFF,
    0xF9, 0xA3, 0x8E, 0xE3, 0xA7, 0x6A, 0x5C, 0x0B, 0x00, 0x00, 0x00, 0x00,
    0x00, 0x00, 0x00, 0x00, 0x00, 0x00, 0x00, 0x00, 0x00, 0x00, 0x00, 0x00,
    0x00, 0x00, 0x00, 0x00, 0x00, 0x00, 0x00, 0x00, 0x00, 0x00, 0x00, 0x00,
    0x00, 0x00, 0x00, 0x02, 0xE5, 0x92, 0x80, 0x83, 0xFB, 0x91, 0x7A, 0xFF,
    0xFB, 0x7F, 0x65, 0xFF, 0xFB, 0x7F, 0x65, 0xFF, 0xFB, 0x7F, 0x65, 0xFF,
    0xFB, 0x7F, 0x65, 0xFF, 0xFB, 0x7F, 0x65, 0xFF, 0xFB, 0x7F, 0x65, 0xFF,
    0xFB, 0x7F, 0x65, 0xFF, 0xFB, 0x7F, 0x65, 0xFF, 0xFB, 0x7F, 0x65, 0xFF,
    0xFB, 0x7F, 0x65, 0xFF, 0xFB, 0x7F, 0x65, 0xFF, 0xFB, 0x7F, 0x65, 0xFF,
    0xFB, 0x7F, 0x65, 0xFF, 0xFB, 0x7F, 0x65, 0xFF, 0xFB, 0x7F, 0x65, 0xFF,
    0xFB, 0x7F, 0x65, 0xFF, 0xFB, 0x7F, 0x65, 0xFF, 0xFB, 0x7F, 0x65, 0xFF,
    0xFB, 0x7F, 0x65, 0xFF, 0xFB, 0x7F, 0x65, 0xFF, 0xFB, 0x7F, 0x65, 0xFF,
    0xFB, 0x7F, 0x65, 0xFF, 0xFB, 0x7F, 0x65, 0xFF, 0xFB, 0x7F, 0x65, 0xFF,
    0xFB, 0x7F, 0x65, 0xFF, 0xFB, 0x7F, 0x65, 0xFF, 0xFB, 0x7F, 0x65, 0xFF,
    0xFB, 0x7F, 0x65, 0xFF, 0xFB, 0x7F, 0x65, 0xFF, 0xFB, 0x7F, 0x65, 0xFF,
    0xFB, 0x7F, 0x65, 0xFF, 0xFB, 0x7F, 0x65, 0xFF, 0xFB, 0x7F, 0x65, 0xFF,
    0xFB, 0x7F, 0x65, 0xFF, 0xFB, 0x7F, 0x65, 0xFF, 0xFB, 0x7F, 0x65, 0xFF,
    0xFB, 0x91, 0x7A, 0xFF, 0xE5, 0x92, 0x80, 0x83, 0x00, 0x00, 0x00, 0x02,
    0x00, 0x00, 0x00, 0x00, 0x00, 0x00, 0x00, 0x00, 0x00, 0x00, 0x00, 0x00,
    0x00, 0x00, 0x00, 0x00, 0x00, 0x00, 0x00, 0x00, 0x00, 0x00, 0x00, 0x00,
    0x00, 0x00, 0x00, 0x0E, 0xF4, 0x9A, 0x89, 0xD9, 0xFA, 0x7F, 0x67, 0xFF,
    0xFA, 0x7D, 0x65, 0xFF, 0xFA, 0x7D, 0x65, 0xFF, 0xFA, 0x7D, 0x65, 0xFF,
    0xFA, 0x7D, 0x65, 0xFF, 0xFA, 0x7D, 0x65, 0xFF, 0xFA, 0x7D, 0x65, 0xFF,
    0xFA, 0x7D, 0x65, 0xFF, 0xFA, 0x7D, 0x65, 0xFF, 0xFA, 0x7D, 0x65, 0xFF,
    0xFA, 0x7D, 0x65, 0xFF, 0xFA, 0x7D, 0x65, 0xFF, 0xFA, 0x7D, 0x65, 0xFF,
    0xFA, 0x7D, 0x65, 0xFF, 0xFA, 0x7D, 0x65, 0xFF, 0xFA, 0x7D, 0x65, 0xFF,
    0xFA, 0x7D, 0x65, 0xFF, 0xFA, 0x7D, 0x65, 0xFF, 0xFA, 0x7D, 0x65, 0xFF,
    0xFA, 0x7D, 0x65, 0xFF, 0xFA, 0x7D, 0x65, 0xFF, 0xFA, 0x7D, 0x65, 0xFF,
    0xFA, 0x7D, 0x65, 0xFF, 0xFA, 0x7D, 0x65, 0xFF, 0xFA, 0x7D, 0x65, 0xFF,
    0xFA, 0x7D, 0x65, 0xFF, 0xFA, 0x7D, 0x65, 0xFF, 0xFA, 0x7D, 0x65, 0xFF,
    0xFA, 0x7D, 0x65, 0xFF, 0xFA, 0x7D, 0x65, 0xFF, 0xFA, 0x7D, 0x65, 0xFF,
    0xFA, 0x7D, 0x65, 0xFF, 0xFA, 0x7D, 0x65, 0xFF, 0xFA, 0x7D, 0x65, 0xFF,
    0xFA, 0x7D, 0x65, 0xFF, 0xFA, 0x7D, 0x65, 0xFF, 0xFA, 0x7D, 0x65, 0xFF,
    0xFA, 0x7F, 0x67, 0xFF, 0xF4, 0x9A, 0x89, 0xD9, 0x00, 0x00, 0x00, 0x0E,
    0x00, 0x00, 0x00, 0x00, 0x00, 0x00, 0x00, 0x00, 0x00, 0x00, 0x00, 0x00,
    0x00, 0x00, 0x00, 0x00, 0x00, 0x00, 0x00, 0x00, 0x00, 0x00, 0x00, 0x04,
    0x61, 0x3B, 0x35, 0x28, 0xFA, 0x95, 0x84, 0xFE, 0xF9, 0x7B, 0x66, 0xFF,
    0xF9, 0x7B, 0x66, 0xFF, 0xF9, 0x7B, 0x66, 0xFF, 0xF9, 0x7B, 0x66, 0xFF,
    0xF9, 0x7B, 0x66, 0xFF, 0xF9, 0x7B, 0x66, 0xFF, 0xF9, 0x7B, 0x66, 0xFF,
    0xF9, 0x7B, 0x66, 0xFF, 0xF9, 0x7B, 0x66, 0xFF, 0xF9, 0x7B, 0x66, 0xFF,
    0xF9, 0x7B, 0x66, 0xFF, 0xF9, 0x7B, 0x66, 0xFF, 0xF9, 0x7B, 0x66, 0xFF,
    0xF9, 0x7B, 0x66, 0xFF, 0xF9, 0x7B, 0x66, 0xFF, 0xF9, 0x7B, 0x66, 0xFF,
    0xF9, 0x7B, 0x66, 0xFF, 0xF9, 0x7B, 0x66, 0xFF, 0xF9, 0x7B, 0x66, 0xFF,
    0xF9, 0x7B, 0x66, 0xFF, 0xF9, 0x7B, 0x66, 0xFF, 0xF9, 0x7B, 0x66, 0xFF,
    0xF9, 0x7B, 0x66, 0xFF, 0xF9, 0x7B, 0x66, 0xFF, 0xF9, 0x7B, 0x66, 0xFF,
    0xF9, 0x7B, 0x66, 0xFF, 0xF9, 0x7B, 0x66, 0xFF, 0xF9, 0x7B, 0x66, 0xFF,
    0xF9, 0x7B, 0x66, 0xFF, 0xF9, 0x7B, 0x66, 0xFF, 0xF9, 0x7B, 0x66, 0xFF,
    0xF9, 0x7B, 0x66, 0xFF, 0xF9, 0x7B, 0x66, 0xFF, 0xF9, 0x7B, 0x66, 0xFF,
    0xF9, 0x7B, 0x66, 0xFF, 0xF9, 0x7B, 0x66, 0xFF, 0xF9, 0x7B, 0x66, 0xFF,
    0xF9, 0x7B, 0x66, 0xFF, 0xFA, 0x95, 0x84, 0xFE, 0x61, 0x3B, 0x35, 0x28,
    0x00, 0x00, 0x00, 0x04, 0x00, 0x00, 0x00, 0x00, 0x00, 0x00, 0x00, 0x00,
    0x00, 0x00, 0x00, 0x00, 0x00, 0x00, 0x00, 0x00, 0x00, 0x00, 0x00, 0x0C,
    0xAD, 0x68, 0x5D, 0x55, 0xF9, 0x8D, 0x7C, 0xFF, 0xF8, 0x79, 0x66, 0xFF,
    0xF8, 0x79, 0x66, 0xFF, 0xF8, 0x79, 0x66, 0xFF, 0xF8, 0x79, 0x66, 0xFF,
    0xF8, 0x79, 0x66, 0xFF, 0xF8, 0x79, 0x66, 0xFF, 0xF8, 0x79, 0x66, 0xFF,
    0xF8, 0x79, 0x66, 0xFF, 0xF8, 0x79, 0x66, 0xFF, 0xF8, 0x79, 0x66, 0xFF,
    0xF8, 0x79, 0x66, 0xFF, 0xF8, 0x79, 0x66, 0xFF, 0xF8, 0x79, 0x66, 0xFF,
    0xF8, 0x79, 0x66, 0xFF, 0xF8, 0x79, 0x66, 0xFF, 0xF8, 0x79, 0x66, 0xFF,
    0xF8, 0x79, 0x66, 0xFF, 0xF8, 0x79, 0x66, 0xFF, 0xF8, 0x79, 0x66, 0xFF,
    0xF8, 0x79, 0x66, 0xFF, 0xF8, 0x79, 0x66, 0xFF, 0xF8, 0x79, 0x66, 0xFF,
    0xF8, 0x79, 0x66, 0xFF, 0xF8, 0x79, 0x66, 0xFF, 0xF8, 0x79, 0x66, 0xFF,
    0xF8, 0x79, 0x66, 0xFF, 0xF8, 0x79, 0x66, 0xFF, 0xF8, 0x79, 0x66, 0xFF,
    0xF8, 0x79, 0x66, 0xFF, 0xF8, 0x79, 0x66, 0xFF, 0xF8, 0x79, 0x66, 0xFF,
    0xF8, 0x79, 0x66, 0xFF, 0xF8, 0x79, 0x66, 0xFF, 0xF8, 0x79, 0x66, 0xFF,
    0xF8, 0x79, 0x66, 0xFF, 0xF8, 0x79, 0x66, 0xFF, 0xF8, 0x79, 0x66, 0xFF,
    0xF8, 0x79, 0x66, 0xFF, 0xF9, 0x8D, 0x7C, 0xFF, 0xAD, 0x68, 0x5D, 0x55,
    0x00, 0x00, 0x00, 0x0C, 0x00, 0x00, 0x00, 0x00, 0x00, 0x00, 0x00, 0x00,
    0x00, 0x00, 0x00, 0x00, 0x00, 0x00, 0x00, 0x01, 0x00, 0x00, 0x00, 0x14,
    0xB6, 0x6B, 0x62, 0x66, 0xF8, 0x88, 0x79, 0xFF, 0xF7, 0x77, 0x66, 0xFF,
    0xF7, 0x77, 0x66, 0xFF, 0xF7, 0x77, 0x66, 0xFF, 0xF7, 0x77, 0x66, 0xFF,
    0xF7, 0x77, 0x66, 0xFF, 0xF7, 0x77, 0x66, 0xFF, 0xF7, 0x77, 0x66, 0xFF,
    0xF7, 0x77, 0x66, 0xFF, 0xF7, 0x77, 0x66, 0xFF, 0xF7, 0x77, 0x66, 0xFF,
    0xF7, 0x77, 0x66, 0xFF, 0xF7, 0x77, 0x66, 0xFF, 0xF7, 0x77, 0x66, 0xFF,
    0xF7, 0x77, 0x66, 0xFF, 0xF7, 0x77, 0x66, 0xFF, 0xF7, 0x77, 0x66, 0xFF,
    0xF9, 0x8F, 0x82, 0xFF, 0xF9, 0x99, 0x8D, 0xFF, 0xF9, 0x99, 0x8D, 0xFF,
    0xF8, 0x87, 0x78, 0xFF, 0xF7, 0x77, 0x66, 0xFF, 0xF7, 0x77, 0x66, 0xFF,
    0xF7, 0x77, 0x66, 0xFF, 0xF7, 0x77, 0x66, 0xFF, 0xF7, 0x77, 0x66, 0xFF,
    0xF7, 0x77, 0x66, 0xFF, 0xF7, 0x77, 0x66, 0xFF, 0xF7, 0x77, 0x66, 0xFF,
    0xF7, 0x77, 0x66, 0xFF, 0xF7, 0x77, 0x66, 0xFF, 0xF7, 0x77, 0x66, 0xFF,
    0xF7, 0x77, 0x66, 0xFF, 0xF7, 0x77, 0x66, 0xFF, 0xF7, 0x77, 0x66, 0xFF,
    0xF7, 0x77, 0x66, 0xFF, 0xF7, 0x77, 0x66, 0xFF, 0xF7, 0x77, 0x66, 0xFF,
    0xF7, 0x77, 0x66, 0xFF, 0xF8, 0x88, 0x79, 0xFF, 0xB6, 0x6B, 0x62, 0x66,
    0x00, 0x00, 0x00, 0x14, 0x00, 0x00, 0x00, 0x01, 0x00, 0x00, 0x00, 0x00,
    0x00, 0x00, 0x00, 0x00, 0x00, 0x00, 0x00, 0x04, 0x00, 0x00, 0x00, 0x16,
    0xB2, 0x67, 0x5F, 0x68, 0xF7, 0x85, 0x78, 0xFF, 0xF6, 0x75, 0x67, 0xFF,
    0xF6, 0x75, 0x67, 0xFF, 0xF6, 0x75, 0x67, 0xFF, 0xF6, 0x75, 0x67, 0xFF,
    0xF6, 0x75, 0x67, 0xFF, 0xF6, 0x75, 0x67, 0xFF, 0xF6, 0x75, 0x67, 0xFF,
    0xF6, 0x75, 0x67, 0xFF, 0xF6, 0x75, 0x67, 0xFF, 0xF6, 0x75, 0x67, 0xFF,
    0xF6, 0x75, 0x67, 0xFF, 0xF6, 0x75, 0x67, 0xFF, 0xF6, 0x75, 0x67, 0xFF,
    0xF9, 0xA4, 0x9B, 0xFF, 0xFC, 0xD5, 0xD0, 0xFF, 0xFE, 0xFA, 0xFA, 0xFF,
    0xFE, 0xFE, 0xFF, 0xFF, 0xFE, 0xFE, 0xFF, 0xFF, 0xFE, 0xFE, 0xFF, 0xFF,
    0xFE, 0xFE, 0xFF, 0xFF, 0xFD, 0xF1, 0xF0, 0xFF, 0xFB, 0xCC, 0xC7, 0xFF,
    0xF8, 0x93, 0x88, 0xFF, 0xF6, 0x75, 0x67, 0xFF, 0xF6, 0x75, 0x67, 0xFF,
    0xF6, 0x75, 0x67, 0xFF, 0xF6, 0x75, 0x67, 0xFF, 0xF6, 0x75, 0x67, 0xFF,
    0xF6, 0x75, 0x67, 0xFF, 0xF6, 0x75, 0x67, 0xFF, 0xF6, 0x75, 0x67, 0xFF,
    0xF6, 0x75, 0x67, 0xFF, 0xF6, 0x75, 0x67, 0xFF, 0xF6, 0x75, 0x67, 0xFF,
    0xF6, 0x75, 0x67, 0xFF, 0xF6, 0x75, 0x67, 0xFF, 0xF6, 0x75, 0x67, 0xFF,
    0xF6, 0x75, 0x67, 0xFF, 0xF7, 0x85, 0x78, 0xFF, 0xB2, 0x67, 0x5F, 0x68,
    0x00, 0x00, 0x00, 0x16, 0x00, 0x00, 0x00, 0x04, 0x00, 0x00, 0x00, 0x00,
    0x00, 0x00, 0x00, 0x00, 0x00, 0x00, 0x00, 0x06, 0x00, 0x00, 0x00, 0x18,
    0xAF, 0x64, 0x5D, 0x68, 0xF7, 0x82, 0x77, 0xFF, 0xF6, 0x73, 0x67, 0xFF,
    0xF6, 0x73, 0x67, 0xFF, 0xF6, 0x73, 0x67, 0xFF, 0xF6, 0x73, 0x67, 0xFF,
    0xF6, 0x73, 0x67, 0xFF, 0xF6, 0x73, 0x67, 0xFF, 0xF6, 0x73, 0x67, 0xFF,
    0xF6, 0x73, 0x67, 0xFF, 0xF6, 0x73, 0x67, 0xFF, 0xF6, 0x73, 0x67, 0xFF,
    0xF6, 0x73, 0x67, 0xFF, 0xF7, 0x95, 0x8D, 0xFF, 0xFC, 0xE7, 0xE6, 0xFF,
    0xFD, 0xFD, 0xFE, 0xFF, 0xFD, 0xFD, 0xFE, 0xFF, 0xFD, 0xFD, 0xFE, 0xFF,
    0xFD, 0xFD, 0xFE, 0xFF, 0xFD, 0xFD, 0xFE, 0xFF, 0xFD, 0xFD, 0xFE, 0xFF,
    0xFD, 0xFD, 0xFE, 0xFF, 0xFD, 0xFD, 0xFE, 0xFF, 0xFD, 0xFD, 0xFE, 0xFF,
    0xFD, 0xFD, 0xFE, 0xFF, 0xFB, 0xD6, 0xD3, 0xFF, 0xF7, 0x84, 0x7A, 0xFF,
    0xF6, 0x73, 0x67, 0xFF, 0xF6, 0x73, 0x67, 0xFF, 0xF6, 0x73, 0x67, 0xFF,
    0xF6, 0x73, 0x67, 0xFF, 0xF6, 0x73, 0x67, 0xFF, 0xF6, 0x73, 0x67, 0xFF,
    0xF6, 0x73, 0x67, 0xFF, 0xF6, 0x73, 0x67, 0xFF, 0xF6, 0x73, 0x67, 0xFF,
    0xF6, 0x73, 0x67, 0xFF, 0xF6, 0x73, 0x67, 0xFF, 0xF6, 0x73, 0x67, 0xFF,
    0xF6, 0x73, 0x67, 0xFF, 0xF7, 0x82, 0x77, 0xFF, 0xAF, 0x64, 0x5D, 0x68,
    0x00, 0x00, 0x00, 0x18, 0x00, 0x00, 0x00, 0x06, 0x00, 0x00, 0x00, 0x00,
    0x00, 0x00, 0x00, 0x00, 0x00, 0x00, 0x00, 0x07, 0x00, 0x00, 0x00, 0x18,
    0xAE, 0x61, 0x5B, 0x68, 0xF6, 0x7F, 0x77, 0xFF, 0xF5, 0x71, 0x68, 0xFF,
    0xF5, 0x71, 0x68, 0xFF, 0xF5, 0x71, 0x68, 0xFF, 0xF5, 0x71, 0x68, 0xFF,
    0xF5, 0x71, 0x68, 0xFF, 0xF5, 0x71, 0x68, 0xFF, 0xF5, 0x71, 0x68, 0xFF,
    0xF5, 0x71, 0x68, 0xFF, 0xF5, 0x71, 0x68, 0xFF, 0xF5, 0x71, 0x68, 0xFF,
    0xF8, 0xAF, 0xAA, 0xFF, 0xFC, 0xFD, 0xFD, 0xFF, 0xFC, 0xFD, 0xFD, 0xFF,
    0xFC, 0xFD, 0xFD, 0xFF, 0xFC, 0xFD, 0xFD, 0xFF, 0xFC, 0xFD, 0xFD, 0xFF,
    0xCE, 0xEB, 0xD7, 0xFF, 0x79, 0xCC, 0x90, 0xFF, 0x85, 0xD0, 0x9A, 0xFF,
    0xE6, 0xF5, 0xEB, 0xFF, 0xFC, 0xFD, 0xFD, 0xFF, 0xFC, 0xFD, 0xFD, 0xFF,
    0xFC, 0xFD, 0xFD, 0xFF, 0xFC, 0xFD, 0xFD, 0xFF, 0xFC, 0xF4, 0xF4, 0xFF,
    0xF7, 0x95, 0x8E, 0xFF, 0xF5, 0x71, 0x68, 0xFF, 0xF5, 0x71, 0x68, 0xFF,
    0xF5, 0x71, 0x68, 0xFF, 0xF5, 0x71, 0x68, 0xFF, 0xF5, 0x71, 0x68, 0xFF,
    0xF5, 0x71, 0x68, 0xFF, 0xF5, 0x71, 0x68, 0xFF, 0xF5, 0x71, 0x68, 0xFF,
    0xF5, 0x71, 0x68, 0xFF, 0xF5, 0x71, 0x68, 0xFF, 0xF5, 0x71, 0x68, 0xFF,
    0xF5, 0x71, 0x68, 0xFF, 0xF6, 0x7F, 0x77, 0xFF, 0xAE, 0x61, 0x5B, 0x68,
    0x00, 0x00, 0x00, 0x18, 0x00, 0x00, 0x00, 0x07, 0x00, 0x00, 0x00, 0x00,
    0x00, 0x00, 0x00, 0x00, 0x00, 0x00, 0x00, 0x07, 0x00, 0x00, 0x00, 0x18,
    0xAD, 0x5E, 0x5A, 0x67, 0xF5, 0x7C, 0x76, 0xFF, 0xF4, 0x6F, 0x68, 0xFF,
    0xF4, 0x6F, 0x68, 0xFF, 0xF4, 0x6F, 0x68, 0xFF, 0xF4, 0x6F, 0x68, 0xFF,
    0xF4, 0x6F, 0x68, 0xFF, 0xF4, 0x6F, 0x68, 0xFF, 0xF4, 0x6F, 0x68, 0xFF,
    0xF4, 0x6F, 0x68, 0xFF, 0xF4, 0x6F, 0x68, 0xFF, 0xF7, 0xB1, 0xAE, 0xFF,
    0xFB, 0xFC, 0xFD, 0xFF, 0xFB, 0xFC, 0xFD, 0xFF, 0xFB, 0xFC, 0xFD, 0xFF,
    0xFB, 0xFC, 0xFD, 0xFF, 0xFB, 0xFC, 0xFD, 0xFF, 0xDD, 0xF1, 0xE3, 0xFF,
    0x3D, 0xB6, 0x5E, 0xFF, 0x38, 0xB4, 0x5A, 0xFF, 0x38, 0xB4, 0x5A, 0xFF,
    0x53, 0xBE, 0x71, 0xFF, 0xF7, 0xFA, 0xFA, 0xFF, 0xFB, 0xFC, 0xFD, 0xFF,
    0xFB, 0xFC, 0xFD, 0xFF, 0xFB, 0xFC, 0xFD, 0xFF, 0xFB, 0xFC, 0xFD, 0xFF,
    0xFB, 0xF8, 0xF9, 0xFF, 0xF6, 0x92, 0x8D, 0xFF, 0xF4, 0x6F, 0x68, 0xFF,
    0xF4, 0x6F, 0x68, 0xFF, 0xF4, 0x6F, 0x68, 0xFF, 0xF4, 0x6F, 0x68, 0xFF,
    0xF4, 0x6F, 0x68, 0xFF, 0xF4, 0x6F, 0x68, 0xFF, 0xF4, 0x6F, 0x68, 0xFF,
    0xF4, 0x6F, 0x68, 0xFF, 0xF4, 0x6F, 0x68, 0xFF, 0xF4, 0x6F, 0x68, 0xFF,
    0xF4, 0x6F, 0x68, 0xFF, 0xF5, 0x7C, 0x76, 0xFF, 0xAD, 0x5E, 0x5A, 0x67,
    0x00, 0x00, 0x00, 0x18, 0x00, 0x00, 0x00, 0x07, 0x00, 0x00, 0x00, 0x00,
    0x00, 0x00, 0x00, 0x00, 0x00, 0x00, 0x00, 0x07, 0x00, 0x00, 0x00, 0x18,
    0xAB, 0x5B, 0x58, 0x66, 0xF4, 0x79, 0x75, 0xFF, 0xF3, 0x6D, 0x69, 0xFF,
    0xF3, 0x6D, 0x69, 0xFF, 0xF3, 0x6D, 0x69, 0xFF, 0xF3, 0x6D, 0x69, 0xFF,
    0xF3, 0x6D, 0x69, 0xFF, 0xF3, 0x6D, 0x69, 0xFF, 0xF3, 0x6D, 0x69, 0xFF,
    0xF3, 0x6D, 0x69, 0xFF, 0xF5, 0x95, 0x92, 0xFF, 0xFA, 0xFB, 0xFC, 0xFF,
    0xFA, 0xFB, 0xFC, 0xFF, 0xF1, 0xF5, 0xFB, 0xFF, 0xAB, 0xCB, 0xF1, 0xFF,
    0xAB, 0xCB, 0xF1, 0xFF, 0xF1, 0xF5, 0xFB, 0xFF, 0xA8, 0xDD, 0xB7, 0xFF,
    0x38, 0xB4, 0x5A, 0xFF, 0x38, 0xB4, 0x5A, 0xFF, 0x38, 0xB4, 0x5A, 0xFF,
    0x38, 0xB4, 0x5A, 0xFF, 0xD8, 0xEE, 0xE0, 0xFF, 0xFA, 0xFB, 0xFC, 0xFF,
    0xFA, 0xFB, 0xFC, 0xFF, 0xFA, 0xFB, 0xFC, 0xFF, 0xFA, 0xFB, 0xFC, 0xFF,
    0xFA, 0xFB, 0xFC, 0xFF, 0xF9, 0xF1, 0xF2, 0xFF, 0xF4, 0x7B, 0x77, 0xFF,
    0xF3, 0x6D, 0x69, 0xFF, 0xF3, 0x6D, 0x69, 0xFF, 0xF3, 0x6D, 0x69, 0xFF,
    0xF3, 0x6D, 0x69, 0xFF, 0xF3, 0x6D, 0x69, 0xFF, 0xF3, 0x6D, 0x69, 0xFF,
    0xF3, 0x6D, 0x69, 0xFF, 0xF3, 0x6D, 0x69, 0xFF, 0xF3, 0x6D, 0x69, 0xFF,
    0xF3, 0x6D, 0x69, 0xFF, 0xF4, 0x79, 0x75, 0xFF, 0xAB, 0x5B, 0x58, 0x66,
    0x00, 0x00, 0x00, 0x18, 0x00, 0x00, 0x00, 0x07, 0x00, 0x00, 0x00, 0x00,
    0x00, 0x00, 0x00, 0x00, 0x00, 0x00, 0x00, 0x07, 0x00, 0x00, 0x00, 0x18,
    0xAA, 0x58, 0x57, 0x66, 0xF3, 0x76, 0x74, 0xFF, 0xF2, 0x6B, 0x69, 0xFF,
    0xF2, 0x6B, 0x69, 0xFF, 0xF2, 0x6B, 0x69, 0xFF, 0xF2, 0x6B, 0x69, 0xFF,
    0xF2, 0x6B, 0x69, 0xFF, 0xF2, 0x6B, 0x69, 0xFF, 0xF2, 0x6B, 0x69, 0xFF,
    0xF3, 0x70, 0x6E, 0xFF, 0xF8, 0xE8, 0xE9, 0xFF, 0xF9, 0xFA, 0xFB, 0xFF,
    0xF4, 0xF7, 0xFB, 0xFF, 0x55, 0x96, 0xE5, 0xFF, 0x2F, 0x7F, 0xE0, 0xFF,
    0x2F, 0x7F, 0xE0, 0xFF, 0x55, 0x96, 0xE5, 0xFF, 0xC5, 0xE6, 0xD2, 0xFF,
    0x38, 0xB4, 0x5A, 0xFF, 0x38, 0xB4, 0x5A, 0xFF, 0x38, 0xB4, 0x5A, 0xFF,
    0x42, 0xB8, 0x62, 0xFF, 0xEF, 0xE9, 0xC8, 0xFF, 0xF3, 0xBA, 0x33, 0xFF,
    0xF2, 0xB2, 0x1A, 0xFF, 0xF4, 0xC3, 0x50, 0xFF, 0xF8, 0xF5, 0xEB, 0xFF,
    0xF9, 0xFA, 0xFB, 0xFF, 0xF9, 0xFA, 0xFB, 0xFF, 0xF7, 0xC9, 0xC9, 0xFF,
    0xF2, 0x6B, 0x69, 0xFF, 0xF2, 0x6B, 0x69, 0xFF, 0xF2, 0x6B, 0x69, 0xFF,
    0xF2, 0x6B, 0x69, 0xFF, 0xF2, 0x6B, 0x69, 0xFF, 0xF2, 0x6B, 0x69, 0xFF,
    0xF2, 0x6B, 0x69, 0xFF, 0xF2, 0x6B, 0x69, 0xFF, 0xF2, 0x6B, 0x69, 0xFF,
    0xF2, 0x6B, 0x69, 0xFF, 0xF3, 0x76, 0x74, 0xFF, 0xAA, 0x58, 0x57, 0x66,
    0x00, 0x00, 0x00, 0x18, 0x00, 0x00, 0x00, 0x07, 0x00, 0x00, 0x00, 0x00,
    0x00, 0x00, 0x00, 0x00, 0x00, 0x00, 0x00, 0x07, 0x00, 0x00, 0x00, 0x18,
    0xA8, 0x55, 0x55, 0x65, 0xF2, 0x73, 0x73, 0xFF, 0xF2, 0x69, 0x6A, 0xFF,
    0xF2, 0x69, 0x6A, 0xFF, 0xF2, 0x69, 0x6A, 0xFF, 0xF2, 0x69, 0x6A, 0xFF,
    0xF2, 0x69, 0x6A, 0xFF, 0xF2, 0x69, 0x6A, 0xFF, 0xF2, 0x69, 0x6A, 0xFF,
    0xF4, 0xA3, 0xA4, 0xFF, 0xF8, 0xF9, 0xFB, 0xFF, 0xF8, 0xF9, 0xFB, 0xFF,
    0xC1, 0xD8, 0xF3, 0xFF, 0x2F, 0x7F, 0xE0, 0xFF, 0x2F, 0x7F, 0xE0, 0xFF,
    0x2F, 0x7F, 0xE0, 0xFF, 0x2F, 0x7F, 0xE0, 0xFF, 0xC1, 0xD8, 0xF3, 0xFF,
    0xA0, 0xD9, 0xB1, 0xFF, 0x47, 0xB9, 0x67, 0xFF, 0x53, 0xBE, 0x71, 0xFF,
    0xC4, 0xE6, 0xCF, 0xFF, 0xF3, 0xC0, 0x47, 0xFF, 0xF2, 0xB2, 0x1A, 0xFF,
    0xF2, 0xB2, 0x1A, 0xFF, 0xF2, 0xB2, 0x1A, 0xFF, 0xF5, 0xD2, 0x7F, 0xFF,
    0xF8, 0xF9, 0xFB, 0xFF, 0xF8, 0xF9, 0xFB, 0xFF, 0xF8, 0xF9, 0xFB, 0xFF,
    0xF3, 0x7F, 0x80, 0xFF, 0xF2, 0x69, 0x6A, 0xFF, 0xF2, 0x69, 0x6A, 0xFF,
    0xF2, 0x69, 0x6A, 0xFF, 0xF2, 0x69, 0x6A, 0xFF, 0xF2, 0x69, 0x6A, 0xFF,
    0xF2, 0x69, 0x6A, 0xFF, 0xF2, 0x69, 0x6A, 0xFF, 0xF2, 0x69, 0x6A, 0xFF,
    0xF2, 0x69, 0x6A, 0xFF, 0xF2, 0x73, 0x73, 0xFF, 0xA8, 0x55, 0x55, 0x65,
    0x00, 0x00, 0x00, 0x18, 0x00, 0x00, 0x00, 0x07, 0x00, 0x00, 0x00, 0x00,
    0x00, 0x00, 0x00, 0x00, 0x00, 0x00, 0x00, 0x07, 0x00, 0x00, 0x00, 0x18,
    0xA7, 0x52, 0x54, 0x64, 0xF2, 0x70, 0x73, 0xFF, 0xF1, 0x67, 0x6A, 0xFF,
    0xF1, 0x67, 0x6A, 0xFF, 0xF1, 0x67, 0x6A, 0xFF, 0xF1, 0x67, 0x6A, 0xFF,
    0xF1, 0x67, 0x6A, 0xFF, 0xF1, 0x67, 0x6A, 0xFF, 0xF1, 0x67, 0x6A, 0xFF,
    0xF6, 0xDA, 0xDD, 0xFF, 0xF7, 0xF8, 0xFA, 0xFF, 0xF7, 0xF8, 0xFA, 0xFF,
    0xCC, 0xDE, 0xF5, 0xFF, 0x2F, 0x7F, 0xE0, 0xFF, 0x2F, 0x7F, 0xE0, 0xFF,
    0x2F, 0x7F, 0xE0, 0xFF, 0x2F, 0x7F, 0xE0, 0xFF, 0xCC, 0xDE, 0xF5, 0xFF,
    0xF7, 0xF8, 0xFA, 0xFF, 0xF7, 0xF8, 0xFA, 0xFF, 0xF7, 0xF8, 0xFA, 0xFF,
    0xF7, 0xF8, 0xFA, 0xFF, 0xF2, 0xB8, 0x2D, 0xFF, 0xF2, 0xB2, 0x1A, 0xFF,
    0xF2, 0xB2, 0x1A, 0xFF, 0xF2, 0xB2, 0x1A, 0xFF, 0xF4, 0xCA, 0x65, 0xFF,
    0xF7, 0xF8, 0xFA, 0xFF, 0xF7, 0xF8, 0xFA, 0xFF, 0xF7, 0xF8, 0xFA, 0xFF,
    0xF4, 0xB6, 0xB9, 0xFF, 0xF1, 0x67, 0x6A, 0xFF, 0xF1, 0x67, 0x6A, 0xFF,
    0xF1, 0x67, 0x6A, 0xFF, 0xF1, 0x67, 0x6A, 0xFF, 0xF1, 0x67, 0x6A, 0xFF,
    0xF1, 0x67, 0x6A, 0xFF, 0xF1, 0x67, 0x6A, 0xFF, 0xF1, 0x67, 0x6A, 0xFF,
    0xF1, 0x67, 0x6A, 0xFF, 0xF2, 0x70, 0x73, 0xFF, 0xA7, 0x52, 0x54, 0x64,
    0x00, 0x00, 0x00, 0x18, 0x00, 0x00, 0x00, 0x07, 0x00, 0x00, 0x00, 0x00,
    0x00, 0x00, 0x00, 0x00, 0x00, 0x00, 0x00, 0x07, 0x00, 0x00, 0x00, 0x18,
    0xA5, 0x4F, 0x52, 0x64, 0xF1, 0x6D, 0x72, 0xFF, 0xF0, 0x65, 0x6B, 0xFF,
    0xF0, 0x65, 0x6B, 0xFF, 0xF0, 0x65, 0x6B, 0xFF, 0xF0, 0x65, 0x6B, 0xFF,
    0xF0, 0x65, 0x6B, 0xFF, 0xF0, 0x65, 0x6B, 0xFF, 0xF0, 0x6F, 0x74, 0xFF,
    0xF6, 0xF6, 0xF8, 0xFF, 0xF6, 0xF7, 0xFA, 0xFF, 0xF6, 0xF7, 0xFA, 0xFF,
    0xF6, 0xF7, 0xFA, 0xFF, 0x7E, 0xAF, 0xEA, 0xFF, 0x2F, 0x7F, 0xE0, 0xFF,
    0x2F, 0x7F, 0xE0, 0xFF, 0x7E, 0xAF, 0xEA, 0xFF, 0xF6, 0xF7, 0xFA, 0xFF,
    0xF6, 0xF7, 0xFA, 0xFF, 0xF6, 0xF7, 0xFA, 0xFF, 0xF6, 0xF7, 0xFA, 0xFF,
    0xF6, 0xF7, 0xFA, 0xFF, 0xF4, 0xD1, 0x7E, 0xFF, 0xF2, 0xB2, 0x1A, 0xFF,
    0xF2, 0xB2, 0x1A, 0xFF, 0xF2, 0xB2, 0x1A, 0xFF, 0xF5, 0xE2, 0xB6, 0xFF,
    0xF6, 0xF7, 0xFA, 0xFF, 0xF6, 0xF7, 0xFA, 0xFF, 0xF6, 0xF7, 0xFA, 0xFF,
    0xF5, 0xDB, 0xDE, 0xFF, 0xF0, 0x65, 0x6B, 0xFF, 0xF0, 0x65, 0x6B, 0xFF,
    0xF0, 0x65, 0x6B, 0xFF, 0xF0, 0x65, 0x6B, 0xFF, 0xF0, 0x65, 0x6B, 0xFF,
    0xF0, 0x65, 0x6B, 0xFF, 0xF0, 0x65, 0x6B, 0xFF, 0xF0, 0x65, 0x6B, 0xFF,
    0xF0, 0x65, 0x6B, 0xFF, 0xF1, 0x6D, 0x72, 0xFF, 0xA5, 0x4F, 0x52, 0x64,
    0x00, 0x00, 0x00, 0x18, 0x00, 0x00, 0x00, 0x07, 0x00, 0x00, 0x00, 0x00,
    0x00, 0x00, 0x00, 0x00, 0x00, 0x00, 0x00, 0x07, 0x00, 0x00, 0x00, 0x18,
    0xA4, 0x4C, 0x51, 0x63, 0xF0, 0x6A, 0x71, 0xFF, 0xEF, 0x63, 0x6B, 0xFF,
    0xEF, 0x63, 0x6B, 0xFF, 0xEF, 0x63, 0x6B, 0xFF, 0xEF, 0x63, 0x6B, 0xFF,
    0xEF, 0x63, 0x6B, 0xFF, 0xEF, 0x63, 0x6B, 0xFF, 0xF0, 0x89, 0x8F, 0xFF,
    0xF5, 0xF6, 0xF9, 0xFF, 0xF5, 0xF6, 0xF9, 0xFF, 0xF5, 0xF6, 0xF9, 0xFF,
    0xF5, 0xF6, 0xF9, 0xFF, 0xF5, 0xF6, 0xF9, 0xFF, 0xD9, 0xE6, 0xF5, 0xFF,
    0xD9, 0xE6, 0xF5, 0xFF, 0xF5, 0xF6, 0xF9, 0xFF, 0xF5, 0xF6, 0xF9, 0xFF,
    0xF5, 0xF6, 0xF9, 0xFF, 0xF5, 0xF6, 0xF9, 0xFF, 0xF5, 0xF6, 0xF9, 0xFF,
    0xF5, 0xF6, 0xF9, 0xFF, 0xF5, 0xF6, 0xF9, 0xFF, 0xF4, 0xDC, 0xA3, 0xFF,
    0xF3, 0xD4, 0x89, 0xFF, 0xF4, 0xE4, 0xBE, 0xFF, 0xF5, 0xF6, 0xF9, 0xFF,
    0xF5, 0xF6, 0xF9, 0xFF, 0xF5, 0xF6, 0xF9, 0xFF, 0xF5, 0xF6, 0xF9, 0xFF,
    0xF5, 0xF5, 0xF7, 0xFF, 0xEF, 0x65, 0x6D, 0xFF, 0xEF, 0x63, 0x6B, 0xFF,
    0xEF, 0x63, 0x6B, 0xFF, 0xEF, 0x63, 0x6B, 0xFF, 0xEF, 0x63, 0x6B, 0xFF,
    0xEF, 0x63, 0x6B, 0xFF, 0xEF, 0x63, 0x6B, 0xFF, 0xEF, 0x63, 0x6B, 0xFF,
    0xEF, 0x63, 0x6B, 0xFF, 0xF0, 0x6A, 0x71, 0xFF, 0xA4, 0x4C, 0x51, 0x63,
    0x00, 0x00, 0x00, 0x18, 0x00, 0x00, 0x00, 0x07, 0x00, 0x00, 0x00, 0x00,
    0x00, 0x00, 0x00, 0x00, 0x00, 0x00, 0x00, 0x07, 0x00, 0x00, 0x00, 0x18,
    0xA2, 0x49, 0x4F, 0x62, 0xEF, 0x66, 0x70, 0xFF, 0xEE, 0x62, 0x6C, 0xFF,
    0xEE, 0x62, 0x6C, 0xFF, 0xEE, 0x62, 0x6C, 0xFF, 0xEE, 0x62, 0x6C, 0xFF,
    0xEE, 0x62, 0x6C, 0xFF, 0xEE, 0x62, 0x6C, 0xFF, 0xF0, 0x93, 0x9B, 0xFF,
    0xF4, 0xF5, 0xF8, 0xFF, 0xF4, 0xF5, 0xF8, 0xFF, 0xF4, 0xF5, 0xF8, 0xFF,
    0xF4, 0xF5, 0xF8, 0xFF, 0xF4, 0xF5, 0xF8, 0xFF, 0xF4, 0xF5, 0xF8, 0xFF,
    0xF4, 0xF5, 0xF8, 0xFF, 0xF4, 0xF5, 0xF8, 0xFF, 0xF4, 0xF5, 0xF8, 0xFF,
    0xF4, 0xF5, 0xF8, 0xFF, 0xF4, 0xF5, 0xF8, 0xFF, 0xF4, 0xF5, 0xF8, 0xFF,
    0xF4, 0xF5, 0xF8, 0xFF, 0xF4, 0xF5, 0xF8, 0xFF, 0xF4, 0xF5, 0xF8, 0xFF,
    0xF4, 0xF5, 0xF8, 0xFF, 0xF4, 0xF5, 0xF8, 0xFF, 0xF4, 0xF5, 0xF8, 0xFF,
    0xF4, 0xF5, 0xF8, 0xFF, 0xF4, 0xF5, 0xF8, 0xFF, 0xF4, 0xF5, 0xF8, 0xFF,
    0xF4, 0xF5, 0xF8, 0xFF, 0xEF, 0x6E, 0x78, 0xFF, 0xEE, 0x62, 0x6C, 0xFF,
    0xEE, 0x62, 0x6C, 0xFF, 0xEE, 0x62, 0x6C, 0xFF, 0xEE, 0x62, 0x6C, 0xFF,
    0xEE, 0x62, 0x6C, 0xFF, 0xEE, 0x62, 0x6C, 0xFF, 0xEE, 0x62, 0x6C, 0xFF,
    0xEE, 0x62, 0x6C, 0xFF, 0xEF, 0x66, 0x70, 0xFF, 0xA2, 0x49, 0x4F, 0x62,
    0x00, 0x00, 0x00, 0x18, 0x00, 0x00, 0x00, 0x07, 0x00, 0x00, 0x00, 0x00,
    0x00, 0x00, 0x00, 0x00, 0x00, 0x00, 0x00, 0x07, 0x00, 0x00, 0x00, 0x18,
    0xA1, 0x45, 0x4D, 0x62, 0xEE, 0x63, 0x6F, 0xFF, 0xED, 0x60, 0x6C, 0xFF,
    0xED, 0x60, 0x6C, 0xFF, 0xED, 0x60, 0x6C, 0xFF, 0xED, 0x60, 0x6C, 0xFF,
    0xED, 0x60, 0x6C, 0xFF, 0xED, 0x60, 0x6C, 0xFF, 0xEF, 0x92, 0x9B, 0xFF,
    0xF2, 0xF5, 0xF8, 0xFF, 0xF2, 0xF5, 0xF8, 0xFF, 0xF2, 0xF5, 0xF8, 0xFF,
    0xF2, 0xF5, 0xF8, 0xFF, 0xF2, 0xF5, 0xF8, 0xFF, 0xF2, 0xF5, 0xF8, 0xFF,
    0xF2, 0xF5, 0xF8, 0xFF, 0xF2, 0xF5, 0xF8, 0xFF, 0xF2, 0xF5, 0xF8, 0xFF,
    0xF2, 0xF5, 0xF8, 0xFF, 0xF2, 0xF5, 0xF8, 0xFF, 0xF2, 0xF5, 0xF8, 0xFF,
    0xF2, 0xF5, 0xF8, 0xFF, 0xF2, 0xF5, 0xF8, 0xFF, 0xF2, 0xF5, 0xF8, 0xFF,
    0xF2, 0xEB, 0xEE, 0xFF, 0xF1, 0xCF, 0xD5, 0xFF, 0xF1, 0xCF, 0xD5, 0xFF,
    0xF2, 0xF4, 0xF7, 0xFF, 0xF2, 0xF5, 0xF8, 0xFF, 0xF2, 0xF5, 0xF8, 0xFF,
    0xF2, 0xF5, 0xF8, 0xFF, 0xEE, 0x6C, 0x78, 0xFF, 0xED, 0x60, 0x6C, 0xFF,
    0xED, 0x60, 0x6C, 0xFF, 0xED, 0x60, 0x6C, 0xFF, 0xED, 0x60, 0x6C, 0xFF,
    0xED, 0x60, 0x6C, 0xFF, 0xED, 0x60, 0x6C, 0xFF, 0xED, 0x60, 0x6C, 0xFF,
    0xED, 0x60, 0x6C, 0xFF, 0xEE, 0x63, 0x6F, 0xFF, 0xA1, 0x45, 0x4D, 0x62,
    0x00, 0x00, 0x00, 0x18, 0x00, 0x00, 0x00, 0x07, 0x00, 0x00, 0x00, 0x00,
    0x00, 0x00, 0x00, 0x00, 0x00, 0x00, 0x00, 0x07, 0x00, 0x00, 0x00, 0x18,
    0x9F, 0x42, 0x4C, 0x61, 0xED, 0x60, 0x6F, 0xFF, 0xED, 0x5E, 0x6D, 0xFF,
    0xED, 0x5E, 0x6D, 0xFF, 0xED, 0x5E, 0x6D, 0xFF, 0xED, 0x5E, 0x6D, 0xFF,
    0xED, 0x5E, 0x6D, 0xFF, 0xED, 0x5E, 0x6D, 0xFF, 0xEE, 0x83, 0x90, 0xFF,
    0xF1, 0xF4, 0xF7, 0xFF, 0xF1, 0xF4, 0xF7, 0xFF, 0xF1, 0xF4, 0xF7, 0xFF,
    0xEE, 0xEE, 0xF6, 0xFF, 0xB2, 0x8A, 0xE2, 0xFF, 0x8C, 0x49, 0xD5, 0xFF,
    0xA4, 0x72, 0xDD, 0xFF, 0xE4, 0xDC, 0xF2, 0xFF, 0xF1, 0xF4, 0xF7, 0xFF,
    0xF1, 0xF4, 0xF7, 0xFF, 0xF1, 0xF4, 0xF7, 0xFF, 0xF1, 0xF4, 0xF7, 0xFF,
    0xF1, 0xF4, 0xF7, 0xFF, 0xF1, 0xF4, 0xF7, 0xFF, 0xF0, 0xBE, 0xC6, 0xFF,
    0xED, 0x65, 0x73, 0xFF, 0xED, 0x5E, 0x6D, 0xFF, 0xED, 0x5E, 0x6D, 0xFF,
    0xED, 0x70, 0x7D, 0xFF, 0xF1, 0xD9, 0xDE, 0xFF, 0xF1, 0xF4, 0xF7, 0xFF,
    0xF1, 0xF2, 0xF6, 0xFF, 0xED, 0x60, 0x6E, 0xFF, 0xED, 0x5E, 0x6D, 0xFF,
    0xED, 0x5E, 0x6D, 0xFF, 0xED, 0x5E, 0x6D, 0xFF, 0xED, 0x5E, 0x6D, 0xFF,
    0xED, 0x5E, 0x6D, 0xFF, 0xED, 0x5E, 0x6D, 0xFF, 0xED, 0x5E, 0x6D, 0xFF,
    0xED, 0x5E, 0x6D, 0xFF, 0xED, 0x60, 0x6F, 0xFF, 0x9F, 0x42, 0x4C, 0x61,
    0x00, 0x00, 0x00, 0x18, 0x00, 0x00, 0x00, 0x07, 0x00, 0x00, 0x00, 0x00,
    0x00, 0x00, 0x00, 0x00, 0x00, 0x00, 0x00, 0x07, 0x00, 0x00, 0x00, 0x18,
    0x9E, 0x3F, 0x4A, 0x60, 0xEC, 0x5D, 0x6E, 0xFF, 0xEC, 0x5C, 0x6D, 0xFF,
    0xEC, 0x5C, 0x6D, 0xFF, 0xEC, 0x5C, 0x6D, 0xFF, 0xEC, 0x5C, 0x6D, 0xFF,
    0xEC, 0x5C, 0x6D, 0xFF, 0xEC, 0x5C, 0x6D, 0xFF, 0xEC, 0x66, 0x76, 0xFF,
    0xF0, 0xF2, 0xF5, 0xFF, 0xF0, 0xF3, 0xF6, 0xFF, 0xF0, 0xF3, 0xF6, 0xFF,
    0xBD, 0x9C, 0xE5, 0xFF, 0x8A, 0x46, 0xD4, 0xFF, 0x8A, 0x46, 0xD4, 0xFF,
    0x8A, 0x46, 0xD4, 0xFF, 0xA3, 0x71, 0xDD, 0xFF, 0xF0, 0xF3, 0xF6, 0xFF,
    0xF0, 0xF3, 0xF6, 0xFF, 0xF0, 0xF3, 0xF6, 0xFF, 0xF0, 0xF3, 0xF6, 0xFF,
    0xF0, 0xF3, 0xF6, 0xFF, 0xF0, 0xDA, 0xE0, 0xFF, 0xEC, 0x5E, 0x6F, 0xFF,
    0xEC, 0x5C, 0x6D, 0xFF, 0xEC, 0x5C, 0x6D, 0xFF, 0xEC, 0x5C, 0x6D, 0xFF,
    0xEC, 0x5C, 0x6D, 0xFF, 0xEC, 0x6F, 0x7E, 0xFF, 0xF0, 0xF0, 0xF4, 0xFF,
    0xEF, 0xD6, 0xDC, 0xFF, 0xEC, 0x5C, 0x6D, 0xFF, 0xEC, 0x5C, 0x6D, 0xFF,
    0xEC, 0x5C, 0x6D, 0xFF, 0xEC, 0x5C, 0x6D, 0xFF, 0xEC, 0x5C, 0x6D, 0xFF,
    0xEC, 0x5C, 0x6D, 0xFF, 0xEC, 0x5C, 0x6D, 0xFF, 0xEC, 0x5C, 0x6D, 0xFF,
    0xEC, 0x5C, 0x6D, 0xFF, 0xEC, 0x5D, 0x6E, 0xFF, 0x9E, 0x3F, 0x4A, 0x60,
    0x00, 0x00, 0x00, 0x18, 0x00, 0x00, 0x00, 0x07, 0x00, 0x00, 0x00, 0x00,
    0x00, 0x00, 0x00, 0x00, 0x00, 0x00, 0x00, 0x07, 0x00, 0x00, 0x00, 0x18,
    0x9C, 0x3C, 0x49, 0x60, 0xEB, 0x5A, 0x6D, 0xFF, 0xEB, 0x5A, 0x6D, 0xFF,
    0xEB, 0x5A, 0x6D, 0xFF, 0xEB, 0x5A, 0x6D, 0xFF, 0xEB, 0x5A, 0x6D, 0xFF,
    0xEB, 0x5A, 0x6D, 0xFF, 0xEB, 0x5A, 0x6D, 0xFF, 0xEB, 0x5A, 0x6D, 0xFF,
    0xEE, 0xD3, 0xDA, 0xFF, 0xEF, 0xF2, 0xF6, 0xFF, 0xEF, 0xF2, 0xF6, 0xFF,
    0xAB, 0x7E, 0xDF, 0xFF, 0x8A, 0x46, 0xD4, 0xFF, 0x8A, 0x46, 0xD4, 0xFF,
    0x8A, 0x46, 0xD4, 0xFF, 0x92, 0x53, 0xD7, 0xFF, 0xEF, 0xF2, 0xF6, 0xFF,
    0xEF, 0xF2, 0xF6, 0xFF, 0xEF, 0xF2, 0xF6, 0xFF, 0xEF, 0xF2, 0xF6, 0xFF,
    0xEF, 0xF2, 0xF6, 0xFF, 0xED, 0xA6, 0xB2, 0xFF, 0xEB, 0x5A, 0x6D, 0xFF,
    0xEB, 0x5A, 0x6D, 0xFF, 0xEB, 0x5A, 0x6D, 0xFF, 0xEB, 0x5A, 0x6D, 0xFF,
    0xEB, 0x5A, 0x6D, 0xFF, 0xEB, 0x5A, 0x6D, 0xFF, 0xEE, 0xCC, 0xD4, 0xFF,
    0xED, 0xAD, 0xB8, 0xFF, 0xEB, 0x5A, 0x6D, 0xFF, 0xEB, 0x5A, 0x6D, 0xFF,
    0xEB, 0x5A, 0x6D, 0xFF, 0xEB, 0x5A, 0x6D, 0xFF, 0xEB, 0x5A, 0x6D, 0xFF,
    0xEB, 0x5A, 0x6D, 0xFF, 0xEB, 0x5A, 0x6D, 0xFF, 0xEB, 0x5A, 0x6D, 0xFF,
    0xEB, 0x5A, 0x6D, 0xFF, 0xEB, 0x5A, 0x6D, 0xFF, 0x9C, 0x3C, 0x49, 0x60,
    0x00, 0x00, 0x00, 0x18, 0x00, 0x00, 0x00, 0x07, 0x00, 0x00, 0x00, 0x00,
    0x00, 0x00, 0x00, 0x00, 0x00, 0x00, 0x00, 0x07, 0x00, 0x00, 0x00, 0x18,
    0x9C, 0x3A, 0x49, 0x60, 0xEA, 0x58, 0x6E, 0xFF, 0xEA, 0x58, 0x6E, 0xFF,
    0xEA, 0x58, 0x6E, 0xFF, 0xEA, 0x58, 0x6E, 0xFF, 0xEA, 0x58, 0x6E, 0xFF,
    0xEA, 0x58, 0x6E, 0xFF, 0xEA, 0x58, 0x6E, 0xFF, 0xEA, 0x58, 0x6E, 0xFF,
    0xEC, 0x95, 0xA4, 0xFF, 0xEE, 0xF1, 0xF5, 0xFF, 0xEE, 0xF1, 0xF5, 0xFF,
    0xC8, 0xB0, 0xE9, 0xFF, 0x8A, 0x46, 0xD4, 0xFF, 0x8A, 0x46, 0xD4, 0xFF,
    0x8A, 0x46, 0xD4, 0xFF, 0xAF, 0x86, 0xE0, 0xFF, 0xEE, 0xF1, 0xF5, 0xFF,
    0xEE, 0xF1, 0xF5, 0xFF, 0xEE, 0xF1, 0xF5, 0xFF, 0xEE, 0xF1, 0xF5, 0xFF,
    0xEE, 0xF1, 0xF5, 0xFF, 0xEC, 0x9F, 0xAD, 0xFF, 0xEA, 0x58, 0x6E, 0xFF,
    0xEA, 0x58, 0x6E, 0xFF, 0xEA, 0x58, 0x6E, 0xFF, 0xEA, 0x58, 0x6E, 0xFF,
    0xEA, 0x58, 0x6E, 0xFF, 0xEA, 0x58, 0x6E, 0xFF, 0xED, 0xC5, 0xCE, 0xFF,
    0xEB, 0x6F, 0x82, 0xFF, 0xEA, 0x58, 0x6E, 0xFF, 0xEA, 0x58, 0x6E, 0xFF,
    0xEA, 0x58, 0x6E, 0xFF, 0xEA, 0x58, 0x6E, 0xFF, 0xEA, 0x58, 0x6E, 0xFF,
    0xEA, 0x58, 0x6E, 0xFF, 0xEA, 0x58, 0x6E, 0xFF, 0xEA, 0x58, 0x6E, 0xFF,
    0xEA, 0x58, 0x6E, 0xFF, 0xEA, 0x58, 0x6E, 0xFF, 0x9C, 0x3A, 0x49, 0x60,
    0x00, 0x00, 0x00, 0x18, 0x00, 0x00, 0x00, 0x07, 0x00, 0x00, 0x00, 0x00,
    0x00, 0x00, 0x00, 0x00, 0x00, 0x00, 0x00, 0x07, 0x00, 0x00, 0x00, 0x18,
    0x9B, 0x39, 0x49, 0x60, 0xE9, 0x56, 0x6E, 0xFF, 0xE9, 0x56, 0x6E, 0xFF,
    0xE9, 0x56, 0x6E, 0xFF, 0xE9, 0x56, 0x6E, 0xFF, 0xE9, 0x56, 0x6E, 0xFF,
    0xE9, 0x56, 0x6E, 0xFF, 0xE9, 0x56, 0x6E, 0xFF, 0xE9, 0x56, 0x6E, 0xFF,
    0xEA, 0x5B, 0x73, 0xFF, 0xED, 0xDD, 0xE4, 0xFF, 0xED, 0xF0, 0xF5, 0xFF,
    0xED, 0xF0, 0xF5, 0xFF, 0xC9, 0xB3, 0xE9, 0xFF, 0xA4, 0x73, 0xDD, 0xFF,
    0xBC, 0x9C, 0xE4, 0xFF, 0xEA, 0xEA, 0xF3, 0xFF, 0xED, 0xF0, 0xF5, 0xFF,
    0xED, 0xF0, 0xF5, 0xFF, 0xED, 0xF0, 0xF5, 0xFF, 0xED, 0xF0, 0xF5, 0xFF,
    0xED, 0xF0, 0xF5, 0xFF, 0xEC, 0xC7, 0xD1, 0xFF, 0xE9, 0x56, 0x6E, 0xFF,
    0xE9, 0x56, 0x6E, 0xFF, 0xE9, 0x56, 0x6E, 0xFF, 0xE9, 0x56, 0x6E, 0xFF,
    0xE9, 0x56, 0x6E, 0xFF, 0xEA, 0x5D, 0x75, 0xFF, 0xEC, 0xB5, 0xC1, 0xFF,
    0xE9, 0x56, 0x6E, 0xFF, 0xE9, 0x56, 0x6E, 0xFF, 0xE9, 0x56, 0x6E, 0xFF,
    0xE9, 0x56, 0x6E, 0xFF, 0xE9, 0x56, 0x6E, 0xFF, 0xE9, 0x56, 0x6E, 0xFF,
    0xE9, 0x56, 0x6E, 0xFF, 0xE9, 0x56, 0x6E, 0xFF, 0xE9, 0x56, 0x6E, 0xFF,
    0xE9, 0x56, 0x6E, 0xFF, 0xE9, 0x56, 0x6E, 0xFF, 0x9B, 0x39, 0x49, 0x60,
    0x00, 0x00, 0x00, 0x18, 0x00, 0x00, 0x00, 0x07, 0x00, 0x00, 0x00, 0x00,
    0x00, 0x00, 0x00, 0x00, 0x00, 0x00, 0x00, 0x07, 0x00, 0x00, 0x00, 0x18,
    0x9B, 0x38, 0x4A, 0x60, 0xE9, 0x54, 0x6F, 0xFF, 0xE9, 0x54, 0x6F, 0xFF,
    0xE9, 0x54, 0x6F, 0xFF, 0xE9, 0x54, 0x6F, 0xFF, 0xE9, 0x54, 0x6F, 0xFF,
    0xE9, 0x54, 0x6F, 0xFF, 0xE9, 0x54, 0x6F, 0xFF, 0xE9, 0x54, 0x6F, 0xFF,
    0xE9, 0x54, 0x6F, 0xFF, 0xEA, 0x7F, 0x94, 0xFF, 0xEC, 0xEF, 0xF4, 0xFF,
    0xEC, 0xEF, 0xF4, 0xFF, 0xEC, 0xEF, 0xF4, 0xFF, 0xEC, 0xEF, 0xF4, 0xFF,
    0xEC, 0xEF, 0xF4, 0xFF, 0xEC, 0xEF, 0xF4, 0xFF, 0xEC, 0xEF, 0xF4, 0xFF,
    0xEC, 0xEF, 0xF4, 0xFF, 0xEC, 0xEF, 0xF4, 0xFF, 0xEC, 0xEF, 0xF4, 0xFF,
    0xEC, 0xEF, 0xF4, 0xFF, 0xEC, 0xEF, 0xF4, 0xFF, 0xEA, 0x94, 0xA6, 0xFF,
    0xE9, 0x54, 0x6F, 0xFF, 0xE9, 0x54, 0x6F, 0xFF, 0xE9, 0x54, 0x6F, 0xFF,
    0xE9, 0x56, 0x71, 0xFF, 0xEB, 0xB2, 0xBF, 0xFF, 0xE9, 0x63, 0x7C, 0xFF,
    0xE9, 0x54, 0x6F, 0xFF, 0xE9, 0x54, 0x6F, 0xFF, 0xE9, 0x54, 0x6F, 0xFF,
    0xE9, 0x54, 0x6F, 0xFF, 0xE9, 0x54, 0x6F, 0xFF, 0xE9, 0x54, 0x6F, 0xFF,
    0xE9, 0x54, 0x6F, 0xFF, 0xE9, 0x54, 0x6F, 0xFF, 0xE9, 0x54, 0x6F, 0xFF,
    0xE9, 0x54, 0x6F, 0xFF, 0xE9, 0x54, 0x6F, 0xFF, 0x9B, 0x38, 0x4A, 0x60,
    0x00, 0x00, 0x00, 0x18, 0x00, 0x00, 0x00, 0x07, 0x00, 0x00, 0x00, 0x00,
    0x00, 0x00, 0x00, 0x00, 0x00, 0x00, 0x00, 0x07, 0x00, 0x00, 0x00, 0x18,
    0x9A, 0x36, 0x4A, 0x60, 0xE8, 0x52, 0x6F, 0xFF, 0xE8, 0x52, 0x6F, 0xFF,
    0xE8, 0x52, 0x6F, 0xFF, 0xE8, 0x52, 0x6F, 0xFF, 0xE8, 0x52, 0x6F, 0xFF,
    0xE8, 0x52, 0x6F, 0xFF, 0xE8, 0x52, 0x6F, 0xFF, 0xE8, 0x52, 0x6F, 0xFF,
    0xE8, 0x52, 0x6F, 0xFF, 0xE8, 0x52, 0x6F, 0xFF, 0xE9, 0x9B, 0xAD, 0xFF,
    0xEB, 0xEE, 0xF3, 0xFF, 0xEB, 0xEE, 0xF3, 0xFF, 0xEB, 0xEE, 0xF3, 0xFF,
    0xEB, 0xEE, 0xF3, 0xFF, 0xEB, 0xEE, 0xF3, 0xFF, 0xEB, 0xEE, 0xF3, 0xFF,
    0xEB, 0xEE, 0xF3, 0xFF, 0xEB, 0xEE, 0xF3, 0xFF, 0xEB, 0xEE, 0xF3, 0xFF,
    0xEB, 0xEE, 0xF3, 0xFF, 0xEB, 0xEE, 0xF3, 0xFF, 0xEB, 0xEE, 0xF3, 0xFF,
    0xEA, 0xC4, 0xD0, 0xFF, 0xE9, 0xA0, 0xB1, 0xFF, 0xE9, 0xA0, 0xB1, 0xFF,
    0xEA, 0xD4, 0xDD, 0xFF, 0xE9, 0x78, 0x90, 0xFF, 0xE8, 0x52, 0x6F, 0xFF,
    0xE8, 0x52, 0x6F, 0xFF, 0xE8, 0x52, 0x6F, 0xFF, 0xE8, 0x52, 0x6F, 0xFF,
    0xE8, 0x52, 0x6F, 0xFF, 0xE8, 0x52, 0x6F, 0xFF, 0xE8, 0x52, 0x6F, 0xFF,
    0xE8, 0x52, 0x6F, 0xFF, 0xE8, 0x52, 0x6F, 0xFF, 0xE8, 0x52, 0x6F, 0xFF,
    0xE8, 0x52, 0x6F, 0xFF, 0xE8, 0x52, 0x6F, 0xFF, 0x9A, 0x36, 0x4A, 0x60,
    0x00, 0x00, 0x00, 0x18, 0x00, 0x00, 0x00, 0x07, 0x00, 0x00, 0x00, 0x00,
    0x00, 0x00, 0x00, 0x00, 0x00, 0x00, 0x00, 0x07, 0x00, 0x00, 0x00, 0x18,
    0x9A, 0x35, 0x4A, 0x60, 0xE7, 0x50, 0x70, 0xFF, 0xE7, 0x50, 0x70, 0xFF,
    0xE7, 0x50, 0x70, 0xFF, 0xE7, 0x50, 0x70, 0xFF, 0xE7, 0x50, 0x70, 0xFF,
    0xE7, 0x50, 0x70, 0xFF, 0xE7, 0x50, 0x70, 0xFF, 0xE7, 0x50, 0x70, 0xFF,
    0xE7, 0x50, 0x70, 0xFF, 0xE7, 0x50, 0x70, 0xFF, 0xE7, 0x50, 0x70, 0xFF,
    0xE8, 0x95, 0xAA, 0xFF, 0xEA, 0xED, 0xF3, 0xFF, 0xEA, 0xED, 0xF3, 0xFF,
    0xEA, 0xED, 0xF3, 0xFF, 0xEA, 0xED, 0xF3, 0xFF, 0xEA, 0xED, 0xF3, 0xFF,
    0xEA, 0xED, 0xF3, 0xFF, 0xEA, 0xED, 0xF3, 0xFF, 0xEA, 0xED, 0xF3, 0xFF,
    0xEA, 0xED, 0xF3, 0xFF, 0xEA, 0xED, 0xF3, 0xFF, 0xEA, 0xED, 0xF3, 0xFF,
    0xEA, 0xED, 0xF3, 0xFF, 0xEA, 0xED, 0xF3, 0xFF, 0xEA, 0xE4, 0xEB, 0xFF,
    0xE8, 0x78, 0x91, 0xFF, 0xE7, 0x50, 0x70, 0xFF, 0xE7, 0x50, 0x70, 0xFF,
    0xE7, 0x50, 0x70, 0xFF, 0xE7, 0x50, 0x70, 0xFF, 0xE7, 0x50, 0x70, 0xFF,
    0xE7, 0x50, 0x70, 0xFF, 0xE7, 0x50, 0x70, 0xFF, 0xE7, 0x50, 0x70, 0xFF,
    0xE7, 0x50, 0x70, 0xFF, 0xE7, 0x50, 0x70, 0xFF, 0xE7, 0x50, 0x70, 0xFF,
    0xE7, 0x50, 0x70, 0xFF, 0xE7, 0x50, 0x70, 0xFF, 0x9A, 0x35, 0x4A, 0x60,
    0x00, 0x00, 0x00, 0x18, 0x00, 0x00, 0x00, 0x07, 0x00, 0x00, 0x00, 0x00,
    0x00, 0x00, 0x00, 0x00, 0x00, 0x00, 0x00, 0x07, 0x00, 0x00, 0x00, 0x18,
    0x99, 0x34, 0x4B, 0x60, 0xE6, 0x4E, 0x70, 0xFF, 0xE6, 0x4E, 0x70, 0xFF,
    0xE6, 0x4E, 0x70, 0xFF, 0xE6, 0x4E, 0x70, 0xFF, 0xE6, 0x4E, 0x70, 0xFF,
    0xE6, 0x4E, 0x70, 0xFF, 0xE6, 0x4E, 0x70, 0xFF, 0xE6, 0x4E, 0x70, 0xFF,
    0xE6, 0x4E, 0x70, 0xFF, 0xE6, 0x4E, 0x70, 0xFF, 0xE6, 0x4E, 0x70, 0xFF,
    0xE6, 0x4E, 0x70, 0xFF, 0xE7, 0x75, 0x90, 0xFF, 0xE8, 0xD3, 0xDD, 0xFF,
    0xE9, 0xED, 0xF2, 0xFF, 0xE9, 0xED, 0xF2, 0xFF, 0xE9, 0xED, 0xF2, 0xFF,
    0xE9, 0xED, 0xF2, 0xFF, 0xE9, 0xED, 0xF2, 0xFF, 0xE9, 0xED, 0xF2, 0xFF,
    0xE9, 0xED, 0xF2, 0xFF, 0xE9, 0xED, 0xF2, 0xFF, 0xE9, 0xED, 0xF2, 0xFF,
    0xE9, 0xED, 0xF2, 0xFF, 0xE8, 0xBF, 0xCD, 0xFF, 0xE6, 0x61, 0x80, 0xFF,
    0xE6, 0x4E, 0x70, 0xFF, 0xE6, 0x4E, 0x70, 0xFF, 0xE6, 0x4E, 0x70, 0xFF,
    0xE6, 0x4E, 0x70, 0xFF, 0xE6, 0x4E, 0x70, 0xFF, 0xE6, 0x4E, 0x70, 0xFF,
    0xE6, 0x4E, 0x70, 0xFF, 0xE6, 0x4E, 0x70, 0xFF, 0xE6, 0x4E, 0x70, 0xFF,
    0xE6, 0x4E, 0x70, 0xFF, 0xE6, 0x4E, 0x70, 0xFF, 0xE6, 0x4E, 0x70, 0xFF,
    0xE6, 0x4E, 0x70, 0xFF, 0xE6, 0x4E, 0x70, 0xFF, 0x99, 0x34, 0x4B, 0x60,
    0x00, 0x00, 0x00, 0x18, 0x00, 0x00, 0x00, 0x07, 0x00, 0x00, 0x00, 0x00,
    0x00, 0x00, 0x00, 0x00, 0x00, 0x00, 0x00, 0x07, 0x00, 0x00, 0x00, 0x18,
    0x91, 0x30, 0x48, 0x5B, 0xE5, 0x4C, 0x71, 0xFF, 0xE5, 0x4C, 0x71, 0xFF,
    0xE5, 0x4C, 0x71, 0xFF, 0xE5, 0x4C, 0x71, 0xFF, 0xE5, 0x4C, 0x71, 0xFF,
    0xE5, 0x4C, 0x71, 0xFF, 0xE5, 0x4C, 0x71, 0xFF, 0xE5, 0x4C, 0x71, 0xFF,
    0xE5, 0x4C, 0x71, 0xFF, 0xE5, 0x4C, 0x71, 0xFF, 0xE5, 0x4C, 0x71, 0xFF,
    0xE5, 0x4C, 0x71, 0xFF, 0xE5, 0x4C, 0x71, 0xFF, 0xE5, 0x4C, 0x71, 0xFF,
    0xE6, 0x83, 0x9D, 0xFF, 0xE7, 0xBB, 0xCA, 0xFF, 0xE8, 0xE6, 0xED, 0xFF,
    0xE8, 0xEC, 0xF1, 0xFF, 0xE8, 0xEC, 0xF1, 0xFF, 0xE8, 0xEC, 0xF1, 0xFF,
    0xE8, 0xEC, 0xF1, 0xFF, 0xE8, 0xDC, 0xE5, 0xFF, 0xE7, 0xB1, 0xC2, 0xFF,
    0xE6, 0x6F, 0x8D, 0xFF, 0xE5, 0x4C, 0x71, 0xFF, 0xE5, 0x4C, 0x71, 0xFF,
    0xE5, 0x4C, 0x71, 0xFF, 0xE5, 0x4C, 0x71, 0xFF, 0xE5, 0x4C, 0x71, 0xFF,
    0xE5, 0x4C, 0x71, 0xFF, 0xE5, 0x4C, 0x71, 0xFF, 0xE5, 0x4C, 0x71, 0xFF,
    0xE5, 0x4C, 0x71, 0xFF, 0xE5, 0x4C, 0x71, 0xFF, 0xE5, 0x4C, 0x71, 0xFF,
    0xE5, 0x4C, 0x71, 0xFF, 0xE5, 0x4C, 0x71, 0xFF, 0xE5, 0x4C, 0x71, 0xFF,
    0xE5, 0x4C, 0x71, 0xFF, 0xE5, 0x4C, 0x71, 0xFF, 0x91, 0x30, 0x48, 0x5B,
    0x00, 0x00, 0x00, 0x18, 0x00, 0x00, 0x00, 0x07, 0x00, 0x00, 0x00, 0x00,
    0x00, 0x00, 0x00, 0x00, 0x00, 0x00, 0x00, 0x07, 0x00, 0x00, 0x00, 0x18,
    0x6D, 0x23, 0x36, 0x47, 0xE5, 0x4A, 0x71, 0xFF, 0xE5, 0x4A, 0x71, 0xFF,
    0xE5, 0x4A, 0x71, 0xFF, 0xE5, 0x4A, 0x71, 0xFF, 0xE5, 0x4A, 0x71, 0xFF,
    0xE5, 0x4A, 0x71, 0xFF, 0xE5, 0x4A, 0x71, 0xFF, 0xE5, 0x4A, 0x71, 0xFF,
    0xE5, 0x4A, 0x71, 0xFF, 0xE5, 0x4A, 0x71, 0xFF, 0xE5, 0x4A, 0x71, 0xFF,
    0xE5, 0x4A, 0x71, 0xFF, 0xE5, 0x4A, 0x71, 0xFF, 0xE5, 0x4A, 0x71, 0xFF,
    0xE5, 0x4A, 0x71, 0xFF, 0xE5, 0x4A, 0x71, 0xFF, 0xE5, 0x4A, 0x71, 0xFF,
    0xE5, 0x67, 0x88, 0xFF, 0xE5, 0x72, 0x91, 0xFF, 0xE5, 0x72, 0x91, 0xFF,
    0xE5, 0x5C, 0x80, 0xFF, 0xE5, 0x4A, 0x71, 0xFF, 0xE5, 0x4A, 0x71, 0xFF,
    0xE5, 0x4A, 0x71, 0xFF, 0xE5, 0x4A, 0x71, 0xFF, 0xE5, 0x4A, 0x71, 0xFF,
    0xE5, 0x4A, 0x71, 0xFF, 0xE5, 0x4A, 0x71, 0xFF, 0xE5, 0x4A, 0x71, 0xFF,
    0xE5, 0x4A, 0x71, 0xFF, 0xE5, 0x4A, 0x71, 0xFF, 0xE5, 0x4A, 0x71, 0xFF,
    0xE5, 0x4A, 0x71, 0xFF, 0xE5, 0x4A, 0x71, 0xFF, 0xE5, 0x4A, 0x71, 0xFF,
    0xE5, 0x4A, 0x71, 0xFF, 0xE5, 0x4A, 0x71, 0xFF, 0xE5, 0x4A, 0x71, 0xFF,
    0xE5, 0x4A, 0x71, 0xFF, 0xE5, 0x4A, 0x71, 0xFF, 0x6D, 0x23, 0x36, 0x47,
    0x00, 0x00, 0x00, 0x18, 0x00, 0x00, 0x00, 0x07, 0x00, 0x00, 0x00, 0x00,
    0x00, 0x00, 0x00, 0x00, 0x00, 0x00, 0x00, 0x07, 0x00, 0x00, 0x00, 0x18,
    0x05, 0x02, 0x03, 0x2B, 0xE0, 0x47, 0x70, 0xEF, 0xE4, 0x48, 0x72, 0xFF,
    0xE4, 0x48, 0x72, 0xFF, 0xE4, 0x48, 0x72, 0xFF, 0xE4, 0x48, 0x72, 0xFF,
    0xE4, 0x48, 0x72, 0xFF, 0xE4, 0x48, 0x72, 0xFF, 0xE4, 0x48, 0x72, 0xFF,
    0xE4, 0x48, 0x72, 0xFF, 0xE4, 0x48, 0x72, 0xFF, 0xE4, 0x48, 0x72, 0xFF,
    0xE4, 0x48, 0x72, 0xFF, 0xE4, 0x48, 0x72, 0xFF, 0xE4, 0x48, 0x72, 0xFF,
    0xE4, 0x48, 0x72, 0xFF, 0xE4, 0x48, 0x72, 0xFF, 0xE4, 0x48, 0x72, 0xFF,
    0xE4, 0x48, 0x72, 0xFF, 0xE4, 0x48, 0x72, 0xFF, 0xE4, 0x48, 0x72, 0xFF,
    0xE4, 0x48, 0x72, 0xFF, 0xE4, 0x48, 0x72, 0xFF, 0xE4, 0x48, 0x72, 0xFF,
    0xE4, 0x48, 0x72, 0xFF, 0xE4, 0x48, 0x72, 0xFF, 0xE4, 0x48, 0x72, 0xFF,
    0xE4, 0x48, 0x72, 0xFF, 0xE4, 0x48, 0x72, 0xFF, 0xE4, 0x48, 0x72, 0xFF,
    0xE4, 0x48, 0x72, 0xFF, 0xE4, 0x48, 0x72, 0xFF, 0xE4, 0x48, 0x72, 0xFF,
    0xE4, 0x48, 0x72, 0xFF, 0xE4, 0x48, 0x72, 0xFF, 0xE4, 0x48, 0x72, 0xFF,
    0xE4, 0x48, 0x72, 0xFF, 0xE4, 0x48, 0x72, 0xFF, 0xE4, 0x48, 0x72, 0xFF,
    0xE4, 0x48, 0x72, 0xFF, 0xE0, 0x47, 0x70, 0xEF, 0x05, 0x02, 0x03, 0x2B,
    0x00, 0x00, 0x00, 0x18, 0x00, 0x00, 0x00, 0x07, 0x00, 0x00, 0x00, 0x00,
    0x00, 0x00, 0x00, 0x00, 0x00, 0x00, 0x00, 0x07, 0x00, 0x00, 0x00, 0x17,
    0x00, 0x00, 0x00, 0x27, 0xC8, 0x3E, 0x65, 0xAE, 0xE3, 0x46, 0x72, 0xFF,
    0xE3, 0x46, 0x72, 0xFF, 0xE3, 0x46, 0x72, 0xFF, 0xE3, 0x46, 0x72, 0xFF,
    0xE3, 0x46, 0x72, 0xFF, 0xE3, 0x46, 0x72, 0xFF, 0xE3, 0x46, 0x72, 0xFF,
    0xE3, 0x46, 0x72, 0xFF, 0xE3, 0x46, 0x72, 0xFF, 0xE3, 0x46, 0x72, 0xFF,
    0xE3, 0x46, 0x72, 0xFF, 0xE3, 0x46, 0x72, 0xFF, 0xE3, 0x46, 0x72, 0xFF,
    0xE3, 0x46, 0x72, 0xFF, 0xE3, 0x46, 0x72, 0xFF, 0xE3, 0x46, 0x72, 0xFF,
    0xE3, 0x46, 0x72, 0xFF, 0xE3, 0x46, 0x72, 0xFF, 0xE3, 0x46, 0x72, 0xFF,
    0xE3, 0x46, 0x72, 0xFF, 0xE3, 0x46, 0x72, 0xFF, 0xE3, 0x46, 0x72, 0xFF,
    0xE3, 0x46, 0x72, 0xFF, 0xE3, 0x46, 0x72, 0xFF, 0xE3, 0x46, 0x72, 0xFF,
    0xE3, 0x46, 0x72, 0xFF, 0xE3, 0x46, 0x72, 0xFF, 0xE3, 0x46, 0x72, 0xFF,
    0xE3, 0x46, 0x72, 0xFF, 0xE3, 0x46, 0x72, 0xFF, 0xE3, 0x46, 0x72, 0xFF,
    0xE3, 0x46, 0x72, 0xFF, 0xE3, 0x46, 0x72, 0xFF, 0xE3, 0x46, 0x72, 0xFF,
    0xE3, 0x46, 0x72, 0xFF, 0xE3, 0x46, 0x72, 0xFF, 0xE3, 0x46, 0x72, 0xFF,
    0xE3, 0x46, 0x72, 0xFF, 0xC8, 0x3E, 0x65, 0xAE, 0x00, 0x00, 0x00, 0x27,
    0x00, 0x00, 0x00, 0x17, 0x00, 0x00, 0x00, 0x07, 0x00, 0x00, 0x00, 0x00,
    0x00, 0x00, 0x00, 0x00, 0x00, 0x00, 0x00, 0x06, 0x00, 0x00, 0x00, 0x16,
    0x00, 0x00, 0x00, 0x24, 0x6F, 0x21, 0x38, 0x51, 0xE2, 0x44, 0x72, 0xFD,
    0xE2, 0x44, 0x73, 0xFF, 0xE2, 0x44, 0x73, 0xFF, 0xE2, 0x44, 0x73, 0xFF,
    0xE2, 0x44, 0x73, 0xFF, 0xE2, 0x44, 0x73, 0xFF, 0xE2, 0x44, 0x73, 0xFF,
    0xE2, 0x44, 0x73, 0xFF, 0xE2, 0x44, 0x73, 0xFF, 0xE2, 0x44, 0x73, 0xFF,
    0xE2, 0x44, 0x73, 0xFF, 0xE2, 0x44, 0x73, 0xFF, 0xE2, 0x44, 0x73, 0xFF,
    0xE2, 0x44, 0x73, 0xFF, 0xE2, 0x44, 0x73, 0xFF, 0xE2, 0x44, 0x73, 0xFF,
    0xE2, 0x44, 0x73, 0xFF, 0xE2, 0x44, 0x73, 0xFF, 0xE2, 0x44, 0x73, 0xFF,
    0xE2, 0x44, 0x73, 0xFF, 0xE2, 0x44, 0x73, 0xFF, 0xE2, 0x44, 0x73, 0xFF,
    0xE2, 0x44, 0x73, 0xFF, 0xE2, 0x44, 0x73, 0xFF, 0xE2, 0x44, 0x73, 0xFF,
    0xE2, 0x44, 0x73, 0xFF, 0xE2, 0x44, 0x73, 0xFF, 0xE2, 0x44, 0x73, 0xFF,
    0xE2, 0x44, 0x73, 0xFF, 0xE2, 0x44, 0x73, 0xFF, 0xE2, 0x44, 0x73, 0xFF,
    0xE2, 0x44, 0x73, 0xFF, 0xE2, 0x44, 0x73, 0xFF, 0xE2, 0x44, 0x73, 0xFF,
    0xE2, 0x44, 0x73, 0xFF, 0xE2, 0x44, 0x73, 0xFF, 0xE2, 0x44, 0x73, 0xFF,
    0xE2, 0x44, 0x72, 0xFD, 0x6F, 0x21, 0x38, 0x51, 0x00, 0x00, 0x00, 0x24,
    0x00, 0x00, 0x00, 0x16, 0x00, 0x00, 0x00, 0x06, 0x00, 0x00, 0x00, 0x00,
    0x00, 0x00, 0x00, 0x00, 0x00, 0x00, 0x00, 0x04, 0x00, 0x00, 0x00, 0x13,
    0x00, 0x00, 0x00, 0x21, 0x00, 0x00, 0x00, 0x2C, 0xBF, 0x38, 0x62, 0xA0,
    0xE1, 0x42, 0x73, 0xFF, 0xE1, 0x42, 0x73, 0xFF, 0xE1, 0x42, 0x73, 0xFF,
    0xE1, 0x42, 0x73, 0xFF, 0xE1, 0x42, 0x73, 0xFF, 0xE1, 0x42, 0x73, 0xFF,
    0xE1, 0x42, 0x73, 0xFF, 0xE1, 0x42, 0x73, 0xFF, 0xE1, 0x42, 0x73, 0xFF,
    0xE1, 0x42, 0x73, 0xFF, 0xE1, 0x42, 0x73, 0xFF, 0xE1, 0x42, 0x73, 0xFF,
    0xE1, 0x42, 0x73, 0xFF, 0xE1, 0x42, 0x73, 0xFF, 0xE1, 0x42, 0x73, 0xFF,
    0xE1, 0x42, 0x73, 0xFF, 0xE1, 0x42, 0x73, 0xFF, 0xE1, 0x42, 0x73, 0xFF,
    0xE1, 0x42, 0x73, 0xFF, 0xE1, 0x42, 0x73, 0xFF, 0xE1, 0x42, 0x73, 0xFF,
    0xE1, 0x42, 0x73, 0xFF, 0xE1, 0x42, 0x73, 0xFF, 0xE1, 0x42, 0x73, 0xFF,
    0xE1, 0x42, 0x73, 0xFF, 0xE1, 0x42, 0x73, 0xFF, 0xE1, 0x42, 0x73, 0xFF,
    0xE1, 0x42, 0x73, 0xFF, 0xE1, 0x42, 0x73, 0xFF, 0xE1, 0x42, 0x73, 0xFF,
    0xE1, 0x42, 0x73, 0xFF, 0xE1, 0x42, 0x73, 0xFF, 0xE1, 0x42, 0x73, 0xFF,
    0xE1, 0x42, 0x73, 0xFF, 0xE1, 0x42, 0x73, 0xFF, 0xE1, 0x42, 0x73, 0xFF,
    0xBF, 0x38, 0x62, 0xA0, 0x00, 0x00, 0x00, 0x2C, 0x00, 0x00, 0x00, 0x21,
    0x00, 0x00, 0x00, 0x13, 0x00, 0x00, 0x00, 0x04, 0x00, 0x00, 0x00, 0x00,
    0x00, 0x00, 0x00, 0x00, 0x00, 0x00, 0x00, 0x01, 0x00, 0x00, 0x00, 0x0F,
    0x00, 0x00, 0x00, 0x1C, 0x00, 0x00, 0x00, 0x27, 0x0F, 0x04, 0x08, 0x35,
    0xCF, 0x3B, 0x6B, 0xC3, 0xE0, 0x40, 0x74, 0xFF, 0xE0, 0x40, 0x74, 0xFF,
    0xE0, 0x40, 0x74, 0xFF, 0xE0, 0x40, 0x74, 0xFF, 0xE0, 0x40, 0x74, 0xFF,
    0xE0, 0x40, 0x74, 0xFF, 0xE0, 0x40, 0x74, 0xFF, 0xE0, 0x40, 0x74, 0xFF,
    0xE0, 0x40, 0x74, 0xFF, 0xE0, 0x40, 0x74, 0xFF, 0xE0, 0x40, 0x74, 0xFF,
    0xE0, 0x40, 0x74, 0xFF, 0xE0, 0x40, 0x74, 0xFF, 0xE0, 0x40, 0x74, 0xFF,
    0xE0, 0x40, 0x74, 0xFF, 0xE0, 0x40, 0x74, 0xFF, 0xE0, 0x40, 0x74, 0xFF,
    0xE0, 0x40, 0x74, 0xFF, 0xE0, 0x40, 0x74, 0xFF, 0xE0, 0x40, 0x74, 0xFF,
    0xE0, 0x40, 0x74, 0xFF, 0xE0, 0x40, 0x74, 0xFF, 0xE0, 0x40, 0x74, 0xFF,
    0xE0, 0x40, 0x74, 0xFF, 0xE0, 0x40, 0x74, 0xFF, 0xE0, 0x40, 0x74, 0xFF,
    0xE0, 0x40, 0x74, 0xFF, 0xE0, 0x40, 0x74, 0xFF, 0xE0, 0x40, 0x74, 0xFF,
    0xE0, 0x40, 0x74, 0xFF, 0xE0, 0x40, 0x74, 0xFF, 0xE0, 0x40, 0x74, 0xFF,
    0xE0, 0x40, 0x74, 0xFF, 0xE0, 0x40, 0x74, 0xFF, 0xCF, 0x3B, 0x6B, 0xC3,
    0x0F, 0x04, 0x08, 0x35, 0x00, 0x00, 0x00, 0x27, 0x00, 0x00, 0x00, 0x1C,
    0x00, 0x00, 0x00, 0x0F, 0x00, 0x00, 0x00, 0x01, 0x00, 0x00, 0x00, 0x00,
    0x00, 0x00, 0x00, 0x00, 0x00, 0x00, 0x00, 0x00, 0x00, 0x00, 0x00, 0x0A,
    0x00, 0x00, 0x00, 0x16, 0x00, 0x00, 0x00, 0x21, 0x00, 0x00, 0x00, 0x2A,
    0x15, 0x06, 0x0B, 0x37, 0xC5, 0x37, 0x66, 0xAE, 0xE0, 0x3E, 0x74, 0xFF,
    0xE0, 0x3E, 0x74, 0xFF, 0xE0, 0x3E, 0x74, 0xFF, 0xE0, 0x3E, 0x74, 0xFF,
    0xE0, 0x3E, 0x74, 0xFF, 0xE0, 0x3E, 0x74, 0xFF, 0xE0, 0x3E, 0x74, 0xFF,
    0xE0, 0x3E, 0x74, 0xFF, 0xE0, 0x3E, 0x74, 0xFF, 0xE0, 0x3E, 0x74, 0xFF,
    0xE0, 0x3E, 0x74, 0xFF, 0xE0, 0x3E, 0x74, 0xFF, 0xE0, 0x3E, 0x74, 0xFF,
    0xE0, 0x3E, 0x74, 0xFF, 0xE0, 0x3E, 0x74, 0xFF, 0xE0, 0x3E, 0x74, 0xFF,
    0xE0, 0x3E, 0x74, 0xFF, 0xE0, 0x3E, 0x74, 0xFF, 0xE0, 0x3E, 0x74, 0xFF,
    0xE0, 0x3E, 0x74, 0xFF, 0xE0, 0x3E, 0x74, 0xFF, 0xE0, 0x3E, 0x74, 0xFF,
    0xE0, 0x3E, 0x74, 0xFF, 0xE0, 0x3E, 0x74, 0xFF, 0xE0, 0x3E, 0x74, 0xFF,
    0xE0, 0x3E, 0x74, 0xFF, 0xE0, 0x3E, 0x74, 0xFF, 0xE0, 0x3E, 0x74, 0xFF,
    0xE0, 0x3E, 0x74, 0xFF, 0xE0, 0x3E, 0x74, 0xFF, 0xE0, 0x3E, 0x74, 0xFF,
    0xE0, 0x3E, 0x74, 0xFF, 0xC5, 0x37, 0x66, 0xAE, 0x15, 0x06, 0x0B, 0x37,
    0x00, 0x00, 0x00, 0x2A, 0x00, 0x00, 0x00, 0x21, 0x00, 0x00, 0x00, 0x16,
    0x00, 0x00, 0x00, 0x0A, 0x00, 0x00, 0x00, 0x00, 0x00, 0x00, 0x00, 0x00,
    0x00, 0x00, 0x00, 0x00, 0x00, 0x00, 0x00, 0x00, 0x00, 0x00, 0x00, 0x04,
    0x00, 0x00, 0x00, 0x10, 0x00, 0x00, 0x00, 0x1B, 0x00, 0x00, 0x00, 0x25,
    0x00, 0x00, 0x00, 0x2B, 0x00, 0x00, 0x00, 0x33, 0x8D, 0x26, 0x4A, 0x68,
    0xD1, 0x38, 0x6D, 0xCC, 0xDF, 0x3C, 0x75, 0xFF, 0xDF, 0x3C, 0x75, 0xFF,
    0xDF, 0x3C, 0x75, 0xFF, 0xDF, 0x3C, 0x75, 0xFF, 0xDF, 0x3C, 0x75, 0xFF,
    0xDF, 0x3C, 0x75, 0xFF, 0xDF, 0x3C, 0x75, 0xFF, 0xDF, 0x3C, 0x75, 0xFF,
    0xDF, 0x3C, 0x75, 0xFF, 0xDF, 0x3C, 0x75, 0xFF, 0xDF, 0x3C, 0x75, 0xFF,
    0xDF, 0x3C, 0x75, 0xFF, 0xDF, 0x3C, 0x75, 0xFF, 0xDF, 0x3C, 0x75, 0xFF,
    0xDF, 0x3C, 0x75, 0xFF, 0xDF, 0x3C, 0x75, 0xFF, 0xDF, 0x3C, 0x75, 0xFF,
    0xDF, 0x3C, 0x75, 0xFF, 0xDF, 0x3C, 0x75, 0xFF, 0xDF, 0x3C, 0x75, 0xFF,
    0xDF, 0x3C, 0x75, 0xFF, 0xDF, 0x3C, 0x75, 0xFF, 0xDF, 0x3C, 0x75, 0xFF,
    0xDF, 0x3C, 0x75, 0xFF, 0xDF, 0x3C, 0x75, 0xFF, 0xDF, 0x3C, 0x75, 0xFF,
    0xDF, 0x3C, 0x75, 0xFF, 0xDF, 0x3C, 0x75, 0xFF, 0xD1, 0x38, 0x6D, 0xCC,
    0x8D, 0x26, 0x4A, 0x68, 0x00, 0x00, 0x00, 0x33, 0x00, 0x00, 0x00, 0x2B,
    0x00, 0x00, 0x00, 0x25, 0x00, 0x00, 0x00, 0x1B, 0x00, 0x00, 0x00, 0x10,
    0x00, 0x00, 0x00, 0x04, 0x00, 0x00, 0x00, 0x00, 0x00, 0x00, 0x00, 0x00,
    0x00, 0x00, 0x00, 0x00, 0x00, 0x00, 0x00, 0x00, 0x00, 0x00, 0x00, 0x00,
    0x00, 0x00, 0x00, 0x0A, 0x00, 0x00, 0x00, 0x13, 0x00, 0x00, 0x00, 0x1C,
    0x00, 0x00, 0x00, 0x25, 0x00, 0x00, 0x00, 0x2A, 0x00, 0x00, 0x00, 0x31,
    0x00, 0x00, 0x00, 0x34, 0x57, 0x17, 0x2E, 0x4B, 0x9E, 0x29, 0x53, 0x77,
    0xB9, 0x30, 0x61, 0x99, 0xB9, 0x30, 0x61, 0x99, 0xB9, 0x30, 0x61, 0x99,
    0xB9, 0x30, 0x61, 0x99, 0xB9, 0x30, 0x61, 0x99, 0xB9, 0x30, 0x61, 0x99,
    0xB9, 0x30, 0x61, 0x99, 0xB9, 0x30, 0x61, 0x99, 0xB9, 0x30, 0x61, 0x99,
    0xB9, 0x30, 0x61, 0x99, 0xB9, 0x30, 0x61, 0x99, 0xB9, 0x30, 0x61, 0x99,
    0xB9, 0x30, 0x61, 0x99, 0xB9, 0x30, 0x61, 0x99, 0xB9, 0x30, 0x61, 0x99,
    0xB9, 0x30, 0x61, 0x99, 0xB9, 0x30, 0x61, 0x99, 0xB9, 0x30, 0x61, 0x99,
    0xB9, 0x30, 0x61, 0x99, 0xB9, 0x30, 0x61, 0x99, 0xB9, 0x30, 0x61, 0x99,
    0xB9, 0x30, 0x61, 0x99, 0xB9, 0x30, 0x61, 0x99, 0xB9, 0x30, 0x61, 0x99,
    0x9E, 0x29, 0x53, 0x77, 0x57, 0x17, 0x2E, 0x4B, 0x00, 0x00, 0x00, 0x34,
    0x00, 0x00, 0x00, 0x31, 0x00, 0x00, 0x00, 0x2A, 0x00, 0x00, 0x00, 0x25,
    0x00, 0x00, 0x00, 0x1C, 0x00, 0x00, 0x00, 0x13, 0x00, 0x00, 0x00, 0x0A,
    0x00, 0x00, 0x00, 0x00, 0x00, 0x00, 0x00, 0x00, 0x00, 0x00, 0x00, 0x00,
    0x00, 0x00, 0x00, 0x00, 0x00, 0x00, 0x00, 0x00, 0x00, 0x00, 0x00, 0x00,
    0x00, 0x00, 0x00, 0x01, 0x00, 0x00, 0x00, 0x0C, 0x00, 0x00, 0x00, 0x14,
    0x00, 0x00, 0x00, 0x1C, 0x00, 0x00, 0x00, 0x22, 0x00, 0x00, 0x00, 0x28,
    0x00, 0x00, 0x00, 0x2B, 0x00, 0x00, 0x00, 0x2F, 0x00, 0x00, 0x00, 0x32,
    0x00, 0x00, 0x00, 0x34, 0x00, 0x00, 0x00, 0x34, 0x00, 0x00, 0x00, 0x34,
    0x00, 0x00, 0x00, 0x34, 0x00, 0x00, 0x00, 0x34, 0x00, 0x00, 0x00, 0x34,
    0x00, 0x00, 0x00, 0x34, 0x00, 0x00, 0x00, 0x34, 0x00, 0x00, 0x00, 0x34,
    0x00, 0x00, 0x00, 0x34, 0x00, 0x00, 0x00, 0x34, 0x00, 0x00, 0x00, 0x34,
    0x00, 0x00, 0x00, 0x34, 0x00, 0x00, 0x00, 0x34, 0x00, 0x00, 0x00, 0x34,
    0x00, 0x00, 0x00, 0x34, 0x00, 0x00, 0x00, 0x34, 0x00, 0x00, 0x00, 0x34,
    0x00, 0x00, 0x00, 0x34, 0x00, 0x00, 0x00, 0x34, 0x00, 0x00, 0x00, 0x34,
    0x00, 0x00, 0x00, 0x34, 0x00, 0x00, 0x00, 0x34, 0x00, 0x00, 0x00, 0x34,
    0x00, 0x00, 0x00, 0x32, 0x00, 0x00, 0x00, 0x2F, 0x00, 0x00, 0x00, 0x2B,
    0x00, 0x00, 0x00, 0x28, 0x00, 0x00, 0x00, 0x22, 0x00, 0x00, 0x00, 0x1C,
    0x00, 0x00, 0x00, 0x14, 0x00, 0x00, 0x00, 0x0C, 0x00, 0x00, 0x00, 0x01,
    0x00, 0x00, 0x00, 0x00, 0x00, 0x00, 0x00, 0x00, 0x00, 0x00, 0x00, 0x00,
    0x00, 0x00, 0x00, 0x00, 0x00, 0x00, 0x00, 0x00, 0x00, 0x00, 0x00, 0x00,
    0x00, 0x00, 0x00, 0x00, 0x00, 0x00, 0x00, 0x02, 0x00, 0x00, 0x00, 0x0D,
    0x00, 0x00, 0x00, 0x13, 0x00, 0x00, 0x00, 0x1A, 0x00, 0x00, 0x00, 0x1D,
    0x00, 0x00, 0x00, 0x23, 0x00, 0x00, 0x00, 0x27, 0x00, 0x00, 0x00, 0x28,
    0x00, 0x00, 0x00, 0x28, 0x00, 0x00, 0x00, 0x28, 0x00, 0x00, 0x00, 0x28,
    0x00, 0x00, 0x00, 0x28, 0x00, 0x00, 0x00, 0x28, 0x00, 0x00, 0x00, 0x28,
    0x00, 0x00, 0x00, 0x28, 0x00, 0x00, 0x00, 0x28, 0x00, 0x00, 0x00, 0x28,
    0x00, 0x00, 0x00, 0x28, 0x00, 0x00, 0x00, 0x28, 0x00, 0x00, 0x00, 0x28,
    0x00, 0x00, 0x00, 0x28, 0x00, 0x00, 0x00, 0x28, 0x00, 0x00, 0x00, 0x28,
    0x00, 0x00, 0x00, 0x28, 0x00, 0x00, 0x00, 0x28, 0x00, 0x00, 0x00, 0x28,
    0x00, 0x00, 0x00, 0x28, 0x00, 0x00, 0x00, 0x28, 0x00, 0x00, 0x00, 0x28,
    0x00, 0x00, 0x00, 0x28, 0x00, 0x00, 0x00, 0x28, 0x00, 0x00, 0x00, 0x28,
    0x00, 0x00, 0x00, 0x28, 0x00, 0x00, 0x00, 0x27, 0x00, 0x00, 0x00, 0x23,
    0x00, 0x00, 0x00, 0x1D, 0x00, 0x00, 0x00, 0x1A, 0x00, 0x00, 0x00, 0x13,
    0x00, 0x00, 0x00, 0x0D, 0x00, 0x00, 0x00, 0x02, 0x00, 0x00, 0x00, 0x00,
    0x00, 0x00, 0x00, 0x00, 0x00, 0x00, 0x00, 0x00, 0x00, 0x00, 0x00, 0x00,
    0x00, 0x00, 0x00, 0x00, 0x00, 0x00, 0x00, 0x00, 0x00, 0x00, 0x00, 0x00,
    0x00, 0x00, 0x00, 0x00, 0x00, 0x00, 0x00, 0x00, 0x00, 0x00, 0x00, 0x02,
    0x00, 0x00, 0x00, 0x0B, 0x00, 0x00, 0x00, 0x0F, 0x00, 0x00, 0x00, 0x16,
    0x00, 0x00, 0x00, 0x1B, 0x00, 0x00, 0x00, 0x1B, 0x00, 0x00, 0x00, 0x1D,
    0x00, 0x00, 0x00, 0x1E, 0x00, 0x00, 0x00, 0x1E, 0x00, 0x00, 0x00, 0x1E,
    0x00, 0x00, 0x00, 0x1E, 0x00, 0x00, 0x00, 0x1E, 0x00, 0x00, 0x00, 0x1E,
    0x00, 0x00, 0x00, 0x1E, 0x00, 0x00, 0x00, 0x1E, 0x00, 0x00, 0x00, 0x1E,
    0x00, 0x00, 0x00, 0x1E, 0x00, 0x00, 0x00, 0x1E, 0x00, 0x00, 0x00, 0x1E,
    0x00, 0x00, 0x00, 0x1E, 0x00, 0x00, 0x00, 0x1E, 0x00, 0x00, 0x00, 0x1E,
    0x00, 0x00, 0x00, 0x1E, 0x00, 0x00, 0x00, 0x1E, 0x00, 0x00, 0x00, 0x1E,
    0x00, 0x00, 0x00, 0x1E, 0x00, 0x00, 0x00, 0x1E, 0x00, 0x00, 0x00, 0x1E,
    0x00, 0x00, 0x00, 0x1E, 0x00, 0x00, 0x00, 0x1E, 0x00, 0x00, 0x00, 0x1E,
    0x00, 0x00, 0x00, 0x1D, 0x00, 0x00, 0x00, 0x1B, 0x00, 0x00, 0x00, 0x1B,
    0x00, 0x00, 0x00, 0x16, 0x00, 0x00, 0x00, 0x0F, 0x00, 0x00, 0x00, 0x0B,
    0x00, 0x00, 0x00, 0x02, 0x00, 0x00, 0x00, 0x00, 0x00, 0x00, 0x00, 0x00,
    0x00, 0x00, 0x00, 0x00, 0x00, 0x00, 0x00, 0x00, 0x00, 0x00, 0x00, 0x00,
    0x00, 0x00, 0x00, 0x00, 0x00, 0x00, 0x00, 0x00, 0x00, 0x00, 0x00, 0x00,
    0x00, 0x00, 0x00, 0x00, 0x00, 0x00, 0x00, 0x00, 0x00, 0x00, 0x00, 0x00,
    0x00, 0x00, 0x00, 0x00, 0x00, 0x00, 0x00, 0x07, 0x00, 0x00, 0x00, 0x0D,
    0x00, 0x00, 0x00, 0x0E, 0x00, 0x00, 0x00, 0x12, 0x00, 0x00, 0x00, 0x15,
    0x00, 0x00, 0x00, 0x15, 0x00, 0x00, 0x00, 0x15, 0x00, 0x00, 0x00, 0x15,
    0x00, 0x00, 0x00, 0x15, 0x00, 0x00, 0x00, 0x15, 0x00, 0x00, 0x00, 0x15,
    0x00, 0x00, 0x00, 0x15, 0x00, 0x00, 0x00, 0x15, 0x00, 0x00, 0x00, 0x15,
    0x00, 0x00, 0x00, 0x15, 0x00, 0x00, 0x00, 0x15, 0x00, 0x00, 0x00, 0x15,
    0x00, 0x00, 0x00, 0x15, 0x00, 0x00, 0x00, 0x15, 0x00, 0x00, 0x00, 0x15,
    0x00, 0x00, 0x00, 0x15, 0x00, 0x00, 0x00, 0x15, 0x00, 0x00, 0x00, 0x15,
    0x00, 0x00, 0x00, 0x15, 0x00, 0x00, 0x00, 0x15, 0x00, 0x00, 0x00, 0x15,
    0x00, 0x00, 0x00, 0x15, 0x00, 0x00, 0x00, 0x15, 0x00, 0x00, 0x00, 0x15,
    0x00, 0x00, 0x00, 0x15, 0x00, 0x00, 0x00, 0x12, 0x00, 0x00, 0x00, 0x0E,
    0x00, 0x00, 0x00, 0x0D, 0x00, 0x00, 0x00, 0x07, 0x00, 0x00, 0x00, 0x00,
    0x00, 0x00, 0x00, 0x00, 0x00, 0x00, 0x00, 0x00, 0x00, 0x00, 0x00, 0x00,
    0x00, 0x00, 0x00, 0x00, 0x00, 0x00, 0x00, 0x00, 0x00, 0x00, 0x00, 0x00,
};

const uint8_t ICON_PAINT_SMALL[] = {
    0x4C, 0x49, 0x43, 0x32, 0x18, 0x18, 0x00, 0x00,
    0x00, 0x00, 0x00, 0x00, 0x00, 0x00, 0x00, 0x00, 0x00, 0x00, 0x00, 0x00,
    0x00, 0x00, 0x00, 0x00, 0x00, 0x00, 0x00, 0x00, 0x00, 0x00, 0x00, 0x00,
    0x00, 0x00, 0x00, 0x00, 0x00, 0x00, 0x00, 0x00, 0x00, 0x00, 0x00, 0x00,
    0x00, 0x00, 0x00, 0x00, 0x00, 0x00, 0x00, 0x00, 0x00, 0x00, 0x00, 0x00,
    0x00, 0x00, 0x00, 0x00, 0x00, 0x00, 0x00, 0x00, 0x00, 0x00, 0x00, 0x00,
    0x00, 0x00, 0x00, 0x00, 0x00, 0x00, 0x00, 0x00, 0x00, 0x00, 0x00, 0x00,
    0x00, 0x00, 0x00, 0x00, 0x00, 0x00, 0x00, 0x00, 0x00, 0x00, 0x00, 0x00,
    0x00, 0x00, 0x00, 0x00, 0x00, 0x00, 0x00, 0x00, 0x00, 0x00, 0x00, 0x00,
    0x00, 0x00, 0x00, 0x00, 0x00, 0x00, 0x00, 0x00, 0x00, 0x00, 0x00, 0x00,
    0x00, 0x00, 0x00, 0x00, 0xFF, 0xAC, 0x90, 0x17, 0xFF, 0xAF, 0x94, 0x76,
    0xFF, 0xAA, 0x8C, 0x93, 0xFF, 0x9F, 0x7F, 0x8C, 0xFF, 0x9F, 0x7F, 0x8C,
    0xFF, 0x9F, 0x7F, 0x8C, 0xFF, 0x9F, 0x7F, 0x8C, 0xFF, 0x9F, 0x7F, 0x8C,
    0xFF, 0x9F, 0x7F, 0x8C, 0xFF, 0x9F, 0x7F, 0x8C, 0xFF, 0x9F, 0x7F, 0x8C,
    0xFF, 0x9F, 0x7F, 0x8C, 0xFF, 0x9F, 0x7F, 0x8C, 0xFF, 0xAA, 0x8C, 0x93,
    0xFF, 0xAF, 0x94, 0x76, 0xFF, 0xAC, 0x90, 0x17, 0x00, 0x00, 0x00, 0x00,
    0x00, 0x00, 0x00, 0x00, 0x00, 0x00, 0x00, 0x00, 0x00, 0x00, 0x00, 0x00,
    0x00, 0x00, 0x00, 0x00, 0x00, 0x00, 0x00, 0x00, 0x00, 0x00, 0x00, 0x00,
    0xF9, 0xA3, 0x89, 0x6C, 0xFC, 0x97, 0x79, 0xF4, 0xFD, 0x88, 0x65, 0xFF,
    0xFD, 0x86, 0x63, 0xFF, 0xFD, 0x86, 0x63, 0xFF, 0xFD, 0x86, 0x63, 0xFF,
    0xFD, 0x86, 0x63, 0xFF, 0xFD, 0x86, 0x63, 0xFF, 0xFD, 0x86, 0x63, 0xFF,
    0xFD, 0x86, 0x63, 0xFF, 0xFD, 0x86, 0x63, 0xFF, 0xFD, 0x86, 0x63, 0xFF,
    0xFD, 0x86, 0x63, 0xFF, 0xFD, 0x86, 0x63, 0xFF, 0xFD, 0x86, 0x63, 0xFF,
    0xFD, 0x88, 0x65, 0xFF, 0xFC, 0x97, 0x79, 0xF4, 0xF9, 0xA3, 0x89, 0x6C,
    0x00, 0x00, 0x00, 0x00, 0x00, 0x00, 0x00, 0x00, 0x00, 0x00, 0x00, 0x00,
    0x00, 0x00, 0x00, 0x00, 0x00, 0x00, 0x00, 0x00, 0xEC, 0x97, 0x82, 0x58,
    0xFC, 0x8B, 0x70, 0xFE, 0xFC, 0x82, 0x64, 0xFF, 0xFC, 0x82, 0x64, 0xFF,
    0xFC, 0x82, 0x64, 0xFF, 0xFC, 0x82, 0x64, 0xFF, 0xFC, 0x82, 0x64, 0xFF,
    0xFC, 0x82, 0x64, 0xFF, 0xFC, 0x82, 0x64, 0xFF, 0xFC, 0x82, 0x64, 0xFF,
    0xFC, 0x82, 0x64, 0xFF, 0xFC, 0x82, 0x64, 0xFF, 0xFC, 0x82, 0x64, 0xFF,
    0xFC, 0x82, 0x64, 0xFF, 0xFC, 0x82, 0x64, 0xFF, 0xFC, 0x82, 0x64, 0xFF,
    0xFC, 0x82, 0x64, 0xFF, 0xFC, 0x82, 0x64, 0xFF, 0xFC, 0x8B, 0x70, 0xFE,
    0xEC, 0x97, 0x82, 0x58, 0x00, 0x00, 0x00, 0x00, 0x00, 0x00, 0x00, 0x00,
    0x00, 0x00, 0x00, 0x00, 0x00, 0x00, 0x00, 0x04, 0xF3, 0x8D, 0x78, 0xD8,
    0xFA, 0x7E, 0x65, 0xFF, 0xFA, 0x7E, 0x65, 0xFF, 0xFA, 0x7E, 0x65, 0xFF,
    0xFA, 0x7E, 0x65, 0xFF, 0xFA, 0x7E, 0x65, 0xFF, 0xFA, 0x7E, 0x65, 0xFF,
    0xFA, 0x7E, 0x65, 0xFF, 0xFA, 0x7E, 0x65, 0xFF, 0xFA, 0x7E, 0x65, 0xFF,
    0xFA, 0x7E, 0x65, 0xFF, 0xFA, 0x7E, 0x65, 0xFF, 0xFA, 0x7E, 0x65, 0xFF,
    0xFA, 0x7E, 0x65, 0xFF, 0xFA, 0x7E, 0x65, 0xFF, 0xFA, 0x7E, 0x65, 0xFF,
    0xFA, 0x7E, 0x65, 0xFF, 0xFA, 0x7E, 0x65, 0xFF, 0xFA, 0x7E, 0x65, 0xFF,
    0xF3, 0x8D, 0x78, 0xD8, 0x00, 0x00, 0x00, 0x04, 0x00, 0x00, 0x00, 0x00,
    0x00, 0x00, 0x00, 0x00, 0x80, 0x4D, 0x45, 0x25, 0xF9, 0x86, 0x73, 0xFF,
    0xF8, 0x7A, 0x66, 0xFF, 0xF8, 0x7A, 0x66, 0xFF, 0xF8, 0x7A, 0x66, 0xFF,
    0xF8, 0x7A, 0x66, 0xFF, 0xF8, 0x7A, 0x66, 0xFF, 0xF8, 0x7A, 0x66, 0xFF,
    0xF8, 0x7A, 0x66, 0xFF, 0xF8, 0x7A, 0x66, 0xFF, 0xF8, 0x7A, 0x66, 0xFF,
    0xF8, 0x7A, 0x66, 0xFF, 0xF8, 0x7A, 0x66, 0xFF, 0xF8, 0x7A, 0x66, 0xFF,
    0xF8, 0x7A, 0x66, 0xFF, 0xF8, 0x7A, 0x66, 0xFF, 0xF8, 0x7A, 0x66, 0xFF,
    0xF8, 0x7A, 0x66, 0xFF, 0xF8, 0x7A, 0x66, 0xFF, 0xF8, 0x7A, 0x66, 0xFF,
    0xF9, 0x86, 0x73, 0xFF, 0x80, 0x4D, 0x45, 0x25, 0x00, 0x00, 0x00, 0x00,
    0x00, 0x00, 0x00, 0x01, 0x93, 0x56, 0x4E, 0x40, 0xF7, 0x7E, 0x70, 0xFF,
    0xF7, 0x76, 0x67, 0xFF, 0xF7, 0x76, 0x67, 0xFF, 0xF7, 0x76, 0x67, 0xFF,
    0xF7, 0x76, 0x67, 0xFF, 0xF7, 0x76, 0x67, 0xFF, 0xF7, 0x76, 0x67, 0xFF,
    0xF9, 0x9A, 0x8E, 0xFF, 0xFB, 0xBB, 0xB3, 0xFF, 0xFB, 0xBB, 0xB3, 0xFF,
    0xFB, 0xBB, 0xB3, 0xFF, 0xF8, 0x91, 0x85, 0xFF, 0xF7, 0x76, 0x67, 0xFF,
    0xF7, 0x76, 0x67, 0xFF, 0xF7, 0x76, 0x67, 0xFF, 0xF7, 0x76, 0x67, 0xFF,
    0xF7, 0x76, 0x67, 0xFF, 0xF7, 0x76, 0x67, 0xFF, 0xF7, 0x76, 0x67, 0xFF,
    0xF7, 0x7E, 0x70, 0xFF, 0x93, 0x56, 0x4E, 0x40, 0x00, 0x00, 0x00, 0x01,
    0x00, 0x00, 0x00, 0x03, 0x8C, 0x4F, 0x4A, 0x42, 0xF6, 0x79, 0x6F, 0xFF,
    0xF5, 0x72, 0x68, 0xFF, 0xF5, 0x72, 0x68, 0xFF, 0xF5, 0x72, 0x68, 0xFF,
    0xF5, 0x72, 0x68, 0xFF, 0xF6, 0x82, 0x78, 0xFF, 0xFB, 0xDD, 0xDB, 0xFF,
    0xFD, 0xFD, 0xFE, 0xFF, 0xF0, 0xF8, 0xF3, 0xFF, 0xCB, 0xEB, 0xD5, 0xFF,
    0xF6, 0xFB, 0xF9, 0xFF, 0xFD, 0xFD, 0xFE, 0xFF, 0xFA, 0xD3, 0xD0, 0xFF,
    0xF6, 0x7B, 0x71, 0xFF, 0xF5, 0x72, 0x68, 0xFF, 0xF5, 0x72, 0x68, 0xFF,
    0xF5, 0x72, 0x68, 0xFF, 0xF5, 0x72, 0x68, 0xFF, 0xF5, 0x72, 0x68, 0xFF,
    0xF6, 0x79, 0x6F, 0xFF, 0x8C, 0x4F, 0x4A, 0x42, 0x00, 0x00, 0x00, 0x03,
    0x00, 0x00, 0x00, 0x04, 0x8A, 0x4A, 0x47, 0x41, 0xF4, 0x74, 0x6F, 0xFF,
    0xF4, 0x6E, 0x69, 0xFF, 0xF4, 0x6E, 0x69, 0xFF, 0xF4, 0x6E, 0x69, 0xFF,
    0xF4, 0x78, 0x73, 0xFF, 0xFA, 0xE9, 0xE9, 0xFF, 0xE3, 0xED, 0xF9, 0xFF,
    0xE3, 0xED, 0xF9, 0xFF, 0x7E, 0xCE, 0x94, 0xFF, 0x38, 0xB4, 0x5A, 0xFF,
    0x96, 0xD6, 0xA9, 0xFF, 0xFA, 0xFB, 0xFC, 0xFF, 0xFA, 0xFB, 0xFC, 0xFF,
    0xF9, 0xDD, 0xDD, 0xFF, 0xF4, 0x72, 0x6C, 0xFF, 0xF4, 0x6E, 0x69, 0xFF,
    0xF4, 0x6E, 0x69, 0xFF, 0xF4, 0x6E, 0x69, 0xFF, 0xF4, 0x6E, 0x69, 0xFF,
    0xF4, 0x74, 0x6F, 0xFF, 0x8A, 0x4A, 0x47, 0x41, 0x00, 0x00, 0x00, 0x04,
    0x00, 0x00, 0x00, 0x04, 0x87, 0x45, 0x45, 0x40, 0xF2, 0x6F, 0x6F, 0xFF,
    0xF2, 0x6A, 0x6A, 0xFF, 0xF2, 0x6A, 0x6A, 0xFF, 0xF2, 0x6A, 0x6A, 0xFF,
    0xF6, 0xBD, 0xBE, 0xFF, 0xEA, 0xF1, 0xF9, 0xFF, 0x38, 0x84, 0xE1, 0xFF,
    0x38, 0x84, 0xE1, 0xFF, 0x9F, 0xD7, 0xB7, 0xFF, 0x3D, 0xB6, 0x5E, 0xFF,
    0xC9, 0xD7, 0x9C, 0xFF, 0xF2, 0xB4, 0x20, 0xFF, 0xF5, 0xCF, 0x74, 0xFF,
    0xF8, 0xF9, 0xFB, 0xFF, 0xF5, 0xAB, 0xAB, 0xFF, 0xF2, 0x6A, 0x6A, 0xFF,
    0xF2, 0x6A, 0x6A, 0xFF, 0xF2, 0x6A, 0x6A, 0xFF, 0xF2, 0x6A, 0x6A, 0xFF,
    0xF2, 0x6F, 0x6F, 0xFF, 0x87, 0x45, 0x45, 0x40, 0x00, 0x00, 0x00, 0x04,
    0x00, 0x00, 0x00, 0x04, 0x84, 0x40, 0x42, 0x40, 0xF1, 0x6A, 0x6E, 0xFF,
    0xF0, 0x66, 0x6A, 0xFF, 0xF0, 0x66, 0x6A, 0xFF, 0xF0, 0x69, 0x6D, 0xFF,
    0xF6, 0xF0, 0xF2, 0xFF, 0xEB, 0xF1, 0xF8, 0xFF, 0x42, 0x8A, 0xE2, 0xFF,
    0x42, 0x8A, 0xE2, 0xFF, 0xEB, 0xF1, 0xF8, 0xFF, 0xF6, 0xF8, 0xFA, 0xFF,
    0xF5, 0xDE, 0xA7, 0xFF, 0xF2, 0xB2, 0x1A, 0xFF, 0xF3, 0xC4, 0x53, 0xFF,
    0xF6, 0xF8, 0xFA, 0xFF, 0xF5, 0xE0, 0xE3, 0xFF, 0xF0, 0x66, 0x6A, 0xFF,
    0xF0, 0x66, 0x6A, 0xFF, 0xF0, 0x66, 0x6A, 0xFF, 0xF0, 0x66, 0x6A, 0xFF,
    0xF1, 0x6A, 0x6E, 0xFF, 0x84, 0x40, 0x42, 0x40, 0x00, 0x00, 0x00, 0x04,
    0x00, 0x00, 0x00, 0x04, 0x81, 0x3B, 0x3F, 0x3F, 0xEF, 0x65, 0x6E, 0xFF,
    0xEF, 0x62, 0x6B, 0xFF, 0xEF, 0x62, 0x6B, 0xFF, 0xEF, 0x78, 0x80, 0xFF,
    0xF4, 0xF6, 0xF9, 0xFF, 0xF4, 0xF6, 0xF9, 0xFF, 0xF4, 0xF6, 0xF9, 0xFF,
    0xF4, 0xF6, 0xF9, 0xFF, 0xF4, 0xF6, 0xF9, 0xFF, 0xF4, 0xF6, 0xF9, 0xFF,
    0xF4, 0xF6, 0xF9, 0xFF, 0xF4, 0xE7, 0xC7, 0xFF, 0xF4, 0xF1, 0xE9, 0xFF,
    0xF4, 0xF6, 0xF9, 0xFF, 0xF4, 0xF6, 0xF8, 0xFF, 0xEF, 0x66, 0x6F, 0xFF,
    0xEF, 0x62, 0x6B, 0xFF, 0xEF, 0x62, 0x6B, 0xFF, 0xEF, 0x62, 0x6B, 0xFF,
    0xEF, 0x65, 0x6E, 0xFF, 0x81, 0x3B, 0x3F, 0x3F, 0x00, 0x00, 0x00, 0x04,
    0x00, 0x00, 0x00, 0x04, 0x7E, 0x35, 0x3C, 0x3E, 0xED, 0x60, 0x6E, 0xFF,
    0xED, 0x5F, 0x6C, 0xFF, 0xED, 0x5F, 0x6C, 0xFF, 0xEE, 0x75, 0x81, 0xFF,
    0xF2, 0xF4, 0xF7, 0xFF, 0xF1, 0xF3, 0xF7, 0xFF, 0xC7, 0xAC, 0xE9, 0xFF,
    0xDA, 0xCC, 0xEF, 0xFF, 0xF2, 0xF4, 0xF7, 0xFF, 0xF2, 0xF4, 0xF7, 0xFF,
    0xF2, 0xF4, 0xF7, 0xFF, 0xF0, 0xC3, 0xCA, 0xFF, 0xEF, 0x90, 0x9A, 0xFF,
    0xF1, 0xCC, 0xD2, 0xFF, 0xF2, 0xF4, 0xF7, 0xFF, 0xED, 0x62, 0x70, 0xFF,
    0xED, 0x5F, 0x6C, 0xFF, 0xED, 0x5F, 0x6C, 0xFF, 0xED, 0x5F, 0x6C, 0xFF,
    0xED, 0x60, 0x6E, 0xFF, 0x7E, 0x35, 0x3C, 0x3E, 0x00, 0x00, 0x00, 0x04,
    0x00, 0x00, 0x00, 0x04, 0x7B, 0x30, 0x39, 0x3D, 0xEB, 0x5B, 0x6D, 0xFF,
    0xEB, 0x5B, 0x6D, 0xFF, 0xEB, 0x5B, 0x6D, 0xFF, 0xEC, 0x5D, 0x6F, 0xFF,
    0xF0, 0xEB, 0xEF, 0xFF, 0xD2, 0xBF, 0xEC, 0xFF, 0x8A, 0x46, 0xD4, 0xFF,
    0x92, 0x54, 0xD7, 0xFF, 0xF0, 0xF2, 0xF6, 0xFF, 0xF0, 0xF2, 0xF6, 0xFF,
    0xEF, 0xDA, 0xE0, 0xFF, 0xEB, 0x5B, 0x6D, 0xFF, 0xEB, 0x5B, 0x6D, 0xFF,
    0xEC, 0x5F, 0x71, 0xFF, 0xEF, 0xD1, 0xD8, 0xFF, 0xEB, 0x5B, 0x6D, 0xFF,
    0xEB, 0x5B, 0x6D, 0xFF, 0xEB, 0x5B, 0x6D, 0xFF, 0xEB, 0x5B, 0x6D, 0xFF,
    0xEB, 0x5B, 0x6D, 0xFF, 0x7B, 0x30, 0x39, 0x3D, 0x00, 0x00, 0x00, 0x04,
    0x00, 0x00, 0x00, 0x04, 0x7A, 0x2D, 0x39, 0x3D, 0xEA, 0x57, 0x6E, 0xFF,
    0xEA, 0x57, 0x6E, 0xFF, 0xEA, 0x57, 0x6E, 0xFF, 0xEA, 0x57, 0x6E, 0xFF,
    0xEC, 0xAF, 0xBC, 0xFF, 0xE4, 0xE0, 0xF2, 0xFF, 0xA6, 0x76, 0xDD, 0xFF,
    0xB8, 0x96, 0xE3, 0xFF, 0xEE, 0xF1, 0xF5, 0xFF, 0xEE, 0xF1, 0xF5, 0xFF,
    0xED, 0xD1, 0xDA, 0xFF, 0xEA, 0x57, 0x6E, 0xFF, 0xEA, 0x57, 0x6E, 0xFF,
    0xEA, 0x58, 0x70, 0xFF, 0xEB, 0x96, 0xA6, 0xFF, 0xEA, 0x57, 0x6E, 0xFF,
    0xEA, 0x57, 0x6E, 0xFF, 0xEA, 0x57, 0x6E, 0xFF, 0xEA, 0x57, 0x6E, 0xFF,
    0xEA, 0x57, 0x6E, 0xFF, 0x7A, 0x2D, 0x39, 0x3D, 0x00, 0x00, 0x00, 0x04,
    0x00, 0x00, 0x00, 0x04, 0x79, 0x2B, 0x3A, 0x3D, 0xE8, 0x53, 0x6F, 0xFF,
    0xE8, 0x53, 0x6F, 0xFF, 0xE8, 0x53, 0x6F, 0xFF, 0xE8, 0x53, 0x6F, 0xFF,
    0xE8, 0x5E, 0x78, 0xFF, 0xEB, 0xDA, 0xE2, 0xFF, 0xEC, 0xEF, 0xF4, 0xFF,
    0xEC, 0xEF, 0xF4, 0xFF, 0xEC, 0xEF, 0xF4, 0xFF, 0xEC, 0xEF, 0xF4, 0xFF,
    0xEC, 0xEF, 0xF4, 0xFF, 0xEA, 0xA6, 0xB6, 0xFF, 0xE9, 0x7A, 0x90, 0xFF,
    0xEA, 0x9F, 0xB0, 0xFF, 0xE8, 0x57, 0x72, 0xFF, 0xE8, 0x53, 0x6F, 0xFF,
    0xE8, 0x53, 0x6F, 0xFF, 0xE8, 0x53, 0x6F, 0xFF, 0xE8, 0x53, 0x6F, 0xFF,
    0xE8, 0x53, 0x6F, 0xFF, 0x79, 0x2B, 0x3A, 0x3D, 0x00, 0x00, 0x00, 0x04,
    0x00, 0x00, 0x00, 0x04, 0x78, 0x29, 0x3A, 0x3D, 0xE7, 0x4F, 0x70, 0xFF,
    0xE7, 0x4F, 0x70, 0xFF, 0xE7, 0x4F, 0x70, 0xFF, 0xE7, 0x4F, 0x70, 0xFF,
    0xE7, 0x4F, 0x70, 0xFF, 0xE7, 0x60, 0x7E, 0xFF, 0xE9, 0xC9, 0xD5, 0xFF,
    0xE9, 0xED, 0xF2, 0xFF, 0xE9, 0xED, 0xF2, 0xFF, 0xE9, 0xED, 0xF2, 0xFF,
    0xE9, 0xED, 0xF2, 0xFF, 0xE9, 0xED, 0xF2, 0xFF, 0xE9, 0xBD, 0xCB, 0xFF,
    0xE7, 0x58, 0x78, 0xFF, 0xE7, 0x4F, 0x70, 0xFF, 0xE7, 0x4F, 0x70, 0xFF,
    0xE7, 0x4F, 0x70, 0xFF, 0xE7, 0x4F, 0x70, 0xFF, 0xE7, 0x4F, 0x70, 0xFF,
    0xE7, 0x4F, 0x70, 0xFF, 0x78, 0x29, 0x3A, 0x3D, 0x00, 0x00, 0x00, 0x04,
    0x00, 0x00, 0x00, 0x04, 0x62, 0x20, 0x30, 0x35, 0xE5, 0x4B, 0x71, 0xFF,
    0xE5, 0x4B, 0x71, 0xFF, 0xE5, 0x4B, 0x71, 0xFF, 0xE5, 0x4B, 0x71, 0xFF,
    0xE5, 0x4B, 0x71, 0xFF, 0xE5, 0x4B, 0x71, 0xFF, 0xE5, 0x4B, 0x71, 0xFF,
    0xE6, 0x74, 0x92, 0xFF, 0xE6, 0x9B, 0xB1, 0xFF, 0xE6, 0x9B, 0xB1, 0xFF,
    0xE6, 0x9B, 0xB1, 0xFF, 0xE5, 0x6A, 0x8A, 0xFF, 0xE5, 0x4B, 0x71, 0xFF,
    0xE5, 0x4B, 0x71, 0xFF, 0xE5, 0x4B, 0x71, 0xFF, 0xE5, 0x4B, 0x71, 0xFF,
    0xE5, 0x4B, 0x71, 0xFF, 0xE5, 0x4B, 0x71, 0xFF, 0xE5, 0x4B, 0x71, 0xFF,
    0xE5, 0x4B, 0x71, 0xFF, 0x62, 0x20, 0x30, 0x35, 0x00, 0x00, 0x00, 0x04,
    0x00, 0x00, 0x00, 0x03, 0x00, 0x00, 0x00, 0x20, 0xDD, 0x45, 0x6F, 0xE7,
    0xE3, 0x47, 0x72, 0xFF, 0xE3, 0x47, 0x72, 0xFF, 0xE3, 0x47, 0x72, 0xFF,
    0xE3, 0x47, 0x72, 0xFF, 0xE3, 0x47, 0x72, 0xFF, 0xE3, 0x47, 0x72, 0xFF,
    0xE3, 0x47, 0x72, 0xFF, 0xE3, 0x47, 0x72, 0xFF, 0xE3, 0x47, 0x72, 0xFF,
    0xE3, 0x47, 0x72, 0xFF, 0xE3, 0x47, 0x72, 0xFF, 0xE3, 0x47, 0x72, 0xFF,
    0xE3, 0x47, 0x72, 0xFF, 0xE3, 0x47, 0x72, 0xFF, 0xE3, 0x47, 0x72, 0xFF,
    0xE3, 0x47, 0x72, 0xFF, 0xE3, 0x47, 0x72, 0xFF, 0xE3, 0x47, 0x72, 0xFF,
    0xDD, 0x45, 0x6F, 0xE7, 0x00, 0x00, 0x00, 0x20, 0x00, 0x00, 0x00, 0x03,
    0x00, 0x00, 0x00, 0x02, 0x00, 0x00, 0x00, 0x1B, 0xB2, 0x35, 0x5B, 0x88,
    0xE2, 0x43, 0x73, 0xFF, 0xE2, 0x43, 0x73, 0xFF, 0xE2, 0x43, 0x73, 0xFF,
    0xE2, 0x43, 0x73, 0xFF, 0xE2, 0x43, 0x73, 0xFF, 0xE2, 0x43, 0x73, 0xFF,
    0xE2, 0x43, 0x73, 0xFF, 0xE2, 0x43, 0x73, 0xFF, 0xE2, 0x43, 0x73, 0xFF,
    0xE2, 0x43, 0x73, 0xFF, 0xE2, 0x43, 0x73, 0xFF, 0xE2, 0x43, 0x73, 0xFF,
    0xE2, 0x43, 0x73, 0xFF, 0xE2, 0x43, 0x73, 0xFF, 0xE2, 0x43, 0x73, 0xFF,
    0xE2, 0x43, 0x73, 0xFF, 0xE2, 0x43, 0x73, 0xFF, 0xE2, 0x43, 0x73, 0xFF,
    0xB2, 0x35, 0x5B, 0x88, 0x00, 0x00, 0x00, 0x1B, 0x00, 0x00, 0x00, 0x02,
    0x00, 0x00, 0x00, 0x00, 0x00, 0x00, 0x00, 0x13, 0x00, 0x00, 0x00, 0x29,
    0xC4, 0x37, 0x65, 0xAB, 0xE0, 0x3F, 0x74, 0xFF, 0xE0, 0x3F, 0x74, 0xFF,
    0xE0, 0x3F, 0x74, 0xFF, 0xE0, 0x3F, 0x74, 0xFF, 0xE0, 0x3F, 0x74, 0xFF,
    0xE0, 0x3F, 0x74, 0xFF, 0xE0, 0x3F, 0x74, 0xFF, 0xE0, 0x3F, 0x74, 0xFF,
    0xE0, 0x3F, 0x74, 0xFF, 0xE0, 0x3F, 0x74, 0xFF, 0xE0, 0x3F, 0x74, 0xFF,
    0xE0, 0x3F, 0x74, 0xFF, 0xE0, 0x3F, 0x74, 0xFF, 0xE0, 0x3F, 0x74, 0xFF,
    0xE0, 0x3F, 0x74, 0xFF, 0xE0, 0x3F, 0x74, 0xFF, 0xC4, 0x37, 0x65, 0xAB,
    0x00, 0x00, 0x00, 0x29, 0x00, 0x00, 0x00, 0x13, 0x00, 0x00, 0x00, 0x00,
    0x00, 0x00, 0x00, 0x00, 0x00, 0x00, 0x00, 0x07, 0x00, 0x00, 0x00, 0x1C,
    0x00, 0x00, 0x00, 0x2B, 0x8E, 0x26, 0x4B, 0x68, 0xC6, 0x34, 0x68, 0xB2,
    0xD0, 0x37, 0x6D, 0xCC, 0xD0, 0x37, 0x6D, 0xCC, 0xD0, 0x37, 0x6D, 0xCC,
    0xD0, 0x37, 0x6D, 0xCC, 0xD0, 0x37, 0x6D, 0xCC, 0xD0, 0x37, 0x6D, 0xCC,
    0xD0, 0x37, 0x6D, 0xCC, 0xD0, 0x37, 0x6D, 0xCC, 0xD0, 0x37, 0x6D, 0xCC,
    0xD0, 0x37, 0x6D, 0xCC, 0xD0, 0x37, 0x6D, 0xCC, 0xD0, 0x37, 0x6D, 0xCC,
    0xC6, 0x34, 0x68, 0xB2, 0x8E, 0x26, 0x4B, 0x68, 0x00, 0x00, 0x00, 0x2B,
    0x00, 0x00, 0x00, 0x1C, 0x00, 0x00, 0x00, 0x07, 0x00, 0x00, 0x00, 0x00,
    0x00, 0x00, 0x00, 0x00, 0x00, 0x00, 0x00, 0x00, 0x00, 0x00, 0x00, 0x0C,
    0x00, 0x00, 0x00, 0x1B, 0x00, 0x00, 0x00, 0x25, 0x00, 0x00, 0x00, 0x2C,
    0x00, 0x00, 0x00, 0x2E, 0x00, 0x00, 0x00, 0x2E, 0x00, 0x00, 0x00, 0x2E,
    0x00, 0x00, 0x00, 0x2E, 0x00, 0x00, 0x00, 0x2E, 0x00, 0x00, 0x00, 0x2E,
    0x00, 0x00, 0x00, 0x2E, 0x00, 0x00, 0x00, 0x2E, 0x00, 0x00, 0x00, 0x2E,
    0x00, 0x00, 0x00, 0x2E, 0x00, 0x00, 0x00, 0x2E, 0x00, 0x00, 0x00, 0x2E,
    0x00, 0x00, 0x00, 0x2C, 0x00, 0x00, 0x00, 0x25, 0x00, 0x00, 0x00, 0x1B,
    0x00, 0x00, 0x00, 0x0C, 0x00, 0x00, 0x00, 0x00, 0x00, 0x00, 0x00, 0x00,
    0x00, 0x00, 0x00, 0x00, 0x00, 0x00, 0x00, 0x00, 0x00, 0x00, 0x00, 0x00,
    0x00, 0x00, 0x00, 0x08, 0x00, 0x00, 0x00, 0x13, 0x00, 0x00, 0x00, 0x17,
    0x00, 0x00, 0x00, 0x1B, 0x00, 0x00, 0x00, 0x1B, 0x00, 0x00, 0x00, 0x1B,
    0x00, 0x00, 0x00, 0x1B, 0x00, 0x00, 0x00, 0x1B, 0x00, 0x00, 0x00, 0x1B,
    0x00, 0x00, 0x00, 0x1B, 0x00, 0x00, 0x00, 0x1B, 0x00, 0x00, 0x00, 0x1B,
    0x00, 0x00, 0x00, 0x1B, 0x00, 0x00, 0x00, 0x1B, 0x00, 0x00, 0x00, 0x1B,
    0x00, 0x00, 0x00, 0x17, 0x00, 0x00, 0x00, 0x13, 0x00, 0x00, 0x00, 0x08,
    0x00, 0x00, 0x00, 0x00, 0x00, 0x00, 0x00, 0x00, 0x00, 0x00, 0x00, 0x00,
};

const uint8_t ICON_TASKS[] = {
    0x4C, 0x49, 0x43, 0x32, 0x30, 0x30, 0x00, 0x00,
    0x00, 0x00, 0x00, 0x00, 0x00, 0x00, 0x00, 0x00, 0x00, 0x00, 0x00, 0x00,
    0x00, 0x00, 0x00, 0x00, 0x00, 0x00, 0x00, 0x00, 0x00, 0x00, 0x00, 0x00,
    0x00, 0x00, 0x00, 0x00, 0x00, 0x00, 0x00, 0x00, 0x00, 0x00, 0x00, 0x00,
    0x00, 0x00, 0x00, 0x00, 0x00, 0x00, 0x00, 0x00, 0x00, 0x00, 0x00, 0x00,
    0x00, 0x00, 0x00, 0x00, 0x00, 0x00, 0x00, 0x00, 0x00, 0x00, 0x00, 0x00,
    0x00, 0x00, 0x00, 0x00, 0x00, 0x00, 0x00, 0x00, 0x00, 0x00, 0x00, 0x00,
    0x00, 0x00, 0x00, 0x00, 0x00, 0x00, 0x00, 0x00, 0x00, 0x00, 0x00, 0x00,
    0x00, 0x00, 0x00, 0x00, 0x00, 0x00, 0x00, 0x00, 0x00, 0x00, 0x00, 0x00,
    0x00, 0x00, 0x00, 0x00, 0x00, 0x00, 0x00, 0x00, 0x00, 0x00, 0x00, 0x00,
    0x00, 0x00, 0x00, 0x00, 0x00, 0x00, 0x00, 0x00, 0x00, 0x00, 0x00, 0x00,
    0x00, 0x00, 0x00, 0x00, 0x00, 0x00, 0x00, 0x00, 0x00, 0x00, 0x00, 0x00,
    0x00, 0x00, 0x00, 0x00, 0x00, 0x00, 0x00, 0x00, 0x00, 0x00, 0x00, 0x00,
    0x00, 0x00, 0x00, 0x00, 0x00, 0x00, 0x00, 0x00, 0x00, 0x00, 0x00, 0x00,
    0x00, 0x00, 0x00, 0x00, 0x00, 0x00, 0x00, 0x00, 0x00, 0x00, 0x00, 0x00,
    0x00, 0x00, 0x00, 0x00, 0x00, 0x00, 0x00, 0x00, 0x00, 0x00, 0x00, 0x00,
    0x00, 0x00, 0x00, 0x00, 0x00, 0x00, 0x00, 0x00, 0x00, 0x00, 0x00, 0x00,
    0x00, 0x00, 0x00, 0x00, 0x00, 0x00, 0x00, 0x00, 0x00, 0x00, 0x00, 0x00,
    0x00, 0x00, 0x00, 0x00, 0x00, 0x00, 0x00, 0x00, 0x00, 0x00, 0x00, 0x00,
    0x00, 0x00, 0x00, 0x00, 0x00, 0x00, 0x00, 0x00, 0x00, 0x00, 0x00, 0x00,
    0x00, 0x00, 0x00, 0x00, 0x00, 0x00, 0x00, 0x00, 0x00, 0x00, 0x00, 0x00,
    0x00, 0x00, 0x00, 0x00, 0x00, 0x00, 0x00, 0x00, 0x00, 0x00, 0x00, 0x00,
    0x00, 0x00, 0x00, 0x00, 0x00, 0x00, 0x00, 0x00, 0x00, 0x00, 0x00, 0x00,
    0x00, 0x00, 0x00, 0x00, 0x00, 0x00, 0x00, 0x00, 0x00, 0x00, 0x00, 0x00,
    0x00, 0x00, 0x00, 0x00, 0x00, 0x00, 0x00, 0x00, 0x00, 0x00, 0x00, 0x00,
    0x00, 0x00, 0x00, 0x00, 0x00, 0x00, 0x00, 0x00, 0x00, 0x00, 0x00, 0x00,
    0x00, 0x00, 0x00, 0x00, 0x00, 0x00, 0x00, 0x00, 0x00, 0x00, 0x00, 0x00,
    0x00, 0x00, 0x00, 0x00, 0x00, 0x00, 0x00, 0x00, 0x00, 0x00, 0x00, 0x00,
    0x00, 0x00, 0x00, 0x00, 0x00, 0x00, 0x00, 0x00, 0x00, 0x00, 0x00, 0x00,
    0x00, 0x00, 0x00, 0x00, 0x00, 0x00, 0x00, 0x00, 0x00, 0x00, 0x00, 0x00,
    0x00, 0x00, 0x00, 0x00, 0x00, 0x00, 0x00, 0x00, 0x00, 0x00, 0x00, 0x00,
    0x00, 0x00, 0x00, 0x00, 0x00, 0x00, 0x00, 0x00, 0x00, 0x00, 0x00, 0x00,
    0x00, 0x00, 0x00, 0x00, 0x00, 0x00, 0x00, 0x00, 0x00, 0x00, 0x00, 0x00,
    0x00, 0x00, 0x00, 0x00, 0x00, 0x00, 0x00, 0x00, 0x00, 0x00, 0x00, 0x00,
    0x00, 0x00, 0x00, 0x00, 0x00, 0x00, 0x00, 0x00, 0x00, 0x00, 0x00, 0x00,
    0x00, 0x00, 0x00, 0x00, 0x00, 0x00, 0x00, 0x00, 0x00, 0x00, 0x00, 0x00,
    0x00, 0x00, 0x00, 0x00, 0x00, 0x00, 0x00, 0x00, 0x00, 0x00, 0x00, 0x00,
    0x00, 0x00, 0x00, 0x00, 0x00, 0x00, 0x00, 0x00, 0x00, 0x00, 0x00, 0x00,
    0x00, 0x00, 0x00, 0x00, 0x00, 0x00, 0x00, 0x00, 0x00, 0x00, 0x00, 0x00,
    0x00, 0x00, 0x00, 0x00, 0x00, 0x00, 0x00, 0x00, 0x00, 0x00, 0x00, 0x00,
    0x00, 0x00, 0x00, 0x00, 0x00, 0x00, 0x00, 0x00, 0x00, 0x00, 0x00, 0x00,
    0x00, 0x00, 0x00, 0x00, 0x00, 0x00, 0x00, 0x00, 0x00, 0x00, 0x00, 0x00,
    0x00, 0x00, 0x00, 0x00, 0x00, 0x00, 0x00, 0x00, 0x00, 0x00, 0x00, 0x00,
    0x00, 0x00, 0x00, 0x00, 0x00, 0x00, 0x00, 0x00, 0x00, 0x00, 0x00, 0x00,
    0x00, 0x00, 0x00, 0x00, 0x00, 0x00, 0x00, 0x00, 0x00, 0x00, 0x00, 0x00,
    0x00, 0x00, 0x00, 0x00, 0x00, 0x00, 0x00, 0x00, 0x00, 0x00, 0x00, 0x00,
    0x00, 0x00, 0x00, 0x00, 0x00, 0x00, 0x00, 0x00, 0x00, 0x00, 0x00, 0x00,
    0x00, 0x00, 0x00, 0x00, 0x00, 0x00, 0x00, 0x00, 0x00, 0x00, 0x00, 0x00,
    0x00, 0x00, 0x00, 0x00, 0x00, 0x00, 0x00, 0x00, 0x00, 0x00, 0x00, 0x00,
    0x00, 0x00, 0x00, 0x00, 0x00, 0x00, 0x00, 0x00, 0x00, 0x00, 0x00, 0x00,
    0x00, 0x00, 0x00, 0x00, 0x00, 0x00, 0x00, 0x00, 0x00, 0x00, 0x00, 0x00,
    0x00, 0x00, 0x00, 0x00, 0x00, 0x00, 0x00, 0x00, 0x00, 0x00, 0x00, 0x00,
    0x75, 0x7A, 0x8C, 0x52, 0x7C, 0x81, 0x93, 0xB5, 0x7C, 0x81, 0x93, 0xE1,
    0x73, 0x78, 0x8B, 0xFF, 0x73, 0x78, 0x8B, 0xFF, 0x73, 0x78, 0x8B, 0xFF,
    0x73, 0x78, 0x8B, 0xFF, 0x73, 0x78, 0x8B, 0xFF, 0x73, 0x78, 0x8B, 0xFF,
    0x73, 0x78, 0x8B, 0xFF, 0x73, 0x78, 0x8B, 0xFF, 0x73, 0x78, 0x8B, 0xFF,
    0x73, 0x78, 0x8B, 0xFF, 0x73, 0x78, 0x8B, 0xFF, 0x73, 0x78, 0x8B, 0xFF,
    0x73, 0x78, 0x8B, 0xFF, 0x73, 0x78, 0x8B, 0xFF, 0x73, 0x78, 0x8B, 0xFF,
    0x73, 0x78, 0x8B, 0xFF, 0x73, 0x78, 0x8B, 0xFF, 0x73, 0x78, 0x8B, 0xFF,
    0x73, 0x78, 0x8B, 0xFF, 0x73, 0x78, 0x8B, 0xFF, 0x73, 0x78, 0x8B, 0xFF,
    0x73, 0x78, 0x8B, 0xFF, 0x73, 0x78, 0x8B, 0xFF, 0x73, 0x78, 0x8B, 0xFF,
    0x7C, 0x81, 0x93, 0xE1, 0x7C, 0x81, 0x93, 0xB5, 0x75, 0x7A, 0x8C, 0x52,
    0x00, 0x00, 0x00, 0x00, 0x00, 0x00, 0x00, 0x00, 0x00, 0x00, 0x00, 0x00,
    0x00, 0x00, 0x00, 0x00, 0x00, 0x00, 0x00, 0x00, 0x00, 0x00, 0x00, 0x00,
    0x00, 0x00, 0x00, 0x00, 0x00, 0x00, 0x00, 0x00, 0x00, 0x00, 0x00, 0x00,
    0x00, 0x00, 0x00, 0x00, 0x00, 0x00, 0x00, 0x00, 0x00, 0x00, 0x00, 0x00,
    0x00, 0x00, 0x00, 0x00, 0x00, 0x00, 0x00, 0x00, 0x00, 0x00, 0x00, 0x00,
    0x00, 0x00, 0x00, 0x00, 0x71, 0x76, 0x89, 0x33, 0x7A, 0x7E, 0x90, 0xD3,
    0x63, 0x68, 0x7D, 0xFF, 0x44, 0x4B, 0x64, 0xFF, 0x38, 0x3F, 0x5A, 0xFF,
    0x38, 0x3F, 0x5A, 0xFF, 0x38, 0x3F, 0x5A, 0xFF, 0x38, 0x3F, 0x5A, 0xFF,
    0x38, 0x3F, 0x5A, 0xFF, 0x38, 0x3F, 0x5A, 0xFF, 0x38, 0x3F, 0x5A, 0xFF,
    0x38, 0x3F, 0x5A, 0xFF, 0x38, 0x3F, 0x5A, 0xFF, 0x38, 0x3F, 0x5A, 0xFF,
    0x38, 0x3F, 0x5A, 0xFF, 0x38, 0x3F, 0x5A, 0xFF, 0x38, 0x3F, 0x5A, 0xFF,
    0x38, 0x3F, 0x5A, 0xFF, 0x38, 0x3F, 0x5A, 0xFF, 0x38, 0x3F, 0x5A, 0xFF,
    0x38, 0x3F, 0x5A, 0xFF, 0x38, 0x3F, 0x5A, 0xFF, 0x38, 0x3F, 0x5A, 0xFF,
    0x38, 0x3F, 0x5A, 0xFF, 0x38, 0x3F, 0x5A, 0xFF, 0x38, 0x3F, 0x5A, 0xFF,
    0x38, 0x3F, 0x5A, 0xFF, 0x38, 0x3F, 0x5A, 0xFF, 0x38, 0x3F, 0x5A, 0xFF,
    0x38, 0x3F, 0x5A, 0xFF, 0x44, 0x4B, 0x64, 0xFF, 0x63, 0x68, 0x7D, 0xFF,
    0x7A, 0x7E, 0x90, 0xD3, 0x71, 0x76, 0x89, 0x33, 0x00, 0x00, 0x00, 0x00,
    0x00, 0x00, 0x00, 0x00, 0x00, 0x00, 0x00, 0x00, 0x00, 0x00, 0x00, 0x00,
    0x00, 0x00, 0x00, 0x00, 0x00, 0x00, 0x00, 0x00, 0x00, 0x00, 0x00, 0x00,
    0x00, 0x00, 0x00, 0x00, 0x00, 0x00, 0x00, 0x00, 0x00, 0x00, 0x00, 0x00,
    0x00, 0x00, 0x00, 0x00, 0x00, 0x00, 0x00, 0x00, 0x00, 0x00, 0x00, 0x00,
    0x6F, 0x74, 0x87, 0x56, 0x70, 0x75, 0x88, 0xF6, 0x42, 0x48, 0x62, 0xFF,
    0x37, 0x3E, 0x59, 0xFF, 0x37, 0x3E, 0x59, 0xFF, 0x37, 0x3E, 0x59, 0xFF,
    0x37, 0x3E, 0x59, 0xFF, 0x37, 0x3E, 0x59, 0xFF, 0x37, 0x3E, 0x59, 0xFF,
    0x37, 0x3E, 0x59, 0xFF, 0x37, 0x3E, 0x59, 0xFF, 0x37, 0x3E, 0x59, 0xFF,
    0x37, 0x3E, 0x59, 0xFF, 0x37, 0x3E, 0x59, 0xFF, 0x37, 0x3E, 0x59, 0xFF,
    0x37, 0x3E, 0x59, 0xFF, 0x37, 0x3E, 0x59, 0xFF, 0x37, 0x3E, 0x59, 0xFF,
    0x37, 0x3E, 0x59, 0xFF, 0x37, 0x3E, 0x59, 0xFF, 0x37, 0x3E, 0x59, 0xFF,
    0x37, 0x3E, 0x59, 0xFF, 0x37, 0x3E, 0x59, 0xFF, 0x37, 0x3E, 0x59, 0xFF,
    0x37, 0x3E, 0x59, 0xFF, 0x37, 0x3E, 0x59, 0xFF, 0x37, 0x3E, 0x59, 0xFF,
    0x37, 0x3E, 0x59, 0xFF, 0x37, 0x3E, 0x59, 0xFF, 0x37, 0x3E, 0x59, 0xFF,
    0x37, 0x3E, 0x59, 0xFF, 0x37, 0x3E, 0x59, 0xFF, 0x37, 0x3E, 0x59, 0xFF,
    0x42, 0x48, 0x62, 0xFF, 0x70, 0x75, 0x88, 0xF6, 0x6F, 0x74, 0x87, 0x56,
    0x00, 0x00, 0x00, 0x00, 0x00, 0x00, 0x00, 0x00, 0x00, 0x00, 0x00, 0x00,
    0x00, 0x00, 0x00, 0x00, 0x00, 0x00, 0x00, 0x00, 0x00, 0x00, 0x00, 0x00,
    0x00, 0x00, 0x00, 0x00, 0x00, 0x00, 0x00, 0x00, 0x00, 0x00, 0x00, 0x00,
    0x00, 0x00, 0x00, 0x00, 0x00, 0x00, 0x00, 0x00, 0x68, 0x6D, 0x80, 0x42,
    0x6B, 0x70, 0x84, 0xF8, 0x3A, 0x41, 0x5B, 0xFF, 0x37, 0x3D, 0x58, 0xFF,
    0x37, 0x3D, 0x58, 0xFF, 0x37, 0x3D, 0x58, 0xFF, 0x37, 0x3D, 0x58, 0xFF,
    0x37, 0x3D, 0x58, 0xFF, 0x37, 0x3D, 0x58, 0xFF, 0x37, 0x3D, 0x58, 0xFF,
    0x37, 0x3D, 0x58, 0xFF, 0x37, 0x3D, 0x58, 0xFF, 0x37, 0x3D, 0x58, 0xFF,
    0x37, 0x3D, 0x58, 0xFF, 0x37, 0x3D, 0x58, 0xFF, 0x37, 0x3D, 0x58, 0xFF,
    0x37, 0x3D, 0x58, 0xFF, 0x37, 0x3D, 0x58, 0xFF, 0x37, 0x3D, 0x58, 0xFF,
    0x37, 0x3D, 0x58, 0xFF, 0x37, 0x3D, 0x58, 0xFF, 0x37, 0x3D, 0x58, 0xFF,
    0x37, 0x3D, 0x58, 0xFF, 0x37, 0x3D, 0x58, 0xFF, 0x37, 0x3D, 0x58, 0xFF,
    0x37, 0x3D, 0x58, 0xFF, 0x37, 0x3D, 0x58, 0xFF, 0x37, 0x3D, 0x58, 0xFF,
    0x37, 0x3D, 0x58, 0xFF, 0x37, 0x3D, 0x58, 0xFF, 0x37, 0x3D, 0x58, 0xFF,
    0x37, 0x3D, 0x58, 0xFF, 0x37, 0x3D, 0x58, 0xFF, 0x37, 0x3D, 0x58, 0xFF,
    0x37, 0x3D, 0x58, 0xFF, 0x3A, 0x41, 0x5B, 0xFF, 0x6B, 0x70, 0x84, 0xF8,
    0x68, 0x6D, 0x80, 0x42, 0x00, 0x00, 0x00, 0x00, 0x00, 0x00, 0x00, 0x00,
    0x00, 0x00, 0x00, 0x00, 0x00, 0x00, 0x00, 0x00, 0x00, 0x00, 0x00, 0x00,
    0x00, 0x00, 0x00, 0x00, 0x00, 0x00, 0x00, 0x00, 0x00, 0x00, 0x00, 0x00,
    0x00, 0x00, 0x00, 0x00, 0x45, 0x48, 0x55, 0x0B, 0x6E, 0x73, 0x85, 0xE3,
    0x3C, 0x43, 0x5C, 0xFF, 0x36, 0x3D, 0x57, 0xFF, 0x36, 0x3D, 0x57, 0xFF,
    0x36, 0x3D, 0x57, 0xFF, 0x36, 0x3D, 0x57, 0xFF, 0x36, 0x3D, 0x57, 0xFF,
    0x36, 0x3D, 0x57, 0xFF, 0x36, 0x3D, 0x57, 0xFF, 0x36, 0x3D, 0x57, 0xFF,
    0x36, 0x3D, 0x57, 0xFF, 0x36, 0x3D, 0x57, 0xFF, 0x36, 0x3D, 0x57, 0xFF,
    0x36, 0x3D, 0x57, 0xFF, 0x36, 0x3D, 0x57, 0xFF, 0x36, 0x3D, 0x57, 0xFF,
    0x36, 0x3D, 0x57, 0xFF, 0x36, 0x3D, 0x57, 0xFF, 0x36, 0x3D, 0x57, 0xFF,
    0x36, 0x3D, 0x57, 0xFF, 0x36, 0x3D, 0x57, 0xFF, 0x36, 0x3D, 0x57, 0xFF,
    0x36, 0x3D, 0x57, 0xFF, 0x36, 0x3D, 0x57, 0xFF, 0x36, 0x3D, 0x57, 0xFF,
    0x36, 0x3D, 0x57, 0xFF, 0x36, 0x3D, 0x57, 0xFF, 0x36, 0x3D, 0x57, 0xFF,
    0x36, 0x3D, 0x57, 0xFF, 0x36, 0x3D, 0x57, 0xFF, 0x36, 0x3D, 0x57, 0xFF,
    0x36, 0x3D, 0x57, 0xFF, 0x36, 0x3D, 0x57, 0xFF, 0x36, 0x3D, 0x57, 0xFF,
    0x36, 0x3D, 0x57, 0xFF, 0x36, 0x3D, 0x57, 0xFF, 0x3C, 0x43, 0x5C, 0xFF,
    0x6E, 0x73, 0x85, 0xE3, 0x45, 0x48, 0x55, 0x0B, 0x00, 0x00, 0x00, 0x00,
    0x00, 0x00, 0x00, 0x00, 0x00, 0x00, 0x00, 0x00, 0x00, 0x00, 0x00, 0x00,
    0x00, 0x00, 0x00, 0x00, 0x00, 0x00, 0x00, 0x00, 0x00, 0x00, 0x00, 0x00,
    0x00, 0x00, 0x00, 0x02, 0x60, 0x65, 0x76, 0x83, 0x51, 0x56, 0x6D, 0xFF,
    0x35, 0x3C, 0x56, 0xFF, 0x35, 0x3C, 0x56, 0xFF, 0x35, 0x3C, 0x56, 0xFF,
    0x35, 0x3C, 0x56, 0xFF, 0x35, 0x3C, 0x56, 0xFF, 0x35, 0x3C, 0x56, 0xFF,
    0x35, 0x3C, 0x56, 0xFF, 0x35, 0x3C, 0x56, 0xFF, 0x35, 0x3C, 0x56, 0xFF,
    0x35, 0x3C, 0x56, 0xFF, 0x35, 0x3C, 0x56, 0xFF, 0x35, 0x3C, 0x56, 0xFF,
    0x35, 0x3C, 0x56, 0xFF, 0x35, 0x3C, 0x56, 0xFF, 0x35, 0x3C, 0x56, 0xFF,
    0x35, 0x3C, 0x56, 0xFF, 0x35, 0x3C, 0x56, 0xFF, 0x35, 0x3C, 0x56, 0xFF,
    0x35, 0x3C, 0x56, 0xFF, 0x35, 0x3C, 0x56, 0xFF, 0x35, 0x3C, 0x56, 0xFF,
    0x35, 0x3C, 0x56, 0xFF, 0x35, 0x3C, 0x56, 0xFF, 0x35, 0x3C, 0x56, 0xFF,
    0x35, 0x3C, 0x56, 0xFF, 0x35, 0x3C, 0x56, 0xFF, 0x35, 0x3C, 0x56, 0xFF,
    0x35, 0x3C, 0x56, 0xFF, 0x35, 0x3C, 0x56, 0xFF, 0x35, 0x3C, 0x56, 0xFF,
    0x35, 0x3C, 0x56, 0xFF, 0x35, 0x3C, 0x56, 0xFF, 0x35, 0x3C, 0x56, 0xFF,
    0x35, 0x3C, 0x56, 0xFF, 0x35, 0x3C, 0x56, 0xFF, 0x35, 0x3C, 0x56, 0xFF,
    0x51, 0x56, 0x6D, 0xFF, 0x60, 0x65, 0x76, 0x83, 0x00, 0x00, 0x00, 0x02,
    0x00, 0x00, 0x00, 0x00, 0x00, 0x00, 0x00, 0x00, 0x00, 0x00, 0x00, 0x00,
    0x00, 0x00, 0x00, 0x00, 0x00, 0x00, 0x00, 0x00, 0x00, 0x00, 0x00, 0x00,
    0x00, 0x00, 0x00, 0x0E, 0x67, 0x6B, 0x7E, 0xD9, 0x37, 0x3E, 0x57, 0xFF,
    0x35, 0x3B, 0x55, 0xFF, 0x35, 0x3B, 0x55, 0xFF, 0x35, 0x3B, 0x55, 0xFF,
    0x35, 0x3B, 0x55, 0xFF, 0x35, 0x3B, 0x55, 0xFF, 0x35, 0x3B, 0x55, 0xFF,
    0x35, 0x3B, 0x55, 0xFF, 0x35, 0x3B, 0x55, 0xFF, 0x35, 0x3B, 0x55, 0xFF,
    0x35, 0x3B, 0x55, 0xFF, 0x35, 0x3B, 0x55, 0xFF, 0x35, 0x3B, 0x55, 0xFF,
    0x35, 0x3B, 0x55, 0xFF, 0x35, 0x3B, 0x55, 0xFF, 0x35, 0x3B, 0x55, 0xFF,
    0x35, 0x3B, 0x55, 0xFF, 0x35, 0x3B, 0x55, 0xFF, 0x35, 0x3B, 0x55, 0xFF,
    0x35, 0x3B, 0x55, 0xFF, 0x35, 0x3B, 0x55, 0xFF, 0x35, 0x3B, 0x55, 0xFF,
    0x35, 0x3B, 0x55, 0xFF, 0x35, 0x3B, 0x55, 0xFF, 0x35, 0x3B, 0x55, 0xFF,
    0x35, 0x3B, 0x55, 0xFF, 0x35, 0x3B, 0x55, 0xFF, 0x35, 0x3B, 0x55, 0xFF,
    0x35, 0x3B, 0x55, 0xFF, 0x35, 0x3B, 0x55, 0xFF, 0x35, 0x3B, 0x55, 0xFF,
    0x35, 0x3B, 0x55, 0xFF, 0x35, 0x3B, 0x55, 0xFF, 0x35, 0x3B, 0x55, 0xFF,
    0x35, 0x3B, 0x55, 0xFF, 0x35, 0x3B, 0x55, 0xFF, 0x35, 0x3B, 0x55, 0xFF,
    0x37, 0x3E, 0x57, 0xFF, 0x67, 0x6B, 0x7E, 0xD9, 0x00, 0x00, 0x00, 0x0E,
    0x00, 0x00, 0x00, 0x00, 0x00, 0x00, 0x00, 0x00, 0x00, 0x00, 0x00, 0x00,
    0x00, 0x00, 0x00, 0x00, 0x00, 0x00, 0x00, 0x00, 0x00, 0x00, 0x00, 0x04,
    0x25, 0x27, 0x2F, 0x28, 0x5C, 0x61, 0x76, 0xFE, 0x34, 0x3A, 0x54, 0xFF,
    0x34, 0x3A, 0x54, 0xFF, 0x34, 0x3A, 0x54, 0xFF, 0x34, 0x3A, 0x54, 0xFF,
    0x34, 0x3A, 0x54, 0xFF, 0x34, 0x3A, 0x54, 0xFF, 0x34, 0x3A, 0x54, 0xFF,
    0x34, 0x3A, 0x54, 0xFF, 0x34, 0x3A, 0x54, 0xFF, 0x34, 0x3A, 0x54, 0xFF,
    0x34, 0x3A, 0x54, 0xFF, 0x34, 0x3A, 0x54, 0xFF, 0x34, 0x3A, 0x54, 0xFF,
    0x34, 0x3A, 0x54, 0xFF, 0x34, 0x3A, 0x54, 0xFF, 0x34, 0x3A, 0x54, 0xFF,
    0x34, 0x3A, 0x54, 0xFF, 0x34, 0x3A, 0x54, 0xFF, 0x34, 0x3A, 0x54, 0xFF,
    0x34, 0x3A, 0x54, 0xFF, 0x34, 0x3A, 0x54, 0xFF, 0x34, 0x3A, 0x54, 0xFF,
    0x34, 0x3A, 0x54, 0xFF, 0x34, 0x3A, 0x54, 0xFF, 0x34, 0x3A, 0x54, 0xFF,
    0x34, 0x3A, 0x54, 0xFF, 0x34, 0x3A, 0x54, 0xFF, 0x34, 0x3A, 0x54, 0xFF,
    0x34, 0x3A, 0x54, 0xFF, 0x34, 0x3A, 0x54, 0xFF, 0x34, 0x3A, 0x54, 0xFF,
    0x34, 0x3A, 0x54, 0xFF, 0x34, 0x3A, 0x54, 0xFF, 0x34, 0x3A, 0x54, 0xFF,
    0x34, 0x3A, 0x54, 0xFF, 0x34, 0x3A, 0x54, 0xFF, 0x34, 0x3A, 0x54, 0xFF,
    0x34, 0x3A, 0x54, 0xFF, 0x5C, 0x61, 0x76, 0xFE, 0x25, 0x27, 0x2F, 0x28,
    0x00, 0x00, 0x00, 0x04, 0x00, 0x00, 0x00, 0x00, 0x00, 0x00, 0x00, 0x00,
    0x00, 0x00, 0x00, 0x00, 0x00, 0x00, 0x00, 0x00, 0x00, 0x00, 0x00, 0x0C,
    0x42, 0x45, 0x53, 0x55, 0x51, 0x56, 0x6C, 0xFF, 0x33, 0x39, 0x53, 0xFF,
    0x33, 0x39, 0x53, 0xFF, 0x33, 0x39, 0x53, 0xFF, 0x33, 0x39, 0x53, 0xFF,
    0x33, 0x39, 0x53, 0xFF, 0x33, 0x39, 0x53, 0xFF, 0x33, 0x39, 0x53, 0xFF,
    0x33, 0x39, 0x53, 0xFF, 0x33, 0x39, 0x53, 0xFF, 0x33, 0x39, 0x53, 0xFF,
    0x33, 0x39, 0x53, 0xFF, 0x33, 0x39, 0x53, 0xFF, 0x33, 0x39, 0x53, 0xFF,
    0x33, 0x39, 0x53, 0xFF, 0x33, 0x39, 0x53, 0xFF, 0x33, 0x39, 0x53, 0xFF,
    0x33, 0x39, 0x53, 0xFF, 0x33, 0x39, 0x53, 0xFF, 0x33, 0x39, 0x53, 0xFF,
    0x33, 0x39, 0x53, 0xFF, 0x33, 0x39, 0x53, 0xFF, 0x33, 0x39, 0x53, 0xFF,
    0x33, 0x39, 0x53, 0xFF, 0x33, 0x39, 0x53, 0xFF, 0x33, 0x39, 0x53, 0xFF,
    0x33, 0x39, 0x53, 0xFF, 0x33, 0x39, 0x53, 0xFF, 0x33, 0x39, 0x53, 0xFF,
    0x33, 0x39, 0x53, 0xFF, 0x33, 0x39, 0x53, 0xFF, 0x33, 0x39, 0x53, 0xFF,
    0x33, 0x39, 0x53, 0xFF, 0x33, 0x39, 0x53, 0xFF, 0x33, 0x39, 0x53, 0xFF,
    0x33, 0x39, 0x53, 0xFF, 0x33, 0x39, 0x53, 0xFF, 0x33, 0x39, 0x53, 0xFF,
    0x33, 0x39, 0x53, 0xFF, 0x51, 0x56, 0x6C, 0xFF, 0x42, 0x45, 0x53, 0x55,
    0x00, 0x00, 0x00, 0x0C, 0x00, 0x00, 0x00, 0x00, 0x00, 0x00, 0x00, 0x00,
    0x00, 0x00, 0x00, 0x00, 0x00, 0x00, 0x00, 0x01, 0x00, 0x00, 0x00, 0x14,
    0x44, 0x47, 0x56, 0x66, 0x4C, 0x51, 0x67, 0xFF, 0x32, 0x39, 0x52, 0xFF,
    0x32, 0x39, 0x52, 0xFF, 0x32, 0x39, 0x52, 0xFF, 0x32, 0x39, 0x52, 0xFF,
    0x32, 0x39, 0x52, 0xFF, 0x32, 0x39, 0x52, 0xFF, 0x32, 0x39, 0x52, 0xFF,
    0x32, 0x39, 0x52, 0xFF, 0x32, 0x39, 0x52, 0xFF, 0x32, 0x39, 0x52, 0xFF,
    0x32, 0x39, 0x52, 0xFF, 0x32, 0x39, 0x52, 0xFF, 0x32, 0x39, 0x52, 0xFF,
    0x32, 0x39, 0x52, 0xFF, 0x32, 0x39, 0x52, 0xFF, 0x32, 0x39, 0x52, 0xFF,
    0x32, 0x39, 0x52, 0xFF, 0x32, 0x39, 0x52, 0xFF, 0x32, 0x39, 0x52, 0xFF,
    0x32, 0x39, 0x52, 0xFF, 0x32, 0x39, 0x52, 0xFF, 0x32, 0x39, 0x52, 0xFF,
    0x32, 0x39, 0x52, 0xFF, 0x32, 0x39, 0x52, 0xFF, 0x32, 0x39, 0x52, 0xFF,
    0x32, 0x39, 0x52, 0xFF, 0x32, 0x39, 0x52, 0xFF, 0x32, 0x39, 0x52, 0xFF,
    0x32, 0x39, 0x52, 0xFF, 0x32, 0x39, 0x52, 0xFF, 0x32, 0x39, 0x52, 0xFF,
    0x32, 0x39, 0x52, 0xFF, 0x32, 0x39, 0x52, 0xFF, 0x32, 0x39, 0x52, 0xFF,
    0x32, 0x39, 0x52, 0xFF, 0x32, 0x39, 0x52, 0xFF, 0x32, 0x39, 0x52, 0xFF,
    0x32, 0x39, 0x52, 0xFF, 0x4C, 0x51, 0x67, 0xFF, 0x44, 0x47, 0x56, 0x66,
    0x00, 0x00, 0x00, 0x14, 0x00, 0x00, 0x00, 0x01, 0x00, 0x00, 0x00, 0x00,
    0x00, 0x00, 0x00, 0x00, 0x00, 0x00, 0x00, 0x04, 0x00, 0x00, 0x00, 0x16,
    0x40, 0x44, 0x52, 0x68, 0x49, 0x4F, 0x65, 0xFF, 0x32, 0x38, 0x51, 0xFF,
    0x32, 0x38, 0x51, 0xFF, 0x32, 0x38, 0x51, 0xFF, 0x32, 0x38, 0x51, 0xFF,
    0x32, 0x38, 0x51, 0xFF, 0x32, 0x38, 0x51, 0xFF, 0x32, 0x38, 0x51, 0xFF,
    0x32, 0x38, 0x51, 0xFF, 0x32, 0x38, 0x51, 0xFF, 0x32, 0x38, 0x51, 0xFF,
    0x32, 0x38, 0x51, 0xFF, 0x32, 0x38, 0x51, 0xFF, 0x32, 0x38, 0x51, 0xFF,
    0x32, 0x38, 0x51, 0xFF, 0x32, 0x38, 0x51, 0xFF, 0x32, 0x38, 0x51, 0xFF,
    0x32, 0x38, 0x51, 0xFF, 0x32, 0x38, 0x51, 0xFF, 0x32, 0x38, 0x51, 0xFF,
    0x32, 0x38, 0x51, 0xFF, 0x32, 0x38, 0x51, 0xFF, 0x32, 0x38, 0x51, 0xFF,
    0x32, 0x38, 0x51, 0xFF, 0x32, 0x38, 0x51, 0xFF, 0x39, 0x3C, 0x4F, 0xFF,
    0x85, 0x6D, 0x39, 0xFF, 0x92, 0x75, 0x36, 0xFF, 0x92, 0x75, 0x36, 0xFF,
    0x92, 0x75, 0x36, 0xFF, 0x5C, 0x53, 0x45, 0xFF, 0x32, 0x38, 0x51, 0xFF,
    0x32, 0x38, 0x51, 0xFF, 0x32, 0x38, 0x51, 0xFF, 0x32, 0x38, 0x51, 0xFF,
    0x32, 0x38, 0x51, 0xFF, 0x32, 0x38, 0x51, 0xFF, 0x32, 0x38, 0x51, 0xFF,
    0x32, 0x38, 0x51, 0xFF, 0x49, 0x4F, 0x65, 0xFF, 0x40, 0x44, 0x52, 0x68,
    0x00, 0x00, 0x00, 0x16, 0x00, 0x00, 0x00, 0x04, 0x00, 0x00, 0x00, 0x00,
    0x00, 0x00, 0x00, 0x00, 0x00, 0x00, 0x00, 0x06, 0x00, 0x00, 0x00, 0x18,
    0x3D, 0x41, 0x4F, 0x68, 0x47, 0x4C, 0x63, 0xFF, 0x31, 0x37, 0x50, 0xFF,
    0x31, 0x37, 0x50, 0xFF, 0x31, 0x37, 0x50, 0xFF, 0x31, 0x37, 0x50, 0xFF,
    0x31, 0x37, 0x50, 0xFF, 0x31, 0x37, 0x50, 0xFF, 0x31, 0x37, 0x50, 0xFF,
    0x31, 0x37, 0x50, 0xFF, 0x31, 0x37, 0x50, 0xFF, 0x31, 0x37, 0x50, 0xFF,
    0x31, 0x37, 0x50, 0xFF, 0x31, 0x37, 0x50, 0xFF, 0x31, 0x37, 0x50, 0xFF,
    0x31, 0x37, 0x50, 0xFF, 0x31, 0x37, 0x50, 0xFF, 0x31, 0x37, 0x50, 0xFF,
    0x31, 0x37, 0x50, 0xFF, 0x31, 0x37, 0x50, 0xFF, 0x31, 0x37, 0x50, 0xFF,
    0x31, 0x37, 0x50, 0xFF, 0x31, 0x37, 0x50, 0xFF, 0x31, 0x37, 0x50, 0xFF,
    0x31, 0x37, 0x50, 0xFF, 0x31, 0x37, 0x50, 0xFF, 0xA0, 0x7E, 0x31, 0xFF,
    0xEF, 0xB0, 0x1B, 0xFF, 0xEF, 0xB0, 0x1B, 0xFF, 0xEF, 0xB0, 0x1B, 0xFF,
    0xEF, 0xB0, 0x1B, 0xFF, 0xEA, 0xAD, 0x1C, 0xFF, 0x46, 0x44, 0x4A, 0xFF,
    0x31, 0x37, 0x50, 0xFF, 0x31, 0x37, 0x50, 0xFF, 0x31, 0x37, 0x50, 0xFF,
    0x31, 0x37, 0x50, 0xFF, 0x31, 0x37, 0x50, 0xFF, 0x31, 0x37, 0x50, 0xFF,
    0x31, 0x37, 0x50, 0xFF, 0x47, 0x4C, 0x63, 0xFF, 0x3D, 0x41, 0x4F, 0x68,
    0x00, 0x00, 0x00, 0x18, 0x00, 0x00, 0x00, 0x06, 0x00, 0x00, 0x00, 0x00,
    0x00, 0x00, 0x00, 0x00, 0x00, 0x00, 0x00, 0x07, 0x00, 0x00, 0x00, 0x18,
    0x3B, 0x3E, 0x4D, 0x68, 0x44, 0x4A, 0x60, 0xFF, 0x30, 0x36, 0x4F, 0xFF,
    0x30, 0x36, 0x4F, 0xFF, 0x30, 0x36, 0x4F, 0xFF, 0x30, 0x36, 0x4F, 0xFF,
    0x30, 0x36, 0x4F, 0xFF, 0x30, 0x36, 0x4F, 0xFF, 0x30, 0x36, 0x4F, 0xFF,
    0x30, 0x36, 0x4F, 0xFF, 0x30, 0x36, 0x4F, 0xFF, 0x30, 0x36, 0x4F, 0xFF,
    0x30, 0x36, 0x4F, 0xFF, 0x30, 0x36, 0x4F, 0xFF, 0x30, 0x36, 0x4F, 0xFF,
    0x30, 0x36, 0x4F, 0xFF, 0x30, 0x36, 0x4F, 0xFF, 0x30, 0x36, 0x4F, 0xFF,
    0x30, 0x36, 0x4F, 0xFF, 0x30, 0x36, 0x4F, 0xFF, 0x30, 0x36, 0x4F, 0xFF,
    0x30, 0x36, 0x4F, 0xFF, 0x30, 0x36, 0x4F, 0xFF, 0x30, 0x36, 0x4F, 0xFF,
    0x30, 0x36, 0x4F, 0xFF, 0x30, 0x36, 0x4F, 0xFF, 0xBD, 0x90, 0x28, 0xFF,
    0xED, 0xAF, 0x1B, 0xFF, 0xED, 0xAF, 0x1B, 0xFF, 0xED, 0xAF, 0x1B, 0xFF,
    0xED, 0xAF, 0x1B, 0xFF, 0xED, 0xAF, 0x1B, 0xFF, 0x5F, 0x54, 0x42, 0xFF,
    0x30, 0x36, 0x4F, 0xFF, 0x30, 0x36, 0x4F, 0xFF, 0x30, 0x36, 0x4F, 0xFF,
    0x30, 0x36, 0x4F, 0xFF, 0x30, 0x36, 0x4F, 0xFF, 0x30, 0x36, 0x4F, 0xFF,
    0x30, 0x36, 0x4F, 0xFF, 0x44, 0x4A, 0x60, 0xFF, 0x3B, 0x3E, 0x4D, 0x68,
    0x00, 0x00, 0x00, 0x18, 0x00, 0x00, 0x00, 0x07, 0x00, 0x00, 0x00, 0x00,
    0x00, 0x00, 0x00, 0x00, 0x00, 0x00, 0x00, 0x07, 0x00, 0x00, 0x00, 0x18,
    0x38, 0x3C, 0x4A, 0x67, 0x42, 0x48, 0x5E, 0xFF, 0x30, 0x36, 0x4E, 0xFF,
    0x30, 0x36, 0x4E, 0xFF, 0x30, 0x36, 0x4E, 0xFF, 0x30, 0x36, 0x4E, 0xFF,
    0x30, 0x36, 0x4E, 0xFF, 0x30, 0x36, 0x4E, 0xFF, 0x30, 0x36, 0x4E, 0xFF,
    0x30, 0x36, 0x4E, 0xFF, 0x30, 0x36, 0x4E, 0xFF, 0x30, 0x36, 0x4E, 0xFF,
    0x30, 0x36, 0x4E, 0xFF, 0x30, 0x36, 0x4E, 0xFF, 0x30, 0x36, 0x4E, 0xFF,
    0x30, 0x36, 0x4E, 0xFF, 0x30, 0x36, 0x4E, 0xFF, 0x30, 0x36, 0x4E, 0xFF,
    0x30, 0x36, 0x4E, 0xFF, 0x30, 0x36, 0x4E, 0xFF, 0x30, 0x36, 0x4E, 0xFF,
    0x30, 0x36, 0x4E, 0xFF, 0x30, 0x36, 0x4E, 0xFF, 0x30, 0x36, 0x4E, 0xFF,
    0x30, 0x36, 0x4E, 0xFF, 0x30, 0x36, 0x4E, 0xFF, 0xBB, 0x8F, 0x29, 0xFF,
    0xEA, 0xAD, 0x1C, 0xFF, 0xEA, 0xAD, 0x1C, 0xFF, 0xEA, 0xAD, 0x1C, 0xFF,
    0xEA, 0xAD, 0x1C, 0xFF, 0xEA, 0xAD, 0x1C, 0xFF, 0x5E, 0x53, 0x42, 0xFF,
    0x30, 0x36, 0x4E, 0xFF, 0x30, 0x36, 0x4E, 0xFF, 0x30, 0x36, 0x4E, 0xFF,
    0x30, 0x36, 0x4E, 0xFF, 0x30, 0x36, 0x4E, 0xFF, 0x30, 0x36, 0x4E, 0xFF,
    0x30, 0x36, 0x4E, 0xFF, 0x42, 0x48, 0x5E, 0xFF, 0x38, 0x3C, 0x4A, 0x67,
    0x00, 0x00, 0x00, 0x18, 0x00, 0x00, 0x00, 0x07, 0x00, 0x00, 0x00, 0x00,
    0x00, 0x00, 0x00, 0x00, 0x00, 0x00, 0x00, 0x07, 0x00, 0x00, 0x00, 0x18,
    0x36, 0x39, 0x48, 0x66, 0x40, 0x45, 0x5C, 0xFF, 0x2F, 0x35, 0x4D, 0xFF,
    0x2F, 0x35, 0x4D, 0xFF, 0x2F, 0x35, 0x4D, 0xFF, 0x2F, 0x35, 0x4D, 0xFF,
    0x2F, 0x35, 0x4D, 0xFF, 0x2F, 0x35, 0x4D, 0xFF, 0x2F, 0x35, 0x4D, 0xFF,
    0x2F, 0x35, 0x4D, 0xFF, 0x2F, 0x35, 0x4D, 0xFF, 0x2F, 0x35, 0x4D, 0xFF,
    0x2F, 0x35, 0x4D, 0xFF, 0x2F, 0x35, 0x4D, 0xFF, 0x2F, 0x35, 0x4D, 0xFF,
    0x2F, 0x35, 0x4D, 0xFF, 0x2F, 0x35, 0x4D, 0xFF, 0x2F, 0x35, 0x4D, 0xFF,
    0x2F, 0x35, 0x4D, 0xFF, 0x2F, 0x35, 0x4D, 0xFF, 0x2F, 0x35, 0x4D, 0xFF,
    0x2F, 0x35, 0x4D, 0xFF, 0x2F, 0x35, 0x4D, 0xFF, 0x2F, 0x35, 0x4D, 0xFF,
    0x2F, 0x35, 0x4D, 0xFF, 0x2F, 0x35, 0x4D, 0xFF, 0xB9, 0x8E, 0x29, 0xFF,
    0xE7, 0xAB, 0x1D, 0xFF, 0xE7, 0xAB, 0x1D, 0xFF, 0xE7, 0xAB, 0x1D, 0xFF,
    0xE7, 0xAB, 0x1D, 0xFF, 0xE7, 0xAB, 0x1D, 0xFF, 0x5D, 0x52, 0x41, 0xFF,
    0x2F, 0x35, 0x4D, 0xFF, 0x2F, 0x35, 0x4D, 0xFF, 0x2F, 0x35, 0x4D, 0xFF,
    0x2F, 0x35, 0x4D, 0xFF, 0x2F, 0x35, 0x4D, 0xFF, 0x2F, 0x35, 0x4D, 0xFF,
    0x2F, 0x35, 0x4D, 0xFF, 0x40, 0x45, 0x5C, 0xFF, 0x36, 0x39, 0x48, 0x66,
    0x00, 0x00, 0x00, 0x18, 0x00, 0x00, 0x00, 0x07, 0x00, 0x00, 0x00, 0x00,
    0x00, 0x00, 0x00, 0x00, 0x00, 0x00, 0x00, 0x07, 0x00, 0x00, 0x00, 0x18,
    0x33, 0x37, 0x45, 0x66, 0x3D, 0x43, 0x59, 0xFF, 0x2E, 0x34, 0x4C, 0xFF,
    0x2E, 0x34, 0x4C, 0xFF, 0x2E, 0x34, 0x4C, 0xFF, 0x2E, 0x34, 0x4C, 0xFF,
    0x2E, 0x34, 0x4C, 0xFF, 0x2E, 0x34, 0x4C, 0xFF, 0x2E, 0x34, 0x4C, 0xFF,
    0x2E, 0x34, 0x4C, 0xFF, 0x2E, 0x34, 0x4C, 0xFF, 0x2E, 0x34, 0x4C, 0xFF,
    0x2E, 0x34, 0x4C, 0xFF, 0x2E, 0x34, 0x4C, 0xFF, 0x2E, 0x34, 0x4C, 0xFF,
    0x2E, 0x34, 0x4C, 0xFF, 0x2E, 0x34, 0x4C, 0xFF, 0x2E, 0x34, 0x4C, 0xFF,
    0x2E, 0x34, 0x4C, 0xFF, 0x34, 0x56, 0x58, 0xFF, 0x34, 0x57, 0x58, 0xFF,
    0x34, 0x57, 0x58, 0xFF, 0x34, 0x56, 0x58, 0xFF, 0x2E, 0x34, 0x4C, 0xFF,
    0x2E, 0x34, 0x4C, 0xFF, 0x2E, 0x34, 0x4C, 0xFF, 0xB7, 0x8C, 0x29, 0xFF,
    0xE4, 0xA9, 0x1D, 0xFF, 0xE4, 0xA9, 0x1D, 0xFF, 0xE4, 0xA9, 0x1D, 0xFF,
    0xE4, 0xA9, 0x1D, 0xFF, 0xE4, 0xA9, 0x1D, 0xFF, 0x5C, 0x51, 0x41, 0xFF,
    0x2E, 0x34, 0x4C, 0xFF, 0x2E, 0x34, 0x4C, 0xFF, 0x2E, 0x34, 0x4C, 0xFF,
    0x2E, 0x34, 0x4C, 0xFF, 0x2E, 0x34, 0x4C, 0xFF, 0x2E, 0x34, 0x4C, 0xFF,
    0x2E, 0x34, 0x4C, 0xFF, 0x3D, 0x43, 0x59, 0xFF, 0x33, 0x37, 0x45, 0x66,
    0x00, 0x00, 0x00, 0x18, 0x00, 0x00, 0x00, 0x07, 0x00, 0x00, 0x00, 0x00,
    0x00, 0x00, 0x00, 0x00, 0x00, 0x00, 0x00, 0x07, 0x00, 0x00, 0x00, 0x18,
    0x31, 0x34, 0x43, 0x65, 0x3B, 0x40, 0x57, 0xFF, 0x2E, 0x33, 0x4C, 0xFF,
    0x2E, 0x33, 0x4C, 0xFF, 0x2E, 0x33, 0x4C, 0xFF, 0x2E, 0x33, 0x4C, 0xFF,
    0x2E, 0x33, 0x4C, 0xFF, 0x2E, 0x33, 0x4C, 0xFF, 0x2E, 0x33, 0x4C, 0xFF,
    0x2E, 0x33, 0x4C, 0xFF, 0x2E, 0x33, 0x4C, 0xFF, 0x2E, 0x33, 0x4C, 0xFF,
    0x2E, 0x33, 0x4C, 0xFF, 0x2E, 0x33, 0x4C, 0xFF, 0x2E, 0x33, 0x4C, 0xFF,
    0x2E, 0x33, 0x4C, 0xFF, 0x2E, 0x33, 0x4C, 0xFF, 0x2E, 0x33, 0x4C, 0xFF,
    0x3E, 0x93, 0x6B, 0xFF, 0x46, 0xBE, 0x79, 0xFF, 0x46, 0xBE, 0x79, 0xFF,
    0x46, 0xBE, 0x79, 0xFF, 0x46, 0xBE, 0x79, 0xFF, 0x3E, 0x93, 0x6B, 0xFF,
    0x2E, 0x33, 0x4C, 0xFF, 0x2E, 0x33, 0x4C, 0xFF, 0xB5, 0x8A, 0x29, 0xFF,
    0xE2, 0xA7, 0x1E, 0xFF, 0xE2, 0xA7, 0x1E, 0xFF, 0xE2, 0xA7, 0x1E, 0xFF,
    0xE2, 0xA7, 0x1E, 0xFF, 0xE2, 0xA7, 0x1E, 0xFF, 0x5B, 0x50, 0x40, 0xFF,
    0x2E, 0x33, 0x4C, 0xFF, 0x2E, 0x33, 0x4C, 0xFF, 0x2E, 0x33, 0x4C, 0xFF,
    0x2E, 0x33, 0x4C, 0xFF, 0x2E, 0x33, 0x4C, 0xFF, 0x2E, 0x33, 0x4C, 0xFF,
    0x2E, 0x33, 0x4C, 0xFF, 0x3B, 0x40, 0x57, 0xFF, 0x31, 0x34, 0x43, 0x65,
    0x00, 0x00, 0x00, 0x18, 0x00, 0x00, 0x00, 0x07, 0x00, 0x00, 0x00, 0x00,
    0x00, 0x00, 0x00, 0x00, 0x00, 0x00, 0x00, 0x07, 0x00, 0x00, 0x00, 0x18,
    0x2E, 0x31, 0x40, 0x64, 0x39, 0x3E, 0x55, 0xFF, 0x2D, 0x33, 0x4B, 0xFF,
    0x2D, 0x33, 0x4B, 0xFF, 0x2D, 0x33, 0x4B, 0xFF, 0x2D, 0x33, 0x4B, 0xFF,
    0x2D, 0x33, 0x4B, 0xFF, 0x2D, 0x33, 0x4B, 0xFF, 0x2D, 0x33, 0x4B, 0xFF,
    0x2D, 0x33, 0x4B, 0xFF, 0x2D, 0x33, 0x4B, 0xFF, 0x2D, 0x33, 0x4B, 0xFF,
    0x2D, 0x33, 0x4B, 0xFF, 0x2D, 0x33, 0x4B, 0xFF, 0x2D, 0x33, 0x4B, 0xFF,
    0x2D, 0x33, 0x4B, 0xFF, 0x2D, 0x33, 0x4B, 0xFF, 0x2D, 0x33, 0x4B, 0xFF,
    0x45, 0xBA, 0x78, 0xFF, 0x45, 0xBB, 0x78, 0xFF, 0x45, 0xBB, 0x78, 0xFF,
    0x45, 0xBB, 0x78, 0xFF, 0x45, 0xBB, 0x78, 0xFF, 0x45, 0xBA, 0x78, 0xFF,
    0x2D, 0x33, 0x4B, 0xFF, 0x2D, 0x33, 0x4B, 0xFF, 0xB2, 0x89, 0x2A, 0xFF,
    0xDF, 0xA6, 0x1F, 0xFF, 0xDF, 0xA6, 0x1F, 0xFF, 0xDF, 0xA6, 0x1F, 0xFF,
    0xDF, 0xA6, 0x1F, 0xFF, 0xDF, 0xA6, 0x1F, 0xFF, 0x59, 0x4F, 0x40, 0xFF,
    0x2D, 0x33, 0x4B, 0xFF, 0x2D, 0x33, 0x4B, 0xFF, 0x2D, 0x33, 0x4B, 0xFF,
    0x2D, 0x33, 0x4B, 0xFF, 0x2D, 0x33, 0x4B, 0xFF, 0x2D, 0x33, 0x4B, 0xFF,
    0x2D, 0x33, 0x4B, 0xFF, 0x39, 0x3E, 0x55, 0xFF, 0x2E, 0x31, 0x40, 0x64,
    0x00, 0x00, 0x00, 0x18, 0x00, 0x00, 0x00, 0x07, 0x00, 0x00, 0x00, 0x00,
    0x00, 0x00, 0x00, 0x00, 0x00, 0x00, 0x00, 0x07, 0x00, 0x00, 0x00, 0x18,
    0x2B, 0x2F, 0x3E, 0x64, 0x36, 0x3C, 0x52, 0xFF, 0x2C, 0x32, 0x4A, 0xFF,
    0x2C, 0x32, 0x4A, 0xFF, 0x2C, 0x32, 0x4A, 0xFF, 0x2C, 0x32, 0x4A, 0xFF,
    0x2C, 0x32, 0x4A, 0xFF, 0x2C, 0x32, 0x4A, 0xFF, 0x2C, 0x32, 0x4A, 0xFF,
    0x2C, 0x32, 0x4A, 0xFF, 0x2C, 0x32, 0x4A, 0xFF, 0x2C, 0x32, 0x4A, 0xFF,
    0x2C, 0x32, 0x4A, 0xFF, 0x2C, 0x32, 0x4A, 0xFF, 0x2C, 0x32, 0x4A, 0xFF,
    0x2C, 0x32, 0x4A, 0xFF, 0x2C, 0x32, 0x4A, 0xFF, 0x2C, 0x32, 0x4A, 0xFF,
    0x45, 0xB9, 0x78, 0xFF, 0x45, 0xB9, 0x78, 0xFF, 0x45, 0xB9, 0x78, 0xFF,
    0x45, 0xB9, 0x78, 0xFF, 0x45, 0xB9, 0x78, 0xFF, 0x45, 0xB9, 0x78, 0xFF,
    0x2C, 0x32, 0x4A, 0xFF, 0x2C, 0x32, 0x4A, 0xFF, 0xB0, 0x87, 0x2A, 0xFF,
    0xDC, 0xA4, 0x1F, 0xFF, 0xDC, 0xA4, 0x1F, 0xFF, 0xDC, 0xA4, 0x1F, 0xFF,
    0xDC, 0xA4, 0x1F, 0xFF, 0xDC, 0xA4, 0x1F, 0xFF, 0x58, 0x4E, 0x3F, 0xFF,
    0x2C, 0x32, 0x4A, 0xFF, 0x2C, 0x32, 0x4A, 0xFF, 0x2C, 0x32, 0x4A, 0xFF,
    0x2C, 0x32, 0x4A, 0xFF, 0x2C, 0x32, 0x4A, 0xFF, 0x2C, 0x32, 0x4A, 0xFF,
    0x2C, 0x32, 0x4A, 0xFF, 0x36, 0x3C, 0x52, 0xFF, 0x2B, 0x2F, 0x3E, 0x64,
    0x00, 0x00, 0x00, 0x18, 0x00, 0x00, 0x00, 0x07, 0x00, 0x00, 0x00, 0x00,
    0x00, 0x00, 0x00, 0x00, 0x00, 0x00, 0x00, 0x07, 0x00, 0x00, 0x00, 0x18,
    0x28, 0x2C, 0x3B, 0x63, 0x34, 0x39, 0x50, 0xFF, 0x2C, 0x31, 0x49, 0xFF,
    0x2C, 0x31, 0x49, 0xFF, 0x2C, 0x31, 0x49, 0xFF, 0x2C, 0x31, 0x49, 0xFF,
    0x2C, 0x31, 0x49, 0xFF, 0x2C, 0x31, 0x49, 0xFF, 0x2C, 0x31, 0x49, 0xFF,
    0x2C, 0x31, 0x49, 0xFF, 0x2C, 0x31, 0x49, 0xFF, 0x2C, 0x31, 0x49, 0xFF,
    0x2C, 0x31, 0x49, 0xFF, 0x2C, 0x31, 0x49, 0xFF, 0x2C, 0x31, 0x49, 0xFF,
    0x2C, 0x31, 0x49, 0xFF, 0x2C, 0x31, 0x49, 0xFF, 0x2C, 0x31, 0x49, 0xFF,
    0x44, 0xB6, 0x77, 0xFF, 0x44, 0xB6, 0x77, 0xFF, 0x44, 0xB6, 0x77, 0xFF,
    0x44, 0xB6, 0x77, 0xFF, 0x44, 0xB6, 0x77, 0xFF, 0x44, 0xB6, 0x77, 0xFF,
    0x2C, 0x31, 0x49, 0xFF, 0x2C, 0x31, 0x49, 0xFF, 0xAE, 0x86, 0x2A, 0xFF,
    0xD9, 0xA2, 0x20, 0xFF, 0xD9, 0xA2, 0x20, 0xFF, 0xD9, 0xA2, 0x20, 0xFF,
    0xD9, 0xA2, 0x20, 0xFF, 0xD9, 0xA2, 0x20, 0xFF, 0x57, 0x4D, 0x3E, 0xFF,
    0x2C, 0x31, 0x49, 0xFF, 0x2C, 0x31, 0x49, 0xFF, 0x2C, 0x31, 0x49, 0xFF,
    0x2C, 0x31, 0x49, 0xFF, 0x2C, 0x31, 0x49, 0xFF, 0x2C, 0x31, 0x49, 0xFF,
    0x2C, 0x31, 0x49, 0xFF, 0x34, 0x39, 0x50, 0xFF, 0x28, 0x2C, 0x3B, 0x63,
    0x00, 0x00, 0x00, 0x18, 0x00, 0x00, 0x00, 0x07, 0x00, 0x00, 0x00, 0x00,
    0x00, 0x00, 0x00, 0x00, 0x00, 0x00, 0x00, 0x07, 0x00, 0x00, 0x00, 0x18,
    0x26, 0x29, 0x38, 0x62, 0x31, 0x37, 0x4D, 0xFF, 0x2B, 0x30, 0x48, 0xFF,
    0x2B, 0x30, 0x48, 0xFF, 0x2B, 0x30, 0x48, 0xFF, 0x2B, 0x30, 0x48, 0xFF,
    0x2B, 0x30, 0x48, 0xFF, 0x2B, 0x30, 0x48, 0xFF, 0x2B, 0x30, 0x48, 0xFF,
    0x2B, 0x30, 0x48, 0xFF, 0x2B, 0x30, 0x48, 0xFF, 0x2B, 0x30, 0x48, 0xFF,
    0x2B, 0x30, 0x48, 0xFF, 0x2B, 0x30, 0x48, 0xFF, 0x2B, 0x30, 0x48, 0xFF,
    0x2B, 0x30, 0x48, 0xFF, 0x2B, 0x30, 0x48, 0xFF, 0x2B, 0x30, 0x48, 0xFF,
    0x44, 0xB3, 0x76, 0xFF, 0x44, 0xB3, 0x76, 0xFF, 0x44, 0xB3, 0x76, 0xFF,
    0x44, 0xB3, 0x76, 0xFF, 0x44, 0xB3, 0x76, 0xFF, 0x44, 0xB3, 0x76, 0xFF,
    0x2B, 0x30, 0x48, 0xFF, 0x2B, 0x30, 0x48, 0xFF, 0xAC, 0x84, 0x2A, 0xFF,
    0xD6, 0xA0, 0x20, 0xFF, 0xD6, 0xA0, 0x20, 0xFF, 0xD6, 0xA0, 0x20, 0xFF,
    0xD6, 0xA0, 0x20, 0xFF, 0xD6, 0xA0, 0x20, 0xFF, 0x56, 0x4C, 0x3E, 0xFF,
    0x2B, 0x30, 0x48, 0xFF, 0x2B, 0x30, 0x48, 0xFF, 0x2B, 0x30, 0x48, 0xFF,
    0x2B, 0x30, 0x48, 0xFF, 0x2B, 0x30, 0x48, 0xFF, 0x2B, 0x30, 0x48, 0xFF,
    0x2B, 0x30, 0x48, 0xFF, 0x31, 0x37, 0x4D, 0xFF, 0x26, 0x29, 0x38, 0x62,
    0x00, 0x00, 0x00, 0x18, 0x00, 0x00, 0x00, 0x07, 0x00, 0x00, 0x00, 0x00,
    0x00, 0x00, 0x00, 0x00, 0x00, 0x00, 0x00, 0x07, 0x00, 0x00, 0x00, 0x18,
    0x23, 0x26, 0x35, 0x62, 0x2F, 0x34, 0x4B, 0xFF, 0x2A, 0x30, 0x47, 0xFF,
    0x2A, 0x30, 0x47, 0xFF, 0x2A, 0x30, 0x47, 0xFF, 0x2A, 0x30, 0x47, 0xFF,
    0x2A, 0x30, 0x47, 0xFF, 0x2A, 0x30, 0x47, 0xFF, 0x2A, 0x30, 0x47, 0xFF,
    0x2A, 0x30, 0x47, 0xFF, 0x2C, 0x36, 0x50, 0xFF, 0x33, 0x4A, 0x6F, 0xFF,
    0x33, 0x4A, 0x6F, 0xFF, 0x33, 0x4A, 0x6F, 0xFF, 0x30, 0x43, 0x64, 0xFF,
    0x2A, 0x30, 0x47, 0xFF, 0x2A, 0x30, 0x47, 0xFF, 0x2A, 0x30, 0x47, 0xFF,
    0x43, 0xB0, 0x75, 0xFF, 0x43, 0xB0, 0x75, 0xFF, 0x43, 0xB0, 0x75, 0xFF,
    0x43, 0xB0, 0x75, 0xFF, 0x43, 0xB0, 0x75, 0xFF, 0x43, 0xB0, 0x75, 0xFF,
    0x2A, 0x30, 0x47, 0xFF, 0x2A, 0x30, 0x47, 0xFF, 0xA9, 0x83, 0x2A, 0xFF,
    0xD4, 0x9E, 0x21, 0xFF, 0xD4, 0x9E, 0x21, 0xFF, 0xD4, 0x9E, 0x21, 0xFF,
    0xD4, 0x9E, 0x21, 0xFF, 0xD4, 0x9E, 0x21, 0xFF, 0x55, 0x4B, 0x3D, 0xFF,
    0x2A, 0x30, 0x47, 0xFF, 0x2A, 0x30, 0x47, 0xFF, 0x2A, 0x30, 0x47, 0xFF,
    0x2A, 0x30, 0x47, 0xFF, 0x2A, 0x30, 0x47, 0xFF, 0x2A, 0x30, 0x47, 0xFF,
    0x2A, 0x30, 0x47, 0xFF, 0x2F, 0x34, 0x4B, 0xFF, 0x23, 0x26, 0x35, 0x62,
    0x00, 0x00, 0x00, 0x18, 0x00, 0x00, 0x00, 0x07, 0x00, 0x00, 0x00, 0x00,
    0x00, 0x00, 0x00, 0x00, 0x00, 0x00, 0x00, 0x07, 0x00, 0x00, 0x00, 0x18,
    0x20, 0x23, 0x33, 0x61, 0x2D, 0x32, 0x49, 0xFF, 0x29, 0x2F, 0x46, 0xFF,
    0x29, 0x2F, 0x46, 0xFF, 0x29, 0x2F, 0x46, 0xFF, 0x29, 0x2F, 0x46, 0xFF,
    0x29, 0x2F, 0x46, 0xFF, 0x29, 0x2F, 0x46, 0xFF, 0x29, 0x2F, 0x46, 0xFF,
    0x2B, 0x34, 0x4E, 0xFF, 0x47, 0x8A, 0xD0, 0xFF, 0x4B, 0x97, 0xE2, 0xFF,
    0x4B, 0x97, 0xE2, 0xFF, 0x4B, 0x97, 0xE2, 0xFF, 0x4B, 0x97, 0xE2, 0xFF,
    0x38, 0x5C, 0x8A, 0xFF, 0x29, 0x2F, 0x46, 0xFF, 0x29, 0x2F, 0x46, 0xFF,
    0x42, 0xAE, 0x73, 0xFF, 0x42, 0xAE, 0x73, 0xFF, 0x42, 0xAE, 0x73, 0xFF,
    0x42, 0xAE, 0x73, 0xFF, 0x42, 0xAE, 0x73, 0xFF, 0x42, 0xAE, 0x73, 0xFF,
    0x29, 0x2F, 0x46, 0xFF, 0x29, 0x2F, 0x46, 0xFF, 0xA7, 0x81, 0x2A, 0xFF,
    0xD1, 0x9C, 0x21, 0xFF, 0xD1, 0x9C, 0x21, 0xFF, 0xD1, 0x9C, 0x21, 0xFF,
    0xD1, 0x9C, 0x21, 0xFF, 0xD1, 0x9C, 0x21, 0xFF, 0x53, 0x4A, 0x3D, 0xFF,
    0x29, 0x2F, 0x46, 0xFF, 0x29, 0x2F, 0x46, 0xFF, 0x29, 0x2F, 0x46, 0xFF,
    0x29, 0x2F, 0x46, 0xFF, 0x29, 0x2F, 0x46, 0xFF, 0x29, 0x2F, 0x46, 0xFF,
    0x29, 0x2F, 0x46, 0xFF, 0x2D, 0x32, 0x49, 0xFF, 0x20, 0x23, 0x33, 0x61,
    0x00, 0x00, 0x00, 0x18, 0x00, 0x00, 0x00, 0x07, 0x00, 0x00, 0x00, 0x00,
    0x00, 0x00, 0x00, 0x00, 0x00, 0x00, 0x00, 0x07, 0x00, 0x00, 0x00, 0x18,
    0x1D, 0x21, 0x30, 0x60, 0x2A, 0x2F, 0x46, 0xFF, 0x29, 0x2E, 0x45, 0xFF,
    0x29, 0x2E, 0x45, 0xFF, 0x29, 0x2E, 0x45, 0xFF, 0x29, 0x2E, 0x45, 0xFF,
    0x29, 0x2E, 0x45, 0xFF, 0x29, 0x2E, 0x45, 0xFF, 0x29, 0x2E, 0x45, 0xFF,
    0x31, 0x47, 0x6A, 0xFF, 0x4A, 0x93, 0xDD, 0xFF, 0x4A, 0x93, 0xDD, 0xFF,
    0x4A, 0x93, 0xDD, 0xFF, 0x4A, 0x93, 0xDD, 0xFF, 0x4A, 0x93, 0xDD, 0xFF,
    0x42, 0x79, 0xB6, 0xFF, 0x29, 0x2E, 0x45, 0xFF, 0x29, 0x2E, 0x45, 0xFF,
    0x42, 0xAB, 0x72, 0xFF, 0x42, 0xAB, 0x72, 0xFF, 0x42, 0xAB, 0x72, 0xFF,
    0x42, 0xAB, 0x72, 0xFF, 0x42, 0xAB, 0x72, 0xFF, 0x42, 0xAB, 0x72, 0xFF,
    0x29, 0x2E, 0x45, 0xFF, 0x29, 0x2E, 0x45, 0xFF, 0xA5, 0x7F, 0x2B, 0xFF,
    0xCE, 0x9A, 0x22, 0xFF, 0xCE, 0x9A, 0x22, 0xFF, 0xCE, 0x9A, 0x22, 0xFF,
    0xCE, 0x9A, 0x22, 0xFF, 0xCE, 0x9A, 0x22, 0xFF, 0x52, 0x49, 0x3C, 0xFF,
    0x29, 0x2E, 0x45, 0xFF, 0x29, 0x2E, 0x45, 0xFF, 0x29, 0x2E, 0x45, 0xFF,
    0x29, 0x2E, 0x45, 0xFF, 0x29, 0x2E, 0x45, 0xFF, 0x29, 0x2E, 0x45, 0xFF,
    0x29, 0x2E, 0x45, 0xFF, 0x2A, 0x2F, 0x46, 0xFF, 0x1D, 0x21, 0x30, 0x60,
    0x00, 0x00, 0x00, 0x18, 0x00, 0x00, 0x00, 0x07, 0x00, 0x00, 0x00, 0x00,
    0x00, 0x00, 0x00, 0x00, 0x00, 0x00, 0x00, 0x07, 0x00, 0x00, 0x00, 0x18,
    0x1B, 0x1E, 0x2D, 0x60, 0x28, 0x2D, 0x44, 0xFF, 0x28, 0x2D, 0x44, 0xFF,
    0x28, 0x2D, 0x44, 0xFF, 0x28, 0x2D, 0x44, 0xFF, 0x28, 0x2D, 0x44, 0xFF,
    0x28, 0x2D, 0x44, 0xFF, 0x28, 0x2D, 0x44, 0xFF, 0x28, 0x2D, 0x44, 0xFF,
    0x30, 0x46, 0x69, 0xFF, 0x49, 0x90, 0xD8, 0xFF, 0x49, 0x90, 0xD8, 0xFF,
    0x49, 0x90, 0xD8, 0xFF, 0x49, 0x90, 0xD8, 0xFF, 0x49, 0x90, 0xD8, 0xFF,
    0x41, 0x77, 0xB3, 0xFF, 0x28, 0x2D, 0x44, 0xFF, 0x28, 0x2D, 0x44, 0xFF,
    0x41, 0xA8, 0x71, 0xFF, 0x41, 0xA8, 0x71, 0xFF, 0x41, 0xA8, 0x71, 0xFF,
    0x41, 0xA8, 0x71, 0xFF, 0x41, 0xA8, 0x71, 0xFF, 0x41, 0xA8, 0x71, 0xFF,
    0x28, 0x2D, 0x44, 0xFF, 0x28, 0x2D, 0x44, 0xFF, 0xA2, 0x7E, 0x2B, 0xFF,
    0xCB, 0x98, 0x22, 0xFF, 0xCB, 0x98, 0x22, 0xFF, 0xCB, 0x98, 0x22, 0xFF,
    0xCB, 0x98, 0x22, 0xFF, 0xCB, 0x98, 0x22, 0xFF, 0x51, 0x48, 0x3C, 0xFF,
    0x28, 0x2D, 0x44, 0xFF, 0x28, 0x2D, 0x44, 0xFF, 0x28, 0x2D, 0x44, 0xFF,
    0x28, 0x2D, 0x44, 0xFF, 0x28, 0x2D, 0x44, 0xFF, 0x28, 0x2D, 0x44, 0xFF,
    0x28, 0x2D, 0x44, 0xFF, 0x28, 0x2D, 0x44, 0xFF, 0x1B, 0x1E, 0x2D, 0x60,
    0x00, 0x00, 0x00, 0x18, 0x00, 0x00, 0x00, 0x07, 0x00, 0x00, 0x00, 0x00,
    0x00, 0x00, 0x00, 0x00, 0x00, 0x00, 0x00, 0x07, 0x00, 0x00, 0x00, 0x18,
    0x1A, 0x1E, 0x2D, 0x60, 0x27, 0x2C, 0x43, 0xFF, 0x27, 0x2C, 0x43, 0xFF,
    0x27, 0x2C, 0x43, 0xFF, 0x27, 0x2C, 0x43, 0xFF, 0x27, 0x2C, 0x43, 0xFF,
    0x27, 0x2C, 0x43, 0xFF, 0x27, 0x2C, 0x43, 0xFF, 0x27, 0x2C, 0x43, 0xFF,
    0x2F, 0x44, 0x67, 0xFF, 0x48, 0x8C, 0xD3, 0xFF, 0x48, 0x8C, 0xD3, 0xFF,
    0x48, 0x8C, 0xD3, 0xFF, 0x48, 0x8C, 0xD3, 0xFF, 0x48, 0x8C, 0xD3, 0xFF,
    0x40, 0x74, 0xAF, 0xFF, 0x27, 0x2C, 0x43, 0xFF, 0x27, 0x2C, 0x43, 0xFF,
    0x40, 0xA5, 0x70, 0xFF, 0x40, 0xA5, 0x70, 0xFF, 0x40, 0xA5, 0x70, 0xFF,
    0x40, 0xA5, 0x70, 0xFF, 0x40, 0xA5, 0x70, 0xFF, 0x40, 0xA5, 0x70, 0xFF,
    0x27, 0x2C, 0x43, 0xFF, 0x27, 0x2C, 0x43, 0xFF, 0xA0, 0x7C, 0x2B, 0xFF,
    0xC8, 0x96, 0x23, 0xFF, 0xC8, 0x96, 0x23, 0xFF, 0xC8, 0x96, 0x23, 0xFF,
    0xC8, 0x96, 0x23, 0xFF, 0xC8, 0x96, 0x23, 0xFF, 0x50, 0x47, 0x3B, 0xFF,
    0x27, 0x2C, 0x43, 0xFF, 0x27, 0x2C, 0x43, 0xFF, 0x27, 0x2C, 0x43, 0xFF,
    0x27, 0x2C, 0x43, 0xFF, 0x27, 0x2C, 0x43, 0xFF, 0x27, 0x2C, 0x43, 0xFF,
    0x27, 0x2C, 0x43, 0xFF, 0x27, 0x2C, 0x43, 0xFF, 0x1A, 0x1E, 0x2D, 0x60,
    0x00, 0x00, 0x00, 0x18, 0x00, 0x00, 0x00, 0x07, 0x00, 0x00, 0x00, 0x00,
    0x00, 0x00, 0x00, 0x00, 0x00, 0x00, 0x00, 0x07, 0x00, 0x00, 0x00, 0x18,
    0x1A, 0x1D, 0x2C, 0x60, 0x27, 0x2C, 0x42, 0xFF, 0x27, 0x2C, 0x42, 0xFF,
    0x27, 0x2C, 0x42, 0xFF, 0x27, 0x2C, 0x42, 0xFF, 0x27, 0x2C, 0x42, 0xFF,
    0x27, 0x2C, 0x42, 0xFF, 0x27, 0x2C, 0x42, 0xFF, 0x27, 0x2C, 0x42, 0xFF,
    0x2F, 0x43, 0x65, 0xFF, 0x46, 0x89, 0xCE, 0xFF, 0x46, 0x89, 0xCE, 0xFF,
    0x46, 0x89, 0xCE, 0xFF, 0x46, 0x89, 0xCE, 0xFF, 0x46, 0x89, 0xCE, 0xFF,
    0x3F, 0x72, 0xAB, 0xFF, 0x27, 0x2C, 0x42, 0xFF, 0x27, 0x2C, 0x42, 0xFF,
    0x40, 0xA2, 0x6F, 0xFF, 0x40, 0xA2, 0x6F, 0xFF, 0x40, 0xA2, 0x6F, 0xFF,
    0x40, 0xA2, 0x6F, 0xFF, 0x40, 0xA2, 0x6F, 0xFF, 0x40, 0xA2, 0x6F, 0xFF,
    0x27, 0x2C, 0x42, 0xFF, 0x27, 0x2C, 0x42, 0xFF, 0x9D, 0x7A, 0x2B, 0xFF,
    0xC5, 0x94, 0x23, 0xFF, 0xC5, 0x94, 0x23, 0xFF, 0xC5, 0x94, 0x23, 0xFF,
    0xC5, 0x94, 0x23, 0xFF, 0xC5, 0x94, 0x23, 0xFF, 0x4E, 0x46, 0x3A, 0xFF,
    0x27, 0x2C, 0x42, 0xFF, 0x27, 0x2C, 0x42, 0xFF, 0x27, 0x2C, 0x42, 0xFF,
    0x27, 0x2C, 0x42, 0xFF, 0x27, 0x2C, 0x42, 0xFF, 0x27, 0x2C, 0x42, 0xFF,
    0x27, 0x2C, 0x42, 0xFF, 0x27, 0x2C, 0x42, 0xFF, 0x1A, 0x1D, 0x2C, 0x60,
    0x00, 0x00, 0x00, 0x18, 0x00, 0x00, 0x00, 0x07, 0x00, 0x00, 0x00, 0x00,
    0x00, 0x00, 0x00, 0x00, 0x00, 0x00, 0x00, 0x07, 0x00, 0x00, 0x00, 0x18,
    0x19, 0x1D, 0x2B, 0x60, 0x26, 0x2B, 0x41, 0xFF, 0x26, 0x2B, 0x41, 0xFF,
    0x26, 0x2B, 0x41, 0xFF, 0x26, 0x2B, 0x41, 0xFF, 0x26, 0x2B, 0x41, 0xFF,
    0x26, 0x2B, 0x41, 0xFF, 0x26, 0x2B, 0x41, 0xFF, 0x26, 0x2B, 0x41, 0xFF,
    0x2E, 0x42, 0x63, 0xFF, 0x45, 0x85, 0xC9, 0xFF, 0x45, 0x85, 0xC9, 0xFF,
    0x45, 0x85, 0xC9, 0xFF, 0x45, 0x85, 0xC9, 0xFF, 0x45, 0x85, 0xC9, 0xFF,
    0x3D, 0x6F, 0xA7, 0xFF, 0x26, 0x2B, 0x41, 0xFF, 0x26, 0x2B, 0x41, 0xFF,
    0x3F, 0x9F, 0x6E, 0xFF, 0x3F, 0x9F, 0x6E, 0xFF, 0x3F, 0x9F, 0x6E, 0xFF,
    0x3F, 0x9F, 0x6E, 0xFF, 0x3F, 0x9F, 0x6E, 0xFF, 0x3F, 0x9F, 0x6E, 0xFF,
    0x26, 0x2B, 0x41, 0xFF, 0x26, 0x2B, 0x41, 0xFF, 0x9B, 0x78, 0x2B, 0xFF,
    0xC2, 0x92, 0x23, 0xFF, 0xC2, 0x92, 0x23, 0xFF, 0xC2, 0x92, 0x23, 0xFF,
    0xC2, 0x92, 0x23, 0xFF, 0xC2, 0x92, 0x23, 0xFF, 0x4D, 0x45, 0x3A, 0xFF,
    0x26, 0x2B, 0x41, 0xFF, 0x26, 0x2B, 0x41, 0xFF, 0x26, 0x2B, 0x41, 0xFF,
    0x26, 0x2B, 0x41, 0xFF, 0x26, 0x2B, 0x41, 0xFF, 0x26, 0x2B, 0x41, 0xFF,
    0x26, 0x2B, 0x41, 0xFF, 0x26, 0x2B, 0x41, 0xFF, 0x19, 0x1D, 0x2B, 0x60,
    0x00, 0x00, 0x00, 0x18, 0x00, 0x00, 0x00, 0x07, 0x00, 0x00, 0x00, 0x00,
    0x00, 0x00, 0x00, 0x00, 0x00, 0x00, 0x00, 0x07, 0x00, 0x00, 0x00, 0x18,
    0x19, 0x1C, 0x2B, 0x60, 0x25, 0x2A, 0x40, 0xFF, 0x25, 0x2A, 0x40, 0xFF,
    0x25, 0x2A, 0x40, 0xFF, 0x25, 0x2A, 0x40, 0xFF, 0x25, 0x2A, 0x40, 0xFF,
    0x25, 0x2A, 0x40, 0xFF, 0x25, 0x2A, 0x40, 0xFF, 0x25, 0x2A, 0x40, 0xFF,
    0x2D, 0x40, 0x61, 0xFF, 0x44, 0x82, 0xC3, 0xFF, 0x44, 0x82, 0xC3, 0xFF,
    0x44, 0x82, 0xC3, 0xFF, 0x44, 0x82, 0xC3, 0xFF, 0x44, 0x82, 0xC3, 0xFF,
    0x3C, 0x6C, 0xA2, 0xFF, 0x25, 0x2A, 0x40, 0xFF, 0x25, 0x2A, 0x40, 0xFF,
    0x3E, 0x9C, 0x6C, 0xFF, 0x3E, 0x9C, 0x6C, 0xFF, 0x3E, 0x9C, 0x6C, 0xFF,
    0x3E, 0x9C, 0x6C, 0xFF, 0x3E, 0x9C, 0x6C, 0xFF, 0x3E, 0x9C, 0x6C, 0xFF,
    0x25, 0x2A, 0x40, 0xFF, 0x25, 0x2A, 0x40, 0xFF, 0x99, 0x77, 0x2B, 0xFF,
    0xBF, 0x90, 0x24, 0xFF, 0xBF, 0x90, 0x24, 0xFF, 0xBF, 0x90, 0x24, 0xFF,
    0xBF, 0x90, 0x24, 0xFF, 0xBF, 0x90, 0x24, 0xFF, 0x4C, 0x44, 0x39, 0xFF,
    0x25, 0x2A, 0x40, 0xFF, 0x25, 0x2A, 0x40, 0xFF, 0x25, 0x2A, 0x40, 0xFF,
    0x25, 0x2A, 0x40, 0xFF, 0x25, 0x2A, 0x40, 0xFF, 0x25, 0x2A, 0x40, 0xFF,
    0x25, 0x2A, 0x40, 0xFF, 0x25, 0x2A, 0x40, 0xFF, 0x19, 0x1C, 0x2B, 0x60,
    0x00, 0x00, 0x00, 0x18, 0x00, 0x00, 0x00, 0x07, 0x00, 0x00, 0x00, 0x00,
    0x00, 0x00, 0x00, 0x00, 0x00, 0x00, 0x00, 0x07, 0x00, 0x00, 0x00, 0x18,
    0x18, 0x1C, 0x2A, 0x60, 0x25, 0x29, 0x3F, 0xFF, 0x25, 0x29, 0x3F, 0xFF,
    0x25, 0x29, 0x3F, 0xFF, 0x25, 0x29, 0x3F, 0xFF, 0x25, 0x29, 0x3F, 0xFF,
    0x25, 0x29, 0x3F, 0xFF, 0x25, 0x29, 0x3F, 0xFF, 0x25, 0x29, 0x3F, 0xFF,
    0x2A, 0x38, 0x55, 0xFF, 0x43, 0x7E, 0xBE, 0xFF, 0x43, 0x7E, 0xBE, 0xFF,
    0x43, 0x7E, 0xBE, 0xFF, 0x43, 0x7E, 0xBE, 0xFF, 0x43, 0x7E, 0xBE, 0xFF,
    0x39, 0x62, 0x94, 0xFF, 0x25, 0x29, 0x3F, 0xFF, 0x25, 0x29, 0x3F, 0xFF,
    0x3B, 0x91, 0x68, 0xFF, 0x3D, 0x99, 0x6B, 0xFF, 0x3D, 0x99, 0x6B, 0xFF,
    0x3D, 0x99, 0x6B, 0xFF, 0x3D, 0x99, 0x6B, 0xFF, 0x3B, 0x91, 0x68, 0xFF,
    0x25, 0x29, 0x3F, 0xFF, 0x25, 0x29, 0x3F, 0xFF, 0x8A, 0x6D, 0x2D, 0xFF,
    0xBC, 0x8E, 0x24, 0xFF, 0xBC, 0x8E, 0x24, 0xFF, 0xBC, 0x8E, 0x24, 0xFF,
    0xBC, 0x8E, 0x24, 0xFF, 0xBC, 0x8E, 0x24, 0xFF, 0x3F, 0x3B, 0x3B, 0xFF,
    0x25, 0x29, 0x3F, 0xFF, 0x25, 0x29, 0x3F, 0xFF, 0x25, 0x29, 0x3F, 0xFF,
    0x25, 0x29, 0x3F, 0xFF, 0x25, 0x29, 0x3F, 0xFF, 0x25, 0x29, 0x3F, 0xFF,
    0x25, 0x29, 0x3F, 0xFF, 0x25, 0x29, 0x3F, 0xFF, 0x18, 0x1C, 0x2A, 0x60,
    0x00, 0x00, 0x00, 0x18, 0x00, 0x00, 0x00, 0x07, 0x00, 0x00, 0x00, 0x00,
    0x00, 0x00, 0x00, 0x00, 0x00, 0x00, 0x00, 0x07, 0x00, 0x00, 0x00, 0x18,
    0x18, 0x1B, 0x2A, 0x60, 0x24, 0x29, 0x3E, 0xFF, 0x24, 0x29, 0x3E, 0xFF,
    0x24, 0x29, 0x3E, 0xFF, 0x24, 0x29, 0x3E, 0xFF, 0x24, 0x29, 0x3E, 0xFF,
    0x24, 0x29, 0x3E, 0xFF, 0x24, 0x29, 0x3E, 0xFF, 0x24, 0x29, 0x3E, 0xFF,
    0x24, 0x29, 0x3E, 0xFF, 0x31, 0x4D, 0x74, 0xFF, 0x3A, 0x66, 0x9A, 0xFF,
    0x3A, 0x66, 0x9A, 0xFF, 0x3A, 0x66, 0x9A, 0xFF, 0x38, 0x60, 0x92, 0xFF,
    0x28, 0x34, 0x4F, 0xFF, 0x24, 0x29, 0x3E, 0xFF, 0x24, 0x29, 0x3E, 0xFF,
    0x2A, 0x45, 0x4A, 0xFF, 0x36, 0x7A, 0x5F, 0xFF, 0x36, 0x7B, 0x5F, 0xFF,
    0x36, 0x7B, 0x5F, 0xFF, 0x36, 0x7A, 0x5F, 0xFF, 0x2A, 0x45, 0x4A, 0xFF,
    0x24, 0x29, 0x3E, 0xFF, 0x24, 0x29, 0x3E, 0xFF, 0x38, 0x36, 0x3B, 0xFF,
    0x8A, 0x6C, 0x2C, 0xFF, 0x94, 0x73, 0x2B, 0xFF, 0x94, 0x73, 0x2B, 0xFF,
    0x94, 0x73, 0x2B, 0xFF, 0x66, 0x54, 0x33, 0xFF, 0x24, 0x29, 0x3E, 0xFF,
    0x24, 0x29, 0x3E, 0xFF, 0x24, 0x29, 0x3E, 0xFF, 0x24, 0x29, 0x3E, 0xFF,
    0x24, 0x29, 0x3E, 0xFF, 0x24, 0x29, 0x3E, 0xFF, 0x24, 0x29, 0x3E, 0xFF,
    0x24, 0x29, 0x3E, 0xFF, 0x24, 0x29, 0x3E, 0xFF, 0x18, 0x1B, 0x2A, 0x60,
    0x00, 0x00, 0x00, 0x18, 0x00, 0x00, 0x00, 0x07, 0x00, 0x00, 0x00, 0x00,
    0x00, 0x00, 0x00, 0x00, 0x00, 0x00, 0x00, 0x07, 0x00, 0x00, 0x00, 0x18,
    0x16, 0x19, 0x27, 0x5B, 0x23, 0x28, 0x3D, 0xFF, 0x23, 0x28, 0x3D, 0xFF,
    0x23, 0x28, 0x3D, 0xFF, 0x23, 0x28, 0x3D, 0xFF, 0x23, 0x28, 0x3D, 0xFF,
    0x23, 0x28, 0x3D, 0xFF, 0x23, 0x28, 0x3D, 0xFF, 0x23, 0x28, 0x3D, 0xFF,
    0x35, 0x3B, 0x51, 0xFF, 0x36, 0x3C, 0x52, 0xFF, 0x36, 0x3C, 0x52, 0xFF,
    0x36, 0x3C, 0x52, 0xFF, 0x36, 0x3C, 0x52, 0xFF, 0x36, 0x3C, 0x52, 0xFF,
    0x36, 0x3C, 0x52, 0xFF, 0x36, 0x3C, 0x52, 0xFF, 0x36, 0x3C, 0x52, 0xFF,
    0x36, 0x3C, 0x52, 0xFF, 0x36, 0x3C, 0x52, 0xFF, 0x36, 0x3C, 0x52, 0xFF,
    0x36, 0x3C, 0x52, 0xFF, 0x36, 0x3C, 0x52, 0xFF, 0x36, 0x3C, 0x52, 0xFF,
    0x36, 0x3C, 0x52, 0xFF, 0x36, 0x3C, 0x52, 0xFF, 0x36, 0x3C, 0x52, 0xFF,
    0x36, 0x3C, 0x52, 0xFF, 0x36, 0x3C, 0x52, 0xFF, 0x36, 0x3C, 0x52, 0xFF,
    0x36, 0x3C, 0x52, 0xFF, 0x36, 0x3C, 0x52, 0xFF, 0x35, 0x3B, 0x51, 0xFF,
    0x23, 0x28, 0x3D, 0xFF, 0x23, 0x28, 0x3D, 0xFF, 0x23, 0x28, 0x3D, 0xFF,
    0x23, 0x28, 0x3D, 0xFF, 0x23, 0x28, 0x3D, 0xFF, 0x23, 0x28, 0x3D, 0xFF,
    0x23, 0x28, 0x3D, 0xFF, 0x23, 0x28, 0x3D, 0xFF, 0x16, 0x19, 0x27, 0x5B,
    0x00, 0x00, 0x00, 0x18, 0x00, 0x00, 0x00, 0x07, 0x00, 0x00, 0x00, 0x00,
    0x00, 0x00, 0x00, 0x00, 0x00, 0x00, 0x00, 0x07, 0x00, 0x00, 0x00, 0x18,
    0x10, 0x13, 0x1D, 0x47, 0x23, 0x27, 0x3D, 0xFF, 0x23, 0x27, 0x3D, 0xFF,
    0x23, 0x27, 0x3D, 0xFF, 0x23, 0x27, 0x3D, 0xFF, 0x23, 0x27, 0x3D, 0xFF,
    0x23, 0x27, 0x3D, 0xFF, 0x23, 0x27, 0x3D, 0xFF, 0x55, 0x5F, 0x74, 0xFF,
    0x6E, 0x7A, 0x90, 0xFF, 0x6E, 0x7A, 0x90, 0xFF, 0x6E, 0x7A, 0x90, 0xFF,
    0x6E, 0x7A, 0x90, 0xFF, 0x6E, 0x7A, 0x90, 0xFF, 0x6E, 0x7A, 0x90, 0xFF,
    0x6E, 0x7A, 0x90, 0xFF, 0x6E, 0x7A, 0x90, 0xFF, 0x6E, 0x7A, 0x90, 0xFF,
    0x6E, 0x7A, 0x90, 0xFF, 0x6E, 0x7A, 0x90, 0xFF, 0x6E, 0x7A, 0x90, 0xFF,
    0x6E, 0x7A, 0x90, 0xFF, 0x6E, 0x7A, 0x90, 0xFF, 0x6E, 0x7A, 0x90, 0xFF,
    0x6E, 0x7A, 0x90, 0xFF, 0x6E, 0x7A, 0x90, 0xFF, 0x6E, 0x7A, 0x90, 0xFF,
    0x6E, 0x7A, 0x90, 0xFF, 0x6E, 0x7A, 0x90, 0xFF, 0x6E, 0x7A, 0x90, 0xFF,
    0x6E, 0x7A, 0x90, 0xFF, 0x6E, 0x7A, 0x90, 0xFF, 0x6E, 0x7A, 0x90, 0xFF,
    0x55, 0x5F, 0x74, 0xFF, 0x23, 0x27, 0x3D, 0xFF, 0x23, 0x27, 0x3D, 0xFF,
    0x23, 0x27, 0x3D, 0xFF, 0x23, 0x27, 0x3D, 0xFF, 0x23, 0x27, 0x3D, 0xFF,
    0x23, 0x27, 0x3D, 0xFF, 0x23, 0x27, 0x3D, 0xFF, 0x10, 0x13, 0x1D, 0x47,
    0x00, 0x00, 0x00, 0x18, 0x00, 0x00, 0x00, 0x07, 0x00, 0x00, 0x00, 0x00,
    0x00, 0x00, 0x00, 0x00, 0x00, 0x00, 0x00, 0x07, 0x00, 0x00, 0x00, 0x18,
    0x01, 0x01, 0x01, 0x2B, 0x21, 0x26, 0x3B, 0xEF, 0x22, 0x26, 0x3C, 0xFF,
    0x22, 0x26, 0x3C, 0xFF, 0x22, 0x26, 0x3C, 0xFF, 0x22, 0x26, 0x3C, 0xFF,
    0x22, 0x26, 0x3C, 0xFF, 0x22, 0x26, 0x3C, 0xFF, 0x35, 0x3C, 0x51, 0xFF,
    0x48, 0x50, 0x66, 0xFF, 0x48, 0x50, 0x66, 0xFF, 0x48, 0x50, 0x66, 0xFF,
    0x48, 0x50, 0x66, 0xFF, 0x48, 0x50, 0x66, 0xFF, 0x48, 0x50, 0x66, 0xFF,
    0x48, 0x50, 0x66, 0xFF, 0x48, 0x50, 0x66, 0xFF, 0x48, 0x50, 0x66, 0xFF,
    0x48, 0x50, 0x66, 0xFF, 0x48, 0x50, 0x66, 0xFF, 0x48, 0x50, 0x66, 0xFF,
    0x48, 0x50, 0x66, 0xFF, 0x48, 0x50, 0x66, 0xFF, 0x48, 0x50, 0x66, 0xFF,
    0x48, 0x50, 0x66, 0xFF, 0x48, 0x50, 0x66, 0xFF, 0x48, 0x50, 0x66, 0xFF,
    0x48, 0x50, 0x66, 0xFF, 0x48, 0x50, 0x66, 0xFF, 0x48, 0x50, 0x66, 0xFF,
    0x48, 0x50, 0x66, 0xFF, 0x48, 0x50, 0x66, 0xFF, 0x48, 0x50, 0x66, 0xFF,
    0x35, 0x3C, 0x51, 0xFF, 0x22, 0x26, 0x3C, 0xFF, 0x22, 0x26, 0x3C, 0xFF,
    0x22, 0x26, 0x3C, 0xFF, 0x22, 0x26, 0x3C, 0xFF, 0x22, 0x26, 0x3C, 0xFF,
    0x22, 0x26, 0x3C, 0xFF, 0x21, 0x26, 0x3B, 0xEF, 0x01, 0x01, 0x01, 0x2B,
    0x00, 0x00, 0x00, 0x18, 0x00, 0x00, 0x00, 0x07, 0x00, 0x00, 0x00, 0x00,
    0x00, 0x00, 0x00, 0x00, 0x00, 0x00, 0x00, 0x07, 0x00, 0x00, 0x00, 0x17,
    0x00, 0x00, 0x00, 0x27, 0x1D, 0x21, 0x34, 0xAE, 0x21, 0x26, 0x3B, 0xFF,
    0x21, 0x26, 0x3B, 0xFF, 0x21, 0x26, 0x3B, 0xFF, 0x21, 0x26, 0x3B, 0xFF,
    0x21, 0x26, 0x3B, 0xFF, 0x21, 0x26, 0x3B, 0xFF, 0x21, 0x26, 0x3B, 0xFF,
    0x21, 0x26, 0x3B, 0xFF, 0x21, 0x26, 0x3B, 0xFF, 0x21, 0x26, 0x3B, 0xFF,
    0x21, 0x26, 0x3B, 0xFF, 0x21, 0x26, 0x3B, 0xFF, 0x21, 0x26, 0x3B, 0xFF,
    0x21, 0x26, 0x3B, 0xFF, 0x21, 0x26, 0x3B, 0xFF, 0x21, 0x26, 0x3B, 0xFF,
    0x21, 0x26, 0x3B, 0xFF, 0x21, 0x26, 0x3B, 0xFF, 0x21, 0x26, 0x3B, 0xFF,
    0x21, 0x26, 0x3B, 0xFF, 0x21, 0x26, 0x3B, 0xFF, 0x21, 0x26, 0x3B, 0xFF,
    0x21, 0x26, 0x3B, 0xFF, 0x21, 0x26, 0x3B, 0xFF, 0x21, 0x26, 0x3B, 0xFF,
    0x21, 0x26, 0x3B, 0xFF, 0x21, 0x26, 0x3B, 0xFF, 0x21, 0x26, 0x3B, 0xFF,
    0x21, 0x26, 0x3B, 0xFF, 0x21, 0x26, 0x3B, 0xFF, 0x21, 0x26, 0x3B, 0xFF,
    0x21, 0x26, 0x3B, 0xFF, 0x21, 0x26, 0x3B, 0xFF, 0x21, 0x26, 0x3B, 0xFF,
    0x21, 0x26, 0x3B, 0xFF, 0x21, 0x26, 0x3B, 0xFF, 0x21, 0x26, 0x3B, 0xFF,
    0x21, 0x26, 0x3B, 0xFF, 0x1D, 0x21, 0x34, 0xAE, 0x00, 0x00, 0x00, 0x27,
    0x00, 0x00, 0x00, 0x17, 0x00, 0x00, 0x00, 0x07, 0x00, 0x00, 0x00, 0x00,
    0x00, 0x00, 0x00, 0x00, 0x00, 0x00, 0x00, 0x06, 0x00, 0x00, 0x00, 0x16,
    0x00, 0x00, 0x00, 0x24, 0x10, 0x12, 0x1C, 0x51, 0x20, 0x25, 0x3A, 0xFD,
    0x20, 0x25, 0x3A, 0xFF, 0x20, 0x25, 0x3A, 0xFF, 0x20, 0x25, 0x3A, 0xFF,
    0x20, 0x25, 0x3A, 0xFF, 0x20, 0x25, 0x3A, 0xFF, 0x20, 0x25, 0x3A, 0xFF,
    0x20, 0x25, 0x3A, 0xFF, 0x20, 0x25, 0x3A, 0xFF, 0x20, 0x25, 0x3A, 0xFF,
    0x20, 0x25, 0x3A, 0xFF, 0x20, 0x25, 0x3A, 0xFF, 0x20, 0x25, 0x3A, 0xFF,
    0x20, 0x25, 0x3A, 0xFF, 0x20, 0x25, 0x3A, 0xFF, 0x20, 0x25, 0x3A, 0xFF,
    0x20, 0x25, 0x3A, 0xFF, 0x20, 0x25, 0x3A, 0xFF, 0x20, 0x25, 0x3A, 0xFF,
    0x20, 0x25, 0x3A, 0xFF, 0x20, 0x25, 0x3A, 0xFF, 0x20, 0x25, 0x3A, 0xFF,
    0x20, 0x25, 0x3A, 0xFF, 0x20, 0x25, 0x3A, 0xFF, 0x20, 0x25, 0x3A, 0xFF,
    0x20, 0x25, 0x3A, 0xFF, 0x20, 0x25, 0x3A, 0xFF, 0x20, 0x25, 0x3A, 0xFF,
    0x20, 0x25, 0x3A, 0xFF, 0x20, 0x25, 0x3A, 0xFF, 0x20, 0x25, 0x3A, 0xFF,
    0x20, 0x25, 0x3A, 0xFF, 0x20, 0x25, 0x3A, 0xFF, 0x20, 0x25, 0x3A, 0xFF,
    0x20, 0x25, 0x3A, 0xFF, 0x20, 0x25, 0x3A, 0xFF, 0x20, 0x25, 0x3A, 0xFF,
    0x20, 0x25, 0x3A, 0xFD, 0x10, 0x12, 0x1C, 0x51, 0x00, 0x00, 0x00, 0x24,
    0x00, 0x00, 0x00, 0x16, 0x00, 0x00, 0x00, 0x06, 0x00, 0x00, 0x00, 0x00,
    0x00, 0x00, 0x00, 0x00, 0x00, 0x00, 0x00, 0x04, 0x00, 0x00, 0x00, 0x13,
    0x00, 0x00, 0x00, 0x21, 0x00, 0x00, 0x00, 0x2C, 0x1B, 0x1F, 0x30, 0xA0,
    0x20, 0x24, 0x39, 0xFF, 0x20, 0x24, 0x39, 0xFF, 0x20, 0x24, 0x39, 0xFF,
    0x20, 0x24, 0x39, 0xFF, 0x20, 0x24, 0x39, 0xFF, 0x20, 0x24, 0x39, 0xFF,
    0x20, 0x24, 0x39, 0xFF, 0x20, 0x24, 0x39, 0xFF, 0x20, 0x24, 0x39, 0xFF,
    0x20, 0x24, 0x39, 0xFF, 0x20, 0x24, 0x39, 0xFF, 0x20, 0x24, 0x39, 0xFF,
    0x20, 0x24, 0x39, 0xFF, 0x20, 0x24, 0x39, 0xFF, 0x20, 0x24, 0x39, 0xFF,
    0x20, 0x24, 0x39, 0xFF, 0x20, 0x24, 0x39, 0xFF, 0x20, 0x24, 0x39, 0xFF,
    0x20, 0x24, 0x39, 0xFF, 0x20, 0x24, 0x39, 0xFF, 0x20, 0x24, 0x39, 0xFF,
    0x20, 0x24, 0x39, 0xFF, 0x20, 0x24, 0x39, 0xFF, 0x20, 0x24, 0x39, 0xFF,
    0x20, 0x24, 0x39, 0xFF, 0x20, 0x24, 0x39, 0xFF, 0x20, 0x24, 0x39, 0xFF,
    0x20, 0x24, 0x39, 0xFF, 0x20, 0x24, 0x39, 0xFF, 0x20, 0x24, 0x39, 0xFF,
    0x20, 0x24, 0x39, 0xFF, 0x20, 0x24, 0x39, 0xFF, 0x20, 0x24, 0x39, 0xFF,
    0x20, 0x24, 0x39, 0xFF, 0x20, 0x24, 0x39, 0xFF, 0x20, 0x24, 0x39, 0xFF,
    0x1B, 0x1F, 0x30, 0xA0, 0x00, 0x00, 0x00, 0x2C, 0x00, 0x00, 0x00, 0x21,
    0x00, 0x00, 0x00, 0x13, 0x00, 0x00, 0x00, 0x04, 0x00, 0x00, 0x00, 0x00,
    0x00, 0x00, 0x00, 0x00, 0x00, 0x00, 0x00, 0x01, 0x00, 0x00, 0x00, 0x0F,
    0x00, 0x00, 0x00, 0x1C, 0x00, 0x00, 0x00, 0x27, 0x02, 0x02, 0x04, 0x35,
    0x1D, 0x21, 0x33, 0xC3, 0x1F, 0x23, 0x38, 0xFF, 0x1F, 0x23, 0x38, 0xFF,
    0x1F, 0x23, 0x38, 0xFF, 0x1F, 0x23, 0x38, 0xFF, 0x1F, 0x23, 0x38, 0xFF,
    0x1F, 0x23, 0x38, 0xFF, 0x1F, 0x23, 0x38, 0xFF, 0x1F, 0x23, 0x38, 0xFF,
    0x1F, 0x23, 0x38, 0xFF, 0x1F, 0x23, 0x38, 0xFF, 0x1F, 0x23, 0x38, 0xFF,
    0x1F, 0x23, 0x38, 0xFF, 0x1F, 0x23, 0x38, 0xFF, 0x1F, 0x23, 0x38, 0xFF,
    0x1F, 0x23, 0x38, 0xFF, 0x1F, 0x23, 0x38, 0xFF, 0x1F, 0x23, 0x38, 0xFF,
    0x1F, 0x23, 0x38, 0xFF, 0x1F, 0x23, 0x38, 0xFF, 0x1F, 0x23, 0x38, 0xFF,
    0x1F, 0x23, 0x38, 0xFF, 0x1F, 0x23, 0x38, 0xFF, 0x1F, 0x23, 0x38, 0xFF,
    0x1F, 0x23, 0x38, 0xFF, 0x1F, 0x23, 0x38, 0xFF, 0x1F, 0x23, 0x38, 0xFF,
    0x1F, 0x23, 0x38, 0xFF, 0x1F, 0x23, 0x38, 0xFF, 0x1F, 0x23, 0x38, 0xFF,
    0x1F, 0x23, 0x38, 0xFF, 0x1F, 0x23, 0x38, 0xFF, 0x1F, 0x23, 0x38, 0xFF,
    0x1F, 0x23, 0x38, 0xFF, 0x1F, 0x23, 0x38, 0xFF, 0x1D, 0x21, 0x33, 0xC3,
    0x02, 0x02, 0x04, 0x35, 0x00, 0x00, 0x00, 0x27, 0x00, 0x00, 0x00, 0x1C,
    0x00, 0x00, 0x00, 0x0F, 0x00, 0x00, 0x00, 0x01, 0x00, 0x00, 0x00, 0x00,
    0x00, 0x00, 0x00, 0x00, 0x00, 0x00, 0x00, 0x00, 0x00, 0x00, 0x00, 0x0A,
    0x00, 0x00, 0x00, 0x16, 0x00, 0x00, 0x00, 0x21, 0x00, 0x00, 0x00, 0x2A,
    0x03, 0x03, 0x05, 0x37, 0x1B, 0x1E, 0x30, 0xAE, 0x1E, 0x23, 0x37, 0xFF,
    0x1E, 0x23, 0x37, 0xFF, 0x1E, 0x23, 0x37, 0xFF, 0x1E, 0x23, 0x37, 0xFF,
    0x1E, 0x23, 0x37, 0xFF, 0x1E, 0x23, 0x37, 0xFF, 0x1E, 0x23, 0x37, 0xFF,
    0x1E, 0x23, 0x37, 0xFF, 0x1E, 0x23, 0x37, 0xFF, 0x1E, 0x23, 0x37, 0xFF,
    0x1E, 0x23, 0x37, 0xFF, 0x1E, 0x23, 0x37, 0xFF, 0x1E, 0x23, 0x37, 0xFF,
    0x1E, 0x23, 0x37, 0xFF, 0x1E, 0x23, 0x37, 0xFF, 0x1E, 0x23, 0x37, 0xFF,
    0x1E, 0x23, 0x37, 0xFF, 0x1E, 0x23, 0x37, 0xFF, 0x1E, 0x23, 0x37, 0xFF,
    0x1E, 0x23, 0x37, 0xFF, 0x1E, 0x23, 0x37, 0xFF, 0x1E, 0x23, 0x37, 0xFF,
    0x1E, 0x23, 0x37, 0xFF, 0x1E, 0x23, 0x37, 0xFF, 0x1E, 0x23, 0x37, 0xFF,
    0x1E, 0x23, 0x37, 0xFF, 0x1E, 0x23, 0x37, 0xFF, 0x1E, 0x23, 0x37, 0xFF,
    0x1E, 0x23, 0x37, 0xFF, 0x1E, 0x23, 0x37, 0xFF, 0x1E, 0x23, 0x37, 0xFF,
    0x1E, 0x23, 0x37, 0xFF, 0x1B, 0x1E, 0x30, 0xAE, 0x03, 0x03, 0x05, 0x37,
    0x00, 0x00, 0x00, 0x2A, 0x00, 0x00, 0x00, 0x21, 0x00, 0x00, 0x00, 0x16,
    0x00, 0x00, 0x00, 0x0A, 0x00, 0x00, 0x00, 0x00, 0x00, 0x00, 0x00, 0x00,
    0x00, 0x00, 0x00, 0x00, 0x00, 0x00, 0x00, 0x00, 0x00, 0x00, 0x00, 0x04,
    0x00, 0x00, 0x00, 0x10, 0x00, 0x00, 0x00, 0x1B, 0x00, 0x00, 0x00, 0x25,
    0x00, 0x00, 0x00, 0x2B, 0x00, 0x00, 0x00, 0x33, 0x13, 0x15, 0x22, 0x68,
    0x1C, 0x20, 0x32, 0xCC, 0x1E, 0x22, 0x36, 0xFF, 0x1E, 0x22, 0x36, 0xFF,
    0x1E, 0x22, 0x36, 0xFF, 0x1E, 0x22, 0x36, 0xFF, 0x1E, 0x22, 0x36, 0xFF,
    0x1E, 0x22, 0x36, 0xFF, 0x1E, 0x22, 0x36, 0xFF, 0x1E, 0x22, 0x36, 0xFF,
    0x1E, 0x22, 0x36, 0xFF, 0x1E, 0x22, 0x36, 0xFF, 0x1E, 0x22, 0x36, 0xFF,
    0x1E, 0x22, 0x36, 0xFF, 0x1E, 0x22, 0x36, 0xFF, 0x1E, 0x22, 0x36, 0xFF,
    0x1E, 0x22, 0x36, 0xFF, 0x1E, 0x22, 0x36, 0xFF, 0x1E, 0x22, 0x36, 0xFF,
    0x1E, 0x22, 0x36, 0xFF, 0x1E, 0x22, 0x36, 0xFF, 0x1E, 0x22, 0x36, 0xFF,
    0x1E, 0x22, 0x36, 0xFF, 0x1E, 0x22, 0x36, 0xFF, 0x1E, 0x22, 0x36, 0xFF,
    0x1E, 0x22, 0x36, 0xFF, 0x1E, 0x22, 0x36, 0xFF, 0x1E, 0x22, 0x36, 0xFF,
    0x1E, 0x22, 0x36, 0xFF, 0x1E, 0x22, 0x36, 0xFF, 0x1C, 0x20, 0x32, 0xCC,
    0x13, 0x15, 0x22, 0x68, 0x00, 0x00, 0x00, 0x33, 0x00, 0x00, 0x00, 0x2B,
    0x00, 0x00, 0x00, 0x25, 0x00, 0x00, 0x00, 0x1B, 0x00, 0x00, 0x00, 0x10,
    0x00, 0x00, 0x00, 0x04, 0x00, 0x00, 0x00, 0x00, 0x00, 0x00, 0x00, 0x00,
    0x00, 0x00, 0x00, 0x00, 0x00, 0x00, 0x00, 0x00, 0x00, 0x00, 0x00, 0x00,
    0x00, 0x00, 0x00, 0x0A, 0x00, 0x00, 0x00, 0x13, 0x00, 0x00, 0x00, 0x1C,
    0x00, 0x00, 0x00, 0x25, 0x00, 0x00, 0x00, 0x2A, 0x00, 0x00, 0x00, 0x31,
    0x00, 0x00, 0x00, 0x34, 0x0B, 0x0D, 0x15, 0x4B, 0x15, 0x17, 0x26, 0x77,
    0x18, 0x1B, 0x2C, 0x99, 0x18, 0x1B, 0x2C, 0x99, 0x18, 0x1B, 0x2C, 0x99,
    0x18, 0x1B, 0x2C, 0x99, 0x18, 0x1B, 0x2C, 0x99, 0x18, 0x1B, 0x2C, 0x99,
    0x18, 0x1B, 0x2C, 0x99, 0x18, 0x1B, 0x2C, 0x99, 0x18, 0x1B, 0x2C, 0x99,
    0x18, 0x1B, 0x2C, 0x99, 0x18, 0x1B, 0x2C, 0x99, 0x18, 0x1B, 0x2C, 0x99,
    0x18, 0x1B, 0x2C, 0x99, 0x18, 0x1B, 0x2C, 0x99, 0x18, 0x1B, 0x2C, 0x99,
    0x18, 0x1B, 0x2C, 0x99, 0x18, 0x1B, 0x2C, 0x99, 0x18, 0x1B, 0x2C, 0x99,
    0x18, 0x1B, 0x2C, 0x99, 0x18, 0x1B, 0x2C, 0x99, 0x18, 0x1B, 0x2C, 0x99,
    0x18, 0x1B, 0x2C, 0x99, 0x18, 0x1B, 0x2C, 0x99, 0x18, 0x1B, 0x2C, 0x99,
    0x15, 0x17, 0x26, 0x77, 0x0B, 0x0D, 0x15, 0x4B, 0x00, 0x00, 0x00, 0x34,
    0x00, 0x00, 0x00, 0x31, 0x00, 0x00, 0x00, 0x2A, 0x00, 0x00, 0x00, 0x25,
    0x00, 0x00, 0x00, 0x1C, 0x00, 0x00, 0x00, 0x13, 0x00, 0x00, 0x00, 0x0A,
    0x00, 0x00, 0x00, 0x00, 0x00, 0x00, 0x00, 0x00, 0x00, 0x00, 0x00, 0x00,
    0x00, 0x00, 0x00, 0x00, 0x00, 0x00, 0x00, 0x00, 0x00, 0x00, 0x00, 0x00,
    0x00, 0x00, 0x00, 0x01, 0x00, 0x00, 0x00, 0x0C, 0x00, 0x00, 0x00, 0x14,
    0x00, 0x00, 0x00, 0x1C, 0x00, 0x00, 0x00, 0x22, 0x00, 0x00, 0x00, 0x28,
    0x00, 0x00, 0x00, 0x2B, 0x00, 0x00, 0x00, 0x2F, 0x00, 0x00, 0x00, 0x32,
    0x00, 0x00, 0x00, 0x34, 0x00, 0x00, 0x00, 0x34, 0x00, 0x00, 0x00, 0x34,
    0x00, 0x00, 0x00, 0x34, 0x00, 0x00, 0x00, 0x34, 0x00, 0x00, 0x00, 0x34,
    0x00, 0x00, 0x00, 0x34, 0x00, 0x00, 0x00, 0x34, 0x00, 0x00, 0x00, 0x34,
    0x00, 0x00, 0x00, 0x34, 0x00, 0x00, 0x00, 0x34, 0x00, 0x00, 0x00, 0x34,
    0x00, 0x00, 0x00, 0x34, 0x00, 0x00, 0x00, 0x34, 0x00, 0x00, 0x00, 0x34,
    0x00, 0x00, 0x00, 0x34, 0x00, 0x00, 0x00, 0x34, 0x00, 0x00, 0x00, 0x34,
    0x00, 0x00, 0x00, 0x34, 0x00, 0x00, 0x00, 0x34, 0x00, 0x00, 0x00, 0x34,
    0x00, 0x00, 0x00, 0x34, 0x00, 0x00, 0x00, 0x34, 0x00, 0x00, 0x00, 0x34,
    0x00, 0x00, 0x00, 0x32, 0x00, 0x00, 0x00, 0x2F, 0x00, 0x00, 0x00, 0x2B,
    0x00, 0x00, 0x00, 0x28, 0x00, 0x00, 0x00, 0x22, 0x00, 0x00, 0x00, 0x1C,
    0x00, 0x00, 0x00, 0x14, 0x00, 0x00, 0x00, 0x0C, 0x00, 0x00, 0x00, 0x01,
    0x00, 0x00, 0x00, 0x00, 0x00, 0x00, 0x00, 0x00, 0x00, 0x00, 0x00, 0x00,
    0x00, 0x00, 0x00, 0x00, 0x00, 0x00, 0x00, 0x00, 0x00, 0x00, 0x00, 0x00,
    0x00, 0x00, 0x00, 0x00, 0x00, 0x00, 0x00, 0x02, 0x00, 0x00, 0x00, 0x0D,
    0x00, 0x00, 0x00, 0x13, 0x00, 0x00, 0x00, 0x1A, 0x00, 0x00, 0x00, 0x1D,
    0x00, 0x00, 0x00, 0x23, 0x00, 0x00, 0x00, 0x27, 0x00, 0x00, 0x00, 0x28,
    0x00, 0x00, 0x00, 0x28, 0x00, 0x00, 0x00, 0x28, 0x00, 0x00, 0x00, 0x28,
    0x00, 0x00, 0x00, 0x28, 0x00, 0x00, 0x00, 0x28, 0x00, 0x00, 0x00, 0x28,
    0x00, 0x00, 0x00, 0x28, 0x00, 0x00, 0x00, 0x28, 0x00, 0x00, 0x00, 0x28,
    0x00, 0x00, 0x00, 0x28, 0x00, 0x00, 0x00, 0x28, 0x00, 0x00, 0x00, 0x28,
    0x00, 0x00, 0x00, 0x28, 0x00, 0x00, 0x00, 0x28, 0x00, 0x00, 0x00, 0x28,
    0x00, 0x00, 0x00, 0x28, 0x00, 0x00, 0x00, 0x28, 0x00, 0x00, 0x00, 0x28,
    0x00, 0x00, 0x00, 0x28, 0x00, 0x00, 0x00, 0x28, 0x00, 0x00, 0x00, 0x28,
    0x00, 0x00, 0x00, 0x28, 0x00, 0x00, 0x00, 0x28, 0x00, 0x00, 0x00, 0x28,
    0x00, 0x00, 0x00, 0x28, 0x00, 0x00, 0x00, 0x27, 0x00, 0x00, 0x00, 0x23,
    0x00, 0x00, 0x00, 0x1D, 0x00, 0x00, 0x00, 0x1A, 0x00, 0x00, 0x00, 0x13,
    0x00, 0x00, 0x00, 0x0D, 0x00, 0x00, 0x00, 0x02, 0x00, 0x00, 0x00, 0x00,
    0x00, 0x00, 0x00, 0x00, 0x00, 0x00, 0x00, 0x00, 0x00, 0x00, 0x00, 0x00,
    0x00, 0x00, 0x00, 0x00, 0x00, 0x00, 0x00, 0x00, 0x00, 0x00, 0x00, 0x00,
    0x00, 0x00, 0x00, 0x00, 0x00, 0x00, 0x00, 0x00, 0x00, 0x00, 0x00, 0x02,
    0x00, 0x00, 0x00, 0x0B, 0x00, 0x00, 0x00, 0x0F, 0x00, 0x00, 0x00, 0x16,
    0x00, 0x00, 0x00, 0x1B, 0x00, 0x00, 0x00, 0x1B, 0x00, 0x00, 0x00, 0x1D,
    0x00, 0x00, 0x00, 0x1E, 0x00, 0x00, 0x00, 0x1E, 0x00, 0x00, 0x00, 0x1E,
    0x00, 0x00, 0x00, 0x1E, 0x00, 0x00, 0x00, 0x1E, 0x00, 0x00, 0x00, 0x1E,
    0x00, 0x00, 0x00, 0x1E, 0x00, 0x00, 0x00, 0x1E, 0x00, 0x00, 0x00, 0x1E,
    0x00, 0x00, 0x00, 0x1E, 0x00, 0x00, 0x00, 0x1E, 0x00, 0x00, 0x00, 0x1E,
    0x00, 0x00, 0x00, 0x1E, 0x00, 0x00, 0x00, 0x1E, 0x00, 0x00, 0x00, 0x1E,
    0x00, 0x00, 0x00, 0x1E, 0x00, 0x00, 0x00, 0x1E, 0x00, 0x00, 0x00, 0x1E,
    0x00, 0x00, 0x00, 0x1E, 0x00, 0x00, 0x00, 0x1E, 0x00, 0x00, 0x00, 0x1E,
    0x00, 0x00, 0x00, 0x1E, 0x00, 0x00, 0x00, 0x1E, 0x00, 0x00, 0x00, 0x1E,
    0x00, 0x00, 0x00, 0x1D, 0x00, 0x00, 0x00, 0x1B, 0x00, 0x00, 0x00, 0x1B,
    0x00, 0x00, 0x00, 0x16, 0x00, 0x00, 0x00, 0x0F, 0x00, 0x00, 0x00, 0x0B,
    0x00, 0x00, 0x00, 0x02, 0x00, 0x00, 0x00, 0x00, 0x00, 0x00, 0x00, 0x00,
    0x00, 0x00, 0x00, 0x00, 0x00, 0x00, 0x00, 0x00, 0x00, 0x00, 0x00, 0x00,
    0x00, 0x00, 0x00, 0x00, 0x00, 0x00, 0x00, 0x00, 0x00, 0x00, 0x00, 0x00,
    0x00, 0x00, 0x00, 0x00, 0x00, 0x00, 0x00, 0x00, 0x00, 0x00, 0x00, 0x00,
    0x00, 0x00, 0x00, 0x00, 0x00, 0x00, 0x00, 0x07, 0x00, 0x00, 0x00, 0x0D,
    0x00, 0x00, 0x00, 0x0E, 0x00, 0x00, 0x00, 0x12, 0x00, 0x00, 0x00, 0x15,
    0x00, 0x00, 0x00, 0x15, 0x00, 0x00, 0x00, 0x15, 0x00, 0x00, 0x00, 0x15,
    0x00, 0x00, 0x00, 0x15, 0x00, 0x00, 0x00, 0x15, 0x00, 0x00, 0x00, 0x15,
    0x00, 0x00, 0x00, 0x15, 0x00, 0x00, 0x00, 0x15, 0x00, 0x00, 0x00, 0x15,
    0x00, 0x00, 0x00, 0x15, 0x00, 0x00, 0x00, 0x15, 0x00, 0x00, 0x00, 0x15,
    0x00, 0x00, 0x00, 0x15, 0x00, 0x00, 0x00, 0x15, 0x00, 0x00, 0x00, 0x15,
    0x00, 0x00, 0x00, 0x15, 0x00, 0x00, 0x00, 0x15, 0x00, 0x00, 0x00, 0x15,
    0x00, 0x00, 0x00, 0x15, 0x00, 0x00, 0x00, 0x15, 0x00, 0x00, 0x00, 0x15,
    0x00, 0x00, 0x00, 0x15, 0x00, 0x00, 0x00, 0x15, 0x00, 0x00, 0x00, 0x15,
    0x00, 0x00, 0x00, 0x15, 0x00, 0x00, 0x00, 0x12, 0x00, 0x00, 0x00, 0x0E,
    0x00, 0x00, 0x00, 0x0D, 0x00, 0x00, 0x00, 0x07, 0x00, 0x00, 0x00, 0x00,
    0x00, 0x00, 0x00, 0x00, 0x00, 0x00, 0x00, 0x00, 0x00, 0x00, 0x00, 0x00,
    0x00, 0x00, 0x00, 0x00, 0x00, 0x00, 0x00, 0x00, 0x00, 0x00, 0x00, 0x00,
};

const uint8_t ICON_TASKS_SMALL[] = {
    0x4C, 0x49, 0x43, 0x32, 0x18, 0x18, 0x00, 0x00,
    0x00, 0x00, 0x00, 0x00, 0x00, 0x00, 0x00, 0x00, 0x00, 0x00, 0x00, 0x00,
    0x00, 0x00, 0x00, 0x00, 0x00, 0x00, 0x00, 0x00, 0x00, 0x00, 0x00, 0x00,
    0x00, 0x00, 0x00, 0x00, 0x00, 0x00, 0x00, 0x00, 0x00, 0x00, 0x00, 0x00,
    0x00, 0x00, 0x00, 0x00, 0x00, 0x00, 0x00, 0x00, 0x00, 0x00, 0x00, 0x00,
    0x00, 0x00, 0x00, 0x00, 0x00, 0x00, 0x00, 0x00, 0x00, 0x00, 0x00, 0x00,
    0x00, 0x00, 0x00, 0x00, 0x00, 0x00, 0x00, 0x00, 0x00, 0x00, 0x00, 0x00,
    0x00, 0x00, 0x00, 0x00, 0x00, 0x00, 0x00, 0x00, 0x00, 0x00, 0x00, 0x00,
    0x00, 0x00, 0x00, 0x00, 0x00, 0x00, 0x00, 0x00, 0x00, 0x00, 0x00, 0x00,
    0x00, 0x00, 0x00, 0x00, 0x00, 0x00, 0x00, 0x00, 0x00, 0x00, 0x00, 0x00,
    0x00, 0x00, 0x00, 0x00, 0x73, 0x78, 0x8B, 0x17, 0x78, 0x7D, 0x8F, 0x76,
    0x6F, 0x74, 0x87, 0x93, 0x5D, 0x63, 0x79, 0x8C, 0x5D, 0x63, 0x79, 0x8C,
    0x5D, 0x63, 0x79, 0x8C, 0x5D, 0x63, 0x79, 0x8C, 0x5D, 0x63, 0x79, 0x8C,
    0x5D, 0x63, 0x79, 0x8C, 0x5D, 0x63, 0x79, 0x8C, 0x5D, 0x63, 0x79, 0x8C,
    0x5D, 0x63, 0x79, 0x8C, 0x5D, 0x63, 0x79, 0x8C, 0x6F, 0x74, 0x87, 0x93,
    0x78, 0x7D, 0x8F, 0x76, 0x73, 0x78, 0x8B, 0x17, 0x00, 0x00, 0x00, 0x00,
    0x00, 0x00, 0x00, 0x00, 0x00, 0x00, 0x00, 0x00, 0x00, 0x00, 0x00, 0x00,
    0x00, 0x00, 0x00, 0x00, 0x00, 0x00, 0x00, 0x00, 0x00, 0x00, 0x00, 0x00,
    0x6A, 0x6F, 0x82, 0x6C, 0x54, 0x5A, 0x70, 0xF4, 0x3A, 0x41, 0x5B, 0xFF,
    0x38, 0x3E, 0x59, 0xFF, 0x38, 0x3E, 0x59, 0xFF, 0x38, 0x3E, 0x59, 0xFF,
    0x38, 0x3E, 0x59, 0xFF, 0x38, 0x3E, 0x59, 0xFF, 0x38, 0x3E, 0x59, 0xFF,
    0x38, 0x3E, 0x59, 0xFF, 0x38, 0x3E, 0x59, 0xFF, 0x38, 0x3E, 0x59, 0xFF,
    0x38, 0x3E, 0x59, 0xFF, 0x38, 0x3E, 0x59, 0xFF, 0x38, 0x3E, 0x59, 0xFF,
    0x3A, 0x41, 0x5B, 0xFF, 0x54, 0x5A, 0x70, 0xF4, 0x6A, 0x6F, 0x82, 0x6C,
    0x00, 0x00, 0x00, 0x00, 0x00, 0x00, 0x00, 0x00, 0x00, 0x00, 0x00, 0x00,
    0x00, 0x00, 0x00, 0x00, 0x00, 0x00, 0x00, 0x00, 0x62, 0x67, 0x7A, 0x58,
    0x45, 0x4C, 0x64, 0xFE, 0x36, 0x3D, 0x57, 0xFF, 0x36, 0x3D, 0x57, 0xFF,
    0x36, 0x3D, 0x57, 0xFF, 0x36, 0x3D, 0x57, 0xFF, 0x36, 0x3D, 0x57, 0xFF,
    0x36, 0x3D, 0x57, 0xFF, 0x36, 0x3D, 0x57, 0xFF, 0x36, 0x3D, 0x57, 0xFF,
    0x36, 0x3D, 0x57, 0xFF, 0x36, 0x3D, 0x57, 0xFF, 0x36, 0x3D, 0x57, 0xFF,
    0x36, 0x3D, 0x57, 0xFF, 0x36, 0x3D, 0x57, 0xFF, 0x36, 0x3D, 0x57, 0xFF,
    0x36, 0x3D, 0x57, 0xFF, 0x36, 0x3D, 0x57, 0xFF, 0x45, 0x4C, 0x64, 0xFE,
    0x62, 0x67, 0x7A, 0x58, 0x00, 0x00, 0x00, 0x00, 0x00, 0x00, 0x00, 0x00,
    0x00, 0x00, 0x00, 0x00, 0x00, 0x00, 0x00, 0x04, 0x50, 0x56, 0x6B, 0xD8,
    0x35, 0x3B, 0x55, 0xFF, 0x35, 0x3B, 0x55, 0xFF, 0x35, 0x3B, 0x55, 0xFF,
    0x35, 0x3B, 0x55, 0xFF, 0x35, 0x3B, 0x55, 0xFF, 0x35, 0x3B, 0x55, 0xFF,
    0x35, 0x3B, 0x55, 0xFF, 0x35, 0x3B, 0x55, 0xFF, 0x35, 0x3B, 0x55, 0xFF,
    0x35, 0x3B, 0x55, 0xFF, 0x35, 0x3B, 0x55, 0xFF, 0x35, 0x3B, 0x55, 0xFF,
    0x35, 0x3B, 0x55, 0xFF, 0x35, 0x3B, 0x55, 0xFF, 0x35, 0x3B, 0x55, 0xFF,
    0x35, 0x3B, 0x55, 0xFF, 0x35, 0x3B, 0x55, 0xFF, 0x35, 0x3B, 0x55, 0xFF,
    0x50, 0x56, 0x6B, 0xD8, 0x00, 0x00, 0x00, 0x04, 0x00, 0x00, 0x00, 0x00,
    0x00, 0x00, 0x00, 0x00, 0x31, 0x33, 0x3E, 0x25, 0x45, 0x4B, 0x62, 0xFF,
    0x33, 0x3A, 0x53, 0xFF, 0x33, 0x3A, 0x53, 0xFF, 0x33, 0x3A, 0x53, 0xFF,
    0x33, 0x3A, 0x53, 0xFF, 0x33, 0x3A, 0x53, 0xFF, 0x33, 0x3A, 0x53, 0xFF,
    0x33, 0x3A, 0x53, 0xFF, 0x33, 0x3A, 0x53, 0xFF, 0x33, 0x3A, 0x53, 0xFF,
    0x33, 0x3A, 0x53, 0xFF, 0x33, 0x3A, 0x53, 0xFF, 0x33, 0x3A, 0x53, 0xFF,
    0x33, 0x3A, 0x53, 0xFF, 0x33, 0x3A, 0x53, 0xFF, 0x33, 0x3A, 0x53, 0xFF,
    0x33, 0x3A, 0x53, 0xFF, 0x33, 0x3A, 0x53, 0xFF, 0x33, 0x3A, 0x53, 0xFF,
    0x45, 0x4B, 0x62, 0xFF, 0x31, 0x33, 0x3E, 0x25, 0x00, 0x00, 0x00, 0x00,
    0x00, 0x00, 0x00, 0x01, 0x35, 0x38, 0x44, 0x40, 0x3E, 0x44, 0x5C, 0xFF,
    0x32, 0x38, 0x52, 0xFF, 0x32, 0x38, 0x52, 0xFF, 0x32, 0x38, 0x52, 0xFF,
    0x32, 0x38, 0x52, 0xFF, 0x32, 0x38, 0x52, 0xFF, 0x32, 0x38, 0x52, 0xFF,
    0x32, 0x38, 0x52, 0xFF, 0x32, 0x38, 0x52, 0xFF, 0x32, 0x38, 0x52, 0xFF,
    0x32, 0x38, 0x52, 0xFF, 0x32, 0x38, 0x52, 0xFF, 0x32, 0x38, 0x52, 0xFF,
    0x61, 0x56, 0x44, 0xFF, 0x62, 0x57, 0x44, 0xFF, 0x3D, 0x3F, 0x4E, 0xFF,
    0x32, 0x38, 0x52, 0xFF, 0x32, 0x38, 0x52, 0xFF, 0x32, 0x38, 0x52, 0xFF,
    0x3E, 0x44, 0x5C, 0xFF, 0x35, 0x38, 0x44, 0x40, 0x00, 0x00, 0x00, 0x01,
    0x00, 0x00, 0x00, 0x03, 0x30, 0x33, 0x3F, 0x42, 0x3B, 0x41, 0x59, 0xFF,
    0x31, 0x37, 0x50, 0xFF, 0x31, 0x37, 0x50, 0xFF, 0x31, 0x37, 0x50, 0xFF,
    0x31, 0x37, 0x50, 0xFF, 0x31, 0x37, 0x50, 0xFF, 0x31, 0x37, 0x50, 0xFF,
    0x31, 0x37, 0x50, 0xFF, 0x31, 0x37, 0x50, 0xFF, 0x31, 0x37, 0x50, 0xFF,
    0x31, 0x37, 0x50, 0xFF, 0x31, 0x37, 0x50, 0xFF, 0x70, 0x5F, 0x3E, 0xFF,
    0xEE, 0xAF, 0x1B, 0xFF, 0xEE, 0xAF, 0x1B, 0xFF, 0x9F, 0x7D, 0x31, 0xFF,
    0x31, 0x37, 0x50, 0xFF, 0x31, 0x37, 0x50, 0xFF, 0x31, 0x37, 0x50, 0xFF,
    0x3B, 0x41, 0x59, 0xFF, 0x30, 0x33, 0x3F, 0x42, 0x00, 0x00, 0x00, 0x03,
    0x00, 0x00, 0x00, 0x04, 0x2C, 0x2F, 0x3A, 0x41, 0x38, 0x3E, 0x55, 0xFF,
    0x2F, 0x35, 0x4E, 0xFF, 0x2F, 0x35, 0x4E, 0xFF, 0x2F, 0x35, 0x4E, 0xFF,
    0x2F, 0x35, 0x4E, 0xFF, 0x2F, 0x35, 0x4E, 0xFF, 0x2F, 0x35, 0x4E, 0xFF,
    0x2F, 0x35, 0x4E, 0xFF, 0x2F, 0x35, 0x4E, 0xFF, 0x2F, 0x35, 0x4E, 0xFF,
    0x2F, 0x35, 0x4E, 0xFF, 0x2F, 0x35, 0x4E, 0xFF, 0x75, 0x62, 0x3B, 0xFF,
    0xE9, 0xAC, 0x1D, 0xFF, 0xE9, 0xAC, 0x1D, 0xFF, 0xA3, 0x7F, 0x2F, 0xFF,
    0x2F, 0x35, 0x4E, 0xFF, 0x2F, 0x35, 0x4E, 0xFF, 0x2F, 0x35, 0x4E, 0xFF,
    0x38, 0x3E, 0x55, 0xFF, 0x2C, 0x2F, 0x3A, 0x41, 0x00, 0x00, 0x00, 0x04,
    0x00, 0x00, 0x00, 0x04, 0x28, 0x2A, 0x36, 0x40, 0x35, 0x3B, 0x52, 0xFF,
    0x2E, 0x34, 0x4C, 0xFF, 0x2E, 0x34, 0x4C, 0xFF, 0x2E, 0x34, 0x4C, 0xFF,
    0x2E, 0x34, 0x4C, 0xFF, 0x2E, 0x34, 0x4C, 0xFF, 0x2E, 0x34, 0x4C, 0xFF,
    0x2E, 0x34, 0x4C, 0xFF, 0x32, 0x4C, 0x54, 0xFF, 0x3E, 0x91, 0x6B, 0xFF,
    0x3E, 0x91, 0x6B, 0xFF, 0x32, 0x4C, 0x54, 0xFF, 0x72, 0x5F, 0x3B, 0xFF,
    0xE3, 0xA8, 0x1E, 0xFF, 0xE3, 0xA8, 0x1E, 0xFF, 0x9F, 0x7D, 0x2F, 0xFF,
    0x2E, 0x34, 0x4C, 0xFF, 0x2E, 0x34, 0x4C, 0xFF, 0x2E, 0x34, 0x4C, 0xFF,
    0x35, 0x3B, 0x52, 0xFF, 0x28, 0x2A, 0x36, 0x40, 0x00, 0x00, 0x00, 0x04,
    0x00, 0x00, 0x00, 0x04, 0x23, 0x26, 0x32, 0x40, 0x32, 0x38, 0x4F, 0xFF,
    0x2D, 0x32, 0x4A, 0xFF, 0x2D, 0x32, 0x4A, 0xFF, 0x2D, 0x32, 0x4A, 0xFF,
    0x2D, 0x32, 0x4A, 0xFF, 0x2D, 0x32, 0x4A, 0xFF, 0x2D, 0x32, 0x4A, 0xFF,
    0x2D, 0x32, 0x4A, 0xFF, 0x39, 0x76, 0x61, 0xFF, 0x45, 0xBA, 0x78, 0xFF,
    0x45, 0xBA, 0x78, 0xFF, 0x39, 0x76, 0x61, 0xFF, 0x6F, 0x5D, 0x3A, 0xFF,
    0xDE, 0xA5, 0x1F, 0xFF, 0xDE, 0xA5, 0x1F, 0xFF, 0x9B, 0x7A, 0x2F, 0xFF,
    0x2D, 0x32, 0x4A, 0xFF, 0x2D, 0x32, 0x4A, 0xFF, 0x2D, 0x32, 0x4A, 0xFF,
    0x32, 0x38, 0x4F, 0xFF, 0x23, 0x26, 0x32, 0x40, 0x00, 0x00, 0x00, 0x04,
    0x00, 0x00, 0x00, 0x04, 0x1F, 0x22, 0x2D, 0x3F, 0x2F, 0x34, 0x4B, 0xFF,
    0x2B, 0x31, 0x48, 0xFF, 0x2B, 0x31, 0x48, 0xFF, 0x2B, 0x31, 0x48, 0xFF,
    0x2B, 0x31, 0x48, 0xFF, 0x2B, 0x31, 0x48, 0xFF, 0x2B, 0x31, 0x48, 0xFF,
    0x2B, 0x31, 0x48, 0xFF, 0x38, 0x73, 0x5F, 0xFF, 0x44, 0xB5, 0x76, 0xFF,
    0x44, 0xB5, 0x76, 0xFF, 0x38, 0x73, 0x5F, 0xFF, 0x6C, 0x5B, 0x39, 0xFF,
    0xD8, 0xA1, 0x20, 0xFF, 0xD8, 0xA1, 0x20, 0xFF, 0x97, 0x77, 0x2F, 0xFF,
    0x2B, 0x31, 0x48, 0xFF, 0x2B, 0x31, 0x48, 0xFF, 0x2B, 0x31, 0x48, 0xFF,
    0x2F, 0x34, 0x4B, 0xFF, 0x1F, 0x22, 0x2D, 0x3F, 0x00, 0x00, 0x00, 0x04,
    0x00, 0x00, 0x00, 0x04, 0x1A, 0x1D, 0x29, 0x3E, 0x2C, 0x31, 0x48, 0xFF,
    0x2A, 0x2F, 0x46, 0xFF, 0x2A, 0x2F, 0x46, 0xFF, 0x2A, 0x2F, 0x46, 0xFF,
    0x32, 0x48, 0x6C, 0xFF, 0x42, 0x79, 0xB5, 0xFF, 0x3F, 0x72, 0xAB, 0xFF,
    0x2E, 0x3B, 0x58, 0xFF, 0x36, 0x6F, 0x5D, 0xFF, 0x43, 0xAF, 0x74, 0xFF,
    0x43, 0xAF, 0x74, 0xFF, 0x36, 0x6F, 0x5D, 0xFF, 0x69, 0x58, 0x38, 0xFF,
    0xD2, 0x9D, 0x21, 0xFF, 0xD2, 0x9D, 0x21, 0xFF, 0x93, 0x74, 0x2F, 0xFF,
    0x2A, 0x2F, 0x46, 0xFF, 0x2A, 0x2F, 0x46, 0xFF, 0x2A, 0x2F, 0x46, 0xFF,
    0x2C, 0x31, 0x48, 0xFF, 0x1A, 0x1D, 0x29, 0x3E, 0x00, 0x00, 0x00, 0x04,
    0x00, 0x00, 0x00, 0x04, 0x16, 0x18, 0x24, 0x3D, 0x29, 0x2E, 0x45, 0xFF,
    0x28, 0x2E, 0x44, 0xFF, 0x28, 0x2E, 0x44, 0xFF, 0x28, 0x2E, 0x44, 0xFF,
    0x3D, 0x6C, 0xA2, 0xFF, 0x4A, 0x91, 0xDB, 0xFF, 0x4A, 0x91, 0xDB, 0xFF,
    0x35, 0x53, 0x7D, 0xFF, 0x35, 0x6C, 0x5B, 0xFF, 0x41, 0xA9, 0x72, 0xFF,
    0x41, 0xA9, 0x72, 0xFF, 0x35, 0x6C, 0x5B, 0xFF, 0x66, 0x56, 0x38, 0xFF,
    0xCC, 0x99, 0x22, 0xFF, 0xCC, 0x99, 0x22, 0xFF, 0x8F, 0x71, 0x2F, 0xFF,
    0x28, 0x2E, 0x44, 0xFF, 0x28, 0x2E, 0x44, 0xFF, 0x28, 0x2E, 0x44, 0xFF,
    0x29, 0x2E, 0x45, 0xFF, 0x16, 0x18, 0x24, 0x3D, 0x00, 0x00, 0x00, 0x04,
    0x00, 0x00, 0x00, 0x04, 0x14, 0x17, 0x23, 0x3D, 0x27, 0x2C, 0x43, 0xFF,
    0x27, 0x2C, 0x43, 0xFF, 0x27, 0x2C, 0x43, 0xFF, 0x27, 0x2C, 0x43, 0xFF,
    0x3B, 0x67, 0x9B, 0xFF, 0x47, 0x8B, 0xD0, 0xFF, 0x47, 0x8B, 0xD0, 0xFF,
    0x33, 0x50, 0x78, 0xFF, 0x34, 0x68, 0x59, 0xFF, 0x40, 0xA4, 0x6F, 0xFF,
    0x40, 0xA4, 0x6F, 0xFF, 0x34, 0x68, 0x59, 0xFF, 0x63, 0x54, 0x37, 0xFF,
    0xC6, 0x95, 0x23, 0xFF, 0xC6, 0x95, 0x23, 0xFF, 0x8B, 0x6E, 0x2F, 0xFF,
    0x27, 0x2C, 0x43, 0xFF, 0x27, 0x2C, 0x43, 0xFF, 0x27, 0x2C, 0x43, 0xFF,
    0x27, 0x2C, 0x43, 0xFF, 0x14, 0x17, 0x23, 0x3D, 0x00, 0x00, 0x00, 0x04,
    0x00, 0x00, 0x00, 0x04, 0x14, 0x16, 0x22, 0x3D, 0x26, 0x2B, 0x41, 0xFF,
    0x26, 0x2B, 0x41, 0xFF, 0x26, 0x2B, 0x41, 0xFF, 0x26, 0x2B, 0x41, 0xFF,
    0x39, 0x62, 0x94, 0xFF, 0x45, 0x84, 0xC6, 0xFF, 0x45, 0x84, 0xC6, 0xFF,
    0x31, 0x4C, 0x73, 0xFF, 0x32, 0x64, 0x57, 0xFF, 0x3F, 0x9E, 0x6D, 0xFF,
    0x3F, 0x9E, 0x6D, 0xFF, 0x32, 0x64, 0x57, 0xFF, 0x60, 0x51, 0x36, 0xFF,
    0xC1, 0x91, 0x23, 0xFF, 0xC1, 0x91, 0x23, 0xFF, 0x86, 0x6B, 0x2E, 0xFF,
    0x26, 0x2B, 0x41, 0xFF, 0x26, 0x2B, 0x41, 0xFF, 0x26, 0x2B, 0x41, 0xFF,
    0x26, 0x2B, 0x41, 0xFF, 0x14, 0x16, 0x22, 0x3D, 0x00, 0x00, 0x00, 0x04,
    0x00, 0x00, 0x00, 0x04, 0x13, 0x15, 0x21, 0x3D, 0x24, 0x29, 0x3F, 0xFF,
    0x24, 0x29, 0x3F, 0xFF, 0x24, 0x29, 0x3F, 0xFF, 0x24, 0x29, 0x3F, 0xFF,
    0x30, 0x4A, 0x70, 0xFF, 0x3A, 0x67, 0x9C, 0xFF, 0x3A, 0x67, 0x9C, 0xFF,
    0x2A, 0x3A, 0x58, 0xFF, 0x2C, 0x4A, 0x4C, 0xFF, 0x37, 0x7C, 0x5F, 0xFF,
    0x37, 0x7C, 0x5F, 0xFF, 0x2C, 0x4A, 0x4C, 0xFF, 0x43, 0x3E, 0x39, 0xFF,
    0x95, 0x74, 0x2B, 0xFF, 0x95, 0x74, 0x2B, 0xFF, 0x5F, 0x50, 0x34, 0xFF,
    0x24, 0x29, 0x3F, 0xFF, 0x24, 0x29, 0x3F, 0xFF, 0x24, 0x29, 0x3F, 0xFF,
    0x24, 0x29, 0x3F, 0xFF, 0x13, 0x15, 0x21, 0x3D, 0x00, 0x00, 0x00, 0x04,
    0x00, 0x00, 0x00, 0x04, 0x0F, 0x11, 0x1A, 0x35, 0x23, 0x28, 0x3D, 0xFF,
    0x23, 0x28, 0x3D, 0xFF, 0x23, 0x28, 0x3D, 0xFF, 0x30, 0x36, 0x4B, 0xFF,
    0x48, 0x51, 0x66, 0xFF, 0x48, 0x51, 0x66, 0xFF, 0x48, 0x51, 0x66, 0xFF,
    0x48, 0x51, 0x66, 0xFF, 0x48, 0x51, 0x66, 0xFF, 0x48, 0x51, 0x66, 0xFF,
    0x48, 0x51, 0x66, 0xFF, 0x48, 0x51, 0x66, 0xFF, 0x48, 0x51, 0x66, 0xFF,
    0x48, 0x51, 0x66, 0xFF, 0x48, 0x51, 0x66, 0xFF, 0x48, 0x51, 0x66, 0xFF,
    0x30, 0x36, 0x4B, 0xFF, 0x23, 0x28, 0x3D, 0xFF, 0x23, 0x28, 0x3D, 0xFF,
    0x23, 0x28, 0x3D, 0xFF, 0x0F, 0x11, 0x1A, 0x35, 0x00, 0x00, 0x00, 0x04,
    0x00, 0x00, 0x00, 0x03, 0x00, 0x00, 0x00, 0x20, 0x21, 0x25, 0x3A, 0xE7,
    0x21, 0x26, 0x3B, 0xFF, 0x21, 0x26, 0x3B, 0xFF, 0x27, 0x2C, 0x41, 0xFF,
    0x35, 0x3B, 0x50, 0xFF, 0x35, 0x3B, 0x50, 0xFF, 0x35, 0x3B, 0x50, 0xFF,
    0x35, 0x3B, 0x50, 0xFF, 0x35, 0x3B, 0x50, 0xFF, 0x35, 0x3B, 0x50, 0xFF,
    0x35, 0x3B, 0x50, 0xFF, 0x35, 0x3B, 0x50, 0xFF, 0x35, 0x3B, 0x50, 0xFF,
    0x35, 0x3B, 0x50, 0xFF, 0x35, 0x3B, 0x50, 0xFF, 0x35, 0x3B, 0x50, 0xFF,
    0x27, 0x2C, 0x41, 0xFF, 0x21, 0x26, 0x3B, 0xFF, 0x21, 0x26, 0x3B, 0xFF,
    0x21, 0x25, 0x3A, 0xE7, 0x00, 0x00, 0x00, 0x20, 0x00, 0x00, 0x00, 0x03,
    0x00, 0x00, 0x00, 0x02, 0x00, 0x00, 0x00, 0x1B, 0x19, 0x1D, 0x2D, 0x88,
    0x20, 0x24, 0x39, 0xFF, 0x20, 0x24, 0x39, 0xFF, 0x20, 0x24, 0x39, 0xFF,
    0x20, 0x24, 0x39, 0xFF, 0x20, 0x24, 0x39, 0xFF, 0x20, 0x24, 0x39, 0xFF,
    0x20, 0x24, 0x39, 0xFF, 0x20, 0x24, 0x39, 0xFF, 0x20, 0x24, 0x39, 0xFF,
    0x20, 0x24, 0x39, 0xFF, 0x20, 0x24, 0x39, 0xFF, 0x20, 0x24, 0x39, 0xFF,
    0x20, 0x24, 0x39, 0xFF, 0x20, 0x24, 0x39, 0xFF, 0x20, 0x24, 0x39, 0xFF,
    0x20, 0x24, 0x39, 0xFF, 0x20, 0x24, 0x39, 0xFF, 0x20, 0x24, 0x39, 0xFF,
    0x19, 0x1D, 0x2D, 0x88, 0x00, 0x00, 0x00, 0x1B, 0x00, 0x00, 0x00, 0x02,
    0x00, 0x00, 0x00, 0x00, 0x00, 0x00, 0x00, 0x13, 0x00, 0x00, 0x00, 0x29,
    0x1B, 0x1F, 0x30, 0xAB, 0x1F, 0x23, 0x37, 0xFF, 0x1F, 0x23, 0x37, 0xFF,
    0x1F, 0x23, 0x37, 0xFF, 0x1F, 0x23, 0x37, 0xFF, 0x1F, 0x23, 0x37, 0xFF,
    0x1F, 0x23, 0x37, 0xFF, 0x1F, 0x23, 0x37, 0xFF, 0x1F, 0x23, 0x37, 0xFF,
    0x1F, 0x23, 0x37, 0xFF, 0x1F, 0x23, 0x37, 0xFF, 0x1F, 0x23, 0x37, 0xFF,
    0x1F, 0x23, 0x37, 0xFF, 0x1F, 0x23, 0x37, 0xFF, 0x1F, 0x23, 0x37, 0xFF,
    0x1F, 0x23, 0x37, 0xFF, 0x1F, 0x23, 0x37, 0xFF, 0x1B, 0x1F, 0x30, 0xAB,
    0x00, 0x00, 0x00, 0x29, 0x00, 0x00, 0x00, 0x13, 0x00, 0x00, 0x00, 0x00,
    0x00, 0x00, 0x00, 0x00, 0x00, 0x00, 0x00, 0x07, 0x00, 0x00, 0x00, 0x1C,
    0x00, 0x00, 0x00, 0x2B, 0x13, 0x15, 0x22, 0x68, 0x1A, 0x1E, 0x30, 0xB2,
    0x1B, 0x1F, 0x32, 0xCC, 0x1B, 0x1F, 0x32, 0xCC, 0x1B, 0x1F, 0x32, 0xCC,
    0x1B, 0x1F, 0x32, 0xCC, 0x1B, 0x1F, 0x32, 0xCC, 0x1B, 0x1F, 0x32, 0xCC,
    0x1B, 0x1F, 0x32, 0xCC, 0x1B, 0x1F, 0x32, 0xCC, 0x1B, 0x1F, 0x32, 0xCC,
    0x1B, 0x1F, 0x32, 0xCC, 0x1B, 0x1F, 0x32, 0xCC, 0x1B, 0x1F, 0x32, 0xCC,
    0x1A, 0x1E, 0x30, 0xB2, 0x13, 0x15, 0x22, 0x68, 0x00, 0x00, 0x00, 0x2B,
    0x00, 0x00, 0x00, 0x1C, 0x00, 0x00, 0x00, 0x07, 0x00, 0x00, 0x00, 0x00,
    0x00, 0x00, 0x00, 0x00, 0x00, 0x00, 0x00, 0x00, 0x00, 0x00, 0x00, 0x0C,
    0x00, 0x00, 0x00, 0x1B, 0x00, 0x00, 0x00, 0x25, 0x00, 0x00, 0x00, 0x2C,
    0x00, 0x00, 0x00, 0x2E, 0x00, 0x00, 0x00, 0x2E, 0x00, 0x00, 0x00, 0x2E,
    0x00, 0x00, 0x00, 0x2E, 0x00, 0x00, 0x00, 0x2E, 0x00, 0x00, 0x00, 0x2E,
    0x00, 0x00, 0x00, 0x2E, 0x00, 0x00, 0x00, 0x2E, 0x00, 0x00, 0x00, 0x2E,
    0x00, 0x00, 0x00, 0x2E, 0x00, 0x00, 0x00, 0x2E, 0x00, 0x00, 0x00, 0x2E,
    0x00, 0x00, 0x00, 0x2C, 0x00, 0x00, 0x00, 0x25, 0x00, 0x00, 0x00, 0x1B,
    0x00, 0x00, 0x00, 0x0C, 0x00, 0x00, 0x00, 0x00, 0x00, 0x00, 0x00, 0x00,
    0x00, 0x00, 0x00, 0x00, 0x00, 0x00, 0x00, 0x00, 0x00, 0x00, 0x00, 0x00,
    0x00, 0x00, 0x00, 0x08, 0x00, 0x00, 0x00, 0x13, 0x00, 0x00, 0x00, 0x17,
    0x00, 0x00, 0x00, 0x1B, 0x00, 0x00, 0x00, 0x1B, 0x00, 0x00, 0x00, 0x1B,
    0x00, 0x00, 0x00, 0x1B, 0x00, 0x00, 0x00, 0x1B, 0x00, 0x00, 0x00, 0x1B,
    0x00, 0x00, 0x00, 0x1B, 0x00, 0x00, 0x00, 0x1B, 0x00, 0x00, 0x00, 0x1B,
    0x00, 0x00, 0x00, 0x1B, 0x00, 0x00, 0x00, 0x1B, 0x00, 0x00, 0x00, 0x1B,
    0x00, 0x00, 0x00, 0x17, 0x00, 0x00, 0x00, 0x13, 0x00, 0x00, 0x00, 0x08,
    0x00, 0x00, 0x00, 0x00, 0x00, 0x00, 0x00, 0x00, 0x00, 0x00, 0x00, 0x00,
};

const uint8_t ICON_BROWSER[] = {
    0x4C, 0x49, 0x43, 0x32, 0x30, 0x30, 0x00, 0x00,
    0x00, 0x00, 0x00, 0x00, 0x00, 0x00, 0x00, 0x00, 0x00, 0x00, 0x00, 0x00,
    0x00, 0x00, 0x00, 0x00, 0x00, 0x00, 0x00, 0x00, 0x00, 0x00, 0x00, 0x00,
    0x00, 0x00, 0x00, 0x00, 0x00, 0x00, 0x00, 0x00, 0x00, 0x00, 0x00, 0x00,
    0x00, 0x00, 0x00, 0x00, 0x00, 0x00, 0x00, 0x00, 0x00, 0x00, 0x00, 0x00,
    0x00, 0x00, 0x00, 0x00, 0x00, 0x00, 0x00, 0x00, 0x00, 0x00, 0x00, 0x00,
    0x00, 0x00, 0x00, 0x00, 0x00, 0x00, 0x00, 0x00, 0x00, 0x00, 0x00, 0x00,
    0x00, 0x00, 0x00, 0x00, 0x00, 0x00, 0x00, 0x00, 0x00, 0x00, 0x00, 0x00,
    0x00, 0x00, 0x00, 0x00, 0x00, 0x00, 0x00, 0x00, 0x00, 0x00, 0x00, 0x00,
    0x00, 0x00, 0x00, 0x00, 0x00, 0x00, 0x00, 0x00, 0x00, 0x00, 0x00, 0x00,
    0x00, 0x00, 0x00, 0x00, 0x00, 0x00, 0x00, 0x00, 0x00, 0x00, 0x00, 0x00,
    0x00, 0x00, 0x00, 0x00, 0x00, 0x00, 0x00, 0x00, 0x00, 0x00, 0x00, 0x00,
    0x00, 0x00, 0x00, 0x00, 0x00, 0x00, 0x00, 0x00, 0x00, 0x00, 0x00, 0x00,
    0x00, 0x00, 0x00, 0x00, 0x00, 0x00, 0x00, 0x00, 0x00, 0x00, 0x00, 0x00,
    0x00, 0x00, 0x00, 0x00, 0x00, 0x00, 0x00, 0x00, 0x00, 0x00, 0x00, 0x00,
    0x00, 0x00, 0x00, 0x00, 0x00, 0x00, 0x00, 0x00, 0x00, 0x00, 0x00, 0x00,
    0x00, 0x00, 0x00, 0x00, 0x00, 0x00, 0x00, 0x00, 0x00, 0x00, 0x00, 0x00,
    0x00, 0x00, 0x00, 0x00, 0x00, 0x00, 0x00, 0x00, 0x00, 0x00, 0x00, 0x00,
    0x00, 0x00, 0x00, 0x00, 0x00, 0x00, 0x00, 0x00, 0x00, 0x00, 0x00, 0x00,
    0x00, 0x00, 0x00, 0x00, 0x00, 0x00, 0x00, 0x00, 0x00, 0x00, 0x00, 0x00,
    0x00, 0x00, 0x00, 0x00, 0x00, 0x00, 0x00, 0x00, 0x00, 0x00, 0x00, 0x00,
    0x00, 0x00, 0x00, 0x00, 0x00, 0x00, 0x00, 0x00, 0x00, 0x00, 0x00, 0x00,
    0x00, 0x00, 0x00, 0x00, 0x00, 0x00, 0x00, 0x00, 0x00, 0x00, 0x00, 0x00,
    0x00, 0x00, 0x00, 0x00, 0x00, 0x00, 0x00, 0x00, 0x00, 0x00, 0x00, 0x00,
    0x00, 0x00, 0x00, 0x00, 0x00, 0x00, 0x00, 0x00, 0x00, 0x00, 0x00, 0x00,
    0x00, 0x00, 0x00, 0x00, 0x00, 0x00, 0x00, 0x00, 0x00, 0x00, 0x00, 0x00,
    0x00, 0x00, 0x00, 0x00, 0x00, 0x00, 0x00, 0x00, 0x00, 0x00, 0x00, 0x00,
    0x00, 0x00, 0x00, 0x00, 0x00, 0x00, 0x00, 0x00, 0x00, 0x00, 0x00, 0x00,
    0x00, 0x00, 0x00, 0x00, 0x00, 0x00, 0x00, 0x00, 0x00, 0x00, 0x00, 0x00,
    0x00, 0x00, 0x00, 0x00, 0x00, 0x00, 0x00, 0x00, 0x00, 0x00, 0x00, 0x00,
    0x00, 0x00, 0x00, 0x00, 0x00, 0x00, 0x00, 0x00, 0x00, 0x00, 0x00, 0x00,
    0x00, 0x00, 0x00, 0x00, 0x00, 0x00, 0x00, 0x00, 0x00, 0x00, 0x00, 0x00,
    0x00, 0x00, 0x00, 0x00, 0x00, 0x00, 0x00, 0x00, 0x00, 0x00, 0x00, 0x00,
    0x00, 0x00, 0x00, 0x00, 0x00, 0x00, 0x00, 0x00, 0x00, 0x00, 0x00, 0x00,
    0x00, 0x00, 0x00, 0x00, 0x00, 0x00, 0x00, 0x00, 0x00, 0x00, 0x00, 0x00,
    0x00, 0x00, 0x00, 0x00, 0x00, 0x00, 0x00, 0x00, 0x00, 0x00, 0x00, 0x00,
    0x00, 0x00, 0x00, 0x00, 0x00, 0x00, 0x00, 0x00, 0x00, 0x00, 0x00, 0x00,
    0x00, 0x00, 0x00, 0x00, 0x00, 0x00, 0x00, 0x00, 0x00, 0x00, 0x00, 0x00,
    0x00, 0x00, 0x00, 0x00, 0x00, 0x00, 0x00, 0x00, 0x00, 0x00, 0x00, 0x00,
    0x00, 0x00, 0x00, 0x00, 0x00, 0x00, 0x00, 0x00, 0x00, 0x00, 0x00, 0x00,
    0x00, 0x00, 0x00, 0x00, 0x00, 0x00, 0x00, 0x00, 0x00, 0x00, 0x00, 0x00,
    0x00, 0x00, 0x00, 0x00, 0x00, 0x00, 0x00, 0x00, 0x00, 0x00, 0x00, 0x00,
    0x00, 0x00, 0x00, 0x00, 0x00, 0x00, 0x00, 0x00, 0x00, 0x00, 0x00, 0x00,
    0x00, 0x00, 0x00, 0x00, 0x00, 0x00, 0x00, 0x00, 0x00, 0x00, 0x00, 0x00,
    0x00, 0x00, 0x00, 0x00, 0x00, 0x00, 0x00, 0x00, 0x00, 0x00, 0x00, 0x00,
    0x00, 0x00, 0x00, 0x00, 0x00, 0x00, 0x00, 0x00, 0x00, 0x00, 0x00, 0x00,
    0x00, 0x00, 0x00, 0x00, 0x00, 0x00, 0x00, 0x00, 0x00, 0x00, 0x00, 0x00,
    0x00, 0x00, 0x00, 0x00, 0x00, 0x00, 0x00, 0x00, 0x00, 0x00, 0x00, 0x00,
    0x00, 0x00, 0x00, 0x00, 0x00, 0x00, 0x00, 0x00, 0x00, 0x00, 0x00, 0x00,
    0x00, 0x00, 0x00, 0x00, 0x00, 0x00, 0x00, 0x00, 0x00, 0x00, 0x00, 0x00,
    0x00, 0x00, 0x00, 0x00, 0x00, 0x00, 0x00, 0x00, 0x00, 0x00, 0x00, 0x00,
    0x00, 0x00, 0x00, 0x00, 0x00, 0x00, 0x00, 0x00, 0x00, 0x00, 0x00, 0x00,
    0x89, 0xD8, 0xF8, 0x52, 0x8F, 0xDA, 0xF8, 0xB5, 0x8F, 0xDA, 0xF8, 0xE1,
    0x87, 0xD7, 0xF8, 0xFF, 0x87, 0xD7, 0xF8, 0xFF, 0x87, 0xD7, 0xF8, 0xFF,
    0x87, 0xD7, 0xF8, 0xFF, 0x87, 0xD7, 0xF8, 0xFF, 0x87, 0xD7, 0xF8, 0xFF,
    0x87, 0xD7, 0xF8, 0xFF, 0x87, 0xD7, 0xF8, 0xFF, 0x87, 0xD7, 0xF8, 0xFF,
    0x87, 0xD7, 0xF8, 0xFF, 0x87, 0xD7, 0xF8, 0xFF, 0x87, 0xD7, 0xF8, 0xFF,
    0x87, 0xD7, 0xF8, 0xFF, 0x87, 0xD7, 0xF8, 0xFF, 0x87, 0xD7, 0xF8, 0xFF,
    0x87, 0xD7, 0xF8, 0xFF, 0x87, 0xD7, 0xF8, 0xFF, 0x87, 0xD7, 0xF8, 0xFF,
    0x87, 0xD7, 0xF8, 0xFF, 0x87, 0xD7, 0xF8, 0xFF, 0x87, 0xD7, 0xF8, 0xFF,
    0x87, 0xD7, 0xF8, 0xFF, 0x87, 0xD7, 0xF8, 0xFF, 0x87, 0xD7, 0xF8, 0xFF,
    0x8F, 0xDA, 0xF8, 0xE1, 0x8F, 0xDA, 0xF8, 0xB5, 0x89, 0xD8, 0xF8, 0x52,
    0x00, 0x00, 0x00, 0x00, 0x00, 0x00, 0x00, 0x00, 0x00, 0x00, 0x00, 0x00,
    0x00, 0x00, 0x00, 0x00, 0x00, 0x00, 0x00, 0x00, 0x00, 0x00, 0x00, 0x00,
    0x00, 0x00, 0x00, 0x00, 0x00, 0x00, 0x00, 0x00, 0x00, 0x00, 0x00, 0x00,
    0x00, 0x00, 0x00, 0x00, 0x00, 0x00, 0x00, 0x00, 0x00, 0x00, 0x00, 0x00,
    0x00, 0x00, 0x00, 0x00, 0x00, 0x00, 0x00, 0x00, 0x00, 0x00, 0x00, 0x00,
    0x00, 0x00, 0x00, 0x00, 0x85, 0xD5, 0xF7, 0x33, 0x8C, 0xD8, 0xF7, 0xD3,
    0x79, 0xD1, 0xF6, 0xFF, 0x5E, 0xC8, 0xF4, 0xFF, 0x54, 0xC5, 0xF4, 0xFF,
    0x54, 0xC5, 0xF4, 0xFF, 0x54, 0xC5, 0xF4, 0xFF, 0x54, 0xC5, 0xF4, 0xFF,
    0x54, 0xC5, 0xF4, 0xFF, 0x54, 0xC5, 0xF4, 0xFF, 0x54, 0xC5, 0xF4, 0xFF,
    0x54, 0xC5, 0xF4, 0xFF, 0x54, 0xC5, 0xF4, 0xFF, 0x54, 0xC5, 0xF4, 0xFF,
    0x54, 0xC5, 0xF4, 0xFF, 0x54, 0xC5, 0xF4, 0xFF, 0x54, 0xC5, 0xF4, 0xFF,
    0x54, 0xC5, 0xF4, 0xFF, 0x54, 0xC5, 0xF4, 0xFF, 0x54, 0xC5, 0xF4, 0xFF,
    0x54, 0xC5, 0xF4, 0xFF, 0x54, 0xC5, 0xF4, 0xFF, 0x54, 0xC5, 0xF4, 0xFF,
    0x54, 0xC5, 0xF4, 0xFF, 0x54, 0xC5, 0xF4, 0xFF, 0x54, 0xC5, 0xF4, 0xFF,
    0x54, 0xC5, 0xF4, 0xFF, 0x54, 0xC5, 0xF4, 0xFF, 0x54, 0xC5, 0xF4, 0xFF,
    0x54, 0xC5, 0xF4, 0xFF, 0x5E, 0xC8, 0xF4, 0xFF, 0x79, 0xD1, 0xF6, 0xFF,
    0x8C, 0xD8, 0xF7, 0xD3, 0x85, 0xD5, 0xF7, 0x33, 0x00, 0x00, 0x00, 0x00,
    0x00, 0x00, 0x00, 0x00, 0x00, 0x00, 0x00, 0x00, 0x00, 0x00, 0x00, 0x00,
    0x00, 0x00, 0x00, 0x00, 0x00, 0x00, 0x00, 0x00, 0x00, 0x00, 0x00, 0x00,
    0x00, 0x00, 0x00, 0x00, 0x00, 0x00, 0x00, 0x00, 0x00, 0x00, 0x00, 0x00,
    0x00, 0x00, 0x00, 0x00, 0x00, 0x00, 0x00, 0x00, 0x00, 0x00, 0x00, 0x00,
    0x82, 0xD2, 0xF5, 0x56, 0x83, 0xD3, 0xF6, 0xF6, 0x5B, 0xC6, 0xF3, 0xFF,
    0x52, 0xC3, 0xF3, 0xFF, 0x52, 0xC3, 0xF3, 0xFF, 0x52, 0xC3, 0xF3, 0xFF,
    0x52, 0xC3, 0xF3, 0xFF, 0x52, 0xC3, 0xF3, 0xFF, 0x52, 0xC3, 0xF3, 0xFF,
    0x52, 0xC3, 0xF3, 0xFF, 0x52, 0xC3, 0xF3, 0xFF, 0x52, 0xC3, 0xF3, 0xFF,
    0x52, 0xC3, 0xF3, 0xFF, 0x52, 0xC3, 0xF3, 0xFF, 0x52, 0xC3, 0xF3, 0xFF,
    0x52, 0xC3, 0xF3, 0xFF, 0x52, 0xC3, 0xF3, 0xFF, 0x52, 0xC3, 0xF3, 0xFF,
    0x52, 0xC3, 0xF3, 0xFF, 0x52, 0xC3, 0xF3, 0xFF, 0x52, 0xC3, 0xF3, 0xFF,
    0x52, 0xC3, 0xF3, 0xFF, 0x52, 0xC3, 0xF3, 0xFF, 0x52, 0xC3, 0xF3, 0xFF,
    0x52, 0xC3, 0xF3, 0xFF, 0x52, 0xC3, 0xF3, 0xFF, 0x52, 0xC3, 0xF3, 0xFF,
    0x52, 0xC3, 0xF3, 0xFF, 0x52, 0xC3, 0xF3, 0xFF, 0x52, 0xC3, 0xF3, 0xFF,
    0x52, 0xC3, 0xF3, 0xFF, 0x52, 0xC3, 0xF3, 0xFF, 0x52, 0xC3, 0xF3, 0xFF,
    0x5B, 0xC6, 0xF3, 0xFF, 0x83, 0xD3, 0xF6, 0xF6, 0x82, 0xD2, 0xF5, 0x56,
    0x00, 0x00, 0x00, 0x00, 0x00, 0x00, 0x00, 0x00, 0x00, 0x00, 0x00, 0x00,
    0x00, 0x00, 0x00, 0x00, 0x00, 0x00, 0x00, 0x00, 0x00, 0x00, 0x00, 0x00,
    0x00, 0x00, 0x00, 0x00, 0x00, 0x00, 0x00, 0x00, 0x00, 0x00, 0x00, 0x00,
    0x00, 0x00, 0x00, 0x00, 0x00, 0x00, 0x00, 0x00, 0x7B, 0xCA, 0xEC, 0x42,
    0x7F, 0xD0, 0xF5, 0xF8, 0x54, 0xC1, 0xF2, 0xFF, 0x51, 0xC0, 0xF2, 0xFF,
    0x51, 0xC0, 0xF2, 0xFF, 0x51, 0xC0, 0xF2, 0xFF, 0x51, 0xC0, 0xF2, 0xFF,
    0x51, 0xC0, 0xF2, 0xFF, 0x51, 0xC0, 0xF2, 0xFF, 0x51, 0xC0, 0xF2, 0xFF,
    0x51, 0xC0, 0xF2, 0xFF, 0x51, 0xC0, 0xF2, 0xFF, 0x51, 0xC0, 0xF2, 0xFF,
    0x51, 0xC0, 0xF2, 0xFF, 0x51, 0xC0, 0xF2, 0xFF, 0x51, 0xC0, 0xF2, 0xFF,
    0x51, 0xC0, 0xF2, 0xFF, 0x51, 0xC0, 0xF2, 0xFF, 0x51, 0xC0, 0xF2, 0xFF,
    0x51, 0xC0, 0xF2, 0xFF, 0x51, 0xC0, 0xF2, 0xFF, 0x51, 0xC0, 0xF2, 0xFF,
    0x51, 0xC0, 0xF2, 0xFF, 0x51, 0xC0, 0xF2, 0xFF, 0x51, 0xC0, 0xF2, 0xFF,
    0x51, 0xC0, 0xF2, 0xFF, 0x51, 0xC0, 0xF2, 0xFF, 0x51, 0xC0, 0xF2, 0xFF,
    0x51, 0xC0, 0xF2, 0xFF, 0x51, 0xC0, 0xF2, 0xFF, 0x51, 0xC0, 0xF2, 0xFF,
    0x51, 0xC0, 0xF2, 0xFF, 0x51, 0xC0, 0xF2, 0xFF, 0x51, 0xC0, 0xF2, 0xFF,
    0x51, 0xC0, 0xF2, 0xFF, 0x54, 0xC1, 0xF2, 0xFF, 0x7F, 0xD0, 0xF5, 0xF8,
    0x7B, 0xCA, 0xEC, 0x42, 0x00, 0x00, 0x00, 0x00, 0x00, 0x00, 0x00, 0x00,
    0x00, 0x00, 0x00, 0x00, 0x00, 0x00, 0x00, 0x00, 0x00, 0x00, 0x00, 0x00,
    0x00, 0x00, 0x00, 0x00, 0x00, 0x00, 0x00, 0x00, 0x00, 0x00, 0x00, 0x00,
    0x00, 0x00, 0x00, 0x00, 0x51, 0x89, 0xA2, 0x0B, 0x80, 0xCE, 0xF2, 0xE3,
    0x55, 0xC0, 0xF1, 0xFF, 0x4F, 0xBE, 0xF1, 0xFF, 0x4F, 0xBE, 0xF1, 0xFF,
    0x4F, 0xBE, 0xF1, 0xFF, 0x4F, 0xBE, 0xF1, 0xFF, 0x4F, 0xBE, 0xF1, 0xFF,
    0x4F, 0xBE, 0xF1, 0xFF, 0x4F, 0xBE, 0xF1, 0xFF, 0x4F, 0xBE, 0xF1, 0xFF,
    0x4F, 0xBE, 0xF1, 0xFF, 0x4F, 0xBE, 0xF1, 0xFF, 0x4F, 0xBE, 0xF1, 0xFF,
    0x4F, 0xBE, 0xF1, 0xFF, 0x4F, 0xBE, 0xF1, 0xFF, 0x4F, 0xBE, 0xF1, 0xFF,
    0x4F, 0xBE, 0xF1, 0xFF, 0x4F, 0xBE, 0xF1, 0xFF, 0x4F, 0xBE, 0xF1, 0xFF,
    0x4F, 0xBE, 0xF1, 0xFF, 0x4F, 0xBE, 0xF1, 0xFF, 0x4F, 0xBE, 0xF1, 0xFF,
    0x4F, 0xBE, 0xF1, 0xFF, 0x4F, 0xBE, 0xF1, 0xFF, 0x4F, 0xBE, 0xF1, 0xFF,
    0x4F, 0xBE, 0xF1, 0xFF, 0x4F, 0xBE, 0xF1, 0xFF, 0x4F, 0xBE, 0xF1, 0xFF,
    0x4F, 0xBE, 0xF1, 0xFF, 0x4F, 0xBE, 0xF1, 0xFF, 0x4F, 0xBE, 0xF1, 0xFF,
    0x4F, 0xBE, 0xF1, 0xFF, 0x4F, 0xBE, 0xF1, 0xFF, 0x4F, 0xBE, 0xF1, 0xFF,
    0x4F, 0xBE, 0xF1, 0xFF, 0x4F, 0xBE, 0xF1, 0xFF, 0x55, 0xC0, 0xF1, 0xFF,
    0x80, 0xCE, 0xF2, 0xE3, 0x51, 0x89, 0xA2, 0x0B, 0x00, 0x00, 0x00, 0x00,
    0x00, 0x00, 0x00, 0x00, 0x00, 0x00, 0x00, 0x00, 0x00, 0x00, 0x00, 0x00,
    0x00, 0x00, 0x00, 0x00, 0x00, 0x00, 0x00, 0x00, 0x00, 0x00, 0x00, 0x00,
    0x00, 0x00, 0x00, 0x02, 0x71, 0xBB, 0xDE, 0x83, 0x66, 0xC5, 0xF2, 0xFF,
    0x4E, 0xBC, 0xF0, 0xFF, 0x4E, 0xBC, 0xF0, 0xFF, 0x4E, 0xBC, 0xF0, 0xFF,
    0x4E, 0xBC, 0xF0, 0xFF, 0x4E, 0xBC, 0xF0, 0xFF, 0x4E, 0xBC, 0xF0, 0xFF,
    0x4E, 0xBC, 0xF0, 0xFF, 0x4E, 0xBC, 0xF0, 0xFF, 0x4E, 0xBC, 0xF0, 0xFF,
    0x4E, 0xBC, 0xF0, 0xFF, 0x4E, 0xBC, 0xF0, 0xFF, 0x4E, 0xBC, 0xF0, 0xFF,
    0x4E, 0xBC, 0xF0, 0xFF, 0x4E, 0xBC, 0xF0, 0xFF, 0x4E, 0xBC, 0xF0, 0xFF,
    0x4E, 0xBC, 0xF0, 0xFF, 0x4E, 0xBC, 0xF0, 0xFF, 0x4E, 0xBC, 0xF0, 0xFF,
    0x4E, 0xBC, 0xF0, 0xFF, 0x4E, 0xBC, 0xF0, 0xFF, 0x4E, 0xBC, 0xF0, 0xFF,
    0x4E, 0xBC, 0xF0, 0xFF, 0x4E, 0xBC, 0xF0, 0xFF, 0x4E, 0xBC, 0xF0, 0xFF,
    0x4E, 0xBC, 0xF0, 0xFF, 0x4E, 0xBC, 0xF0, 0xFF, 0x4E, 0xBC, 0xF0, 0xFF,
    0x4E, 0xBC, 0xF0, 0xFF, 0x4E, 0xBC, 0xF0, 0xFF, 0x4E, 0xBC, 0xF0, 0xFF,
    0x4E, 0xBC, 0xF0, 0xFF, 0x4E, 0xBC, 0xF0, 0xFF, 0x4E, 0xBC, 0xF0, 0xFF,
    0x4E, 0xBC, 0xF0, 0xFF, 0x4E, 0xBC, 0xF0, 0xFF, 0x4E, 0xBC, 0xF0, 0xFF,
    0x66, 0xC5, 0xF2, 0xFF, 0x71, 0xBB, 0xDE, 0x83, 0x00, 0x00, 0x00, 0x02,
    0x00, 0x00, 0x00, 0x00, 0x00, 0x00, 0x00, 0x00, 0x00, 0x00, 0x00, 0x00,
    0x00, 0x00, 0x00, 0x00, 0x00, 0x00, 0x00, 0x00, 0x00, 0x00, 0x00, 0x00,
    0x00, 0x00, 0x00, 0x0E, 0x78, 0xC6, 0xEC, 0xD9, 0x4F, 0xBB, 0xEF, 0xFF,
    0x4C, 0xBA, 0xEF, 0xFF, 0x4C, 0xBA, 0xEF, 0xFF, 0x4C, 0xBA, 0xEF, 0xFF,
    0x4C, 0xBA, 0xEF, 0xFF, 0x4C, 0xBA, 0xEF, 0xFF, 0x4C, 0xBA, 0xEF, 0xFF,
    0x4C, 0xBA, 0xEF, 0xFF, 0x4C, 0xBA, 0xEF, 0xFF, 0x4C, 0xBA, 0xEF, 0xFF,
    0x4C, 0xBA, 0xEF, 0xFF, 0x4C, 0xBA, 0xEF, 0xFF, 0x4C, 0xBA, 0xEF, 0xFF,
    0x4C, 0xBA, 0xEF, 0xFF, 0x4C, 0xBA, 0xEF, 0xFF, 0x4C, 0xBA, 0xEF, 0xFF,
    0x4C, 0xBA, 0xEF, 0xFF, 0x4C, 0xBA, 0xEF, 0xFF, 0x4C, 0xBA, 0xEF, 0xFF,
    0x4C, 0xBA, 0xEF, 0xFF, 0x4C, 0xBA, 0xEF, 0xFF, 0x4C, 0xBA, 0xEF, 0xFF,
    0x4C, 0xBA, 0xEF, 0xFF, 0x4C, 0xBA, 0xEF, 0xFF, 0x4C, 0xBA, 0xEF, 0xFF,
    0x4C, 0xBA, 0xEF, 0xFF, 0x4C, 0xBA, 0xEF, 0xFF, 0x4C, 0xBA, 0xEF, 0xFF,
    0x4C, 0xBA, 0xEF, 0xFF, 0x4C, 0xBA, 0xEF, 0xFF, 0x4C, 0xBA, 0xEF, 0xFF,
    0x4C, 0xBA, 0xEF, 0xFF, 0x4C, 0xBA, 0xEF, 0xFF, 0x4C, 0xBA, 0xEF, 0xFF,
    0x4C, 0xBA, 0xEF, 0xFF, 0x4C, 0xBA, 0xEF, 0xFF, 0x4C, 0xBA, 0xEF, 0xFF,
    0x4F, 0xBB, 0xEF, 0xFF, 0x78, 0xC6, 0xEC, 0xD9, 0x00, 0x00, 0x00, 0x0E,
    0x00, 0x00, 0x00, 0x00, 0x00, 0x00, 0x00, 0x00, 0x00, 0x00, 0x00, 0x00,
    0x00, 0x00, 0x00, 0x00, 0x00, 0x00, 0x00, 0x00, 0x00, 0x00, 0x00, 0x04,
    0x2C, 0x4D, 0x5E, 0x28, 0x6F, 0xC5, 0xF1, 0xFE, 0x4B, 0xB8, 0xEE, 0xFF,
    0x4B, 0xB8, 0xEE, 0xFF, 0x4B, 0xB8, 0xEE, 0xFF, 0x4B, 0xB8, 0xEE, 0xFF,
    0x4B, 0xB8, 0xEE, 0xFF, 0x4B, 0xB8, 0xEE, 0xFF, 0x4B, 0xB8, 0xEE, 0xFF,
    0x4B, 0xB8, 0xEE, 0xFF, 0x4B, 0xB8, 0xEE, 0xFF, 0x4B, 0xB8, 0xEE, 0xFF,
    0x4B, 0xB8, 0xEE, 0xFF, 0x4B, 0xB8, 0xEE, 0xFF, 0x4B, 0xB8, 0xEE, 0xFF,
    0x4B, 0xB8, 0xEE, 0xFF, 0x4B, 0xB8, 0xEE, 0xFF, 0x4B, 0xB8, 0xEE, 0xFF,
    0x4B, 0xB8, 0xEE, 0xFF, 0x4B, 0xB8, 0xEE, 0xFF, 0x4B, 0xB8, 0xEE, 0xFF,
    0x4B, 0xB8, 0xEE, 0xFF, 0x4B, 0xB8, 0xEE, 0xFF, 0x4B, 0xB8, 0xEE, 0xFF,
    0x4B, 0xB8, 0xEE, 0xFF, 0x4B, 0xB8, 0xEE, 0xFF, 0x4B, 0xB8, 0xEE, 0xFF,
    0x4B, 0xB8, 0xEE, 0xFF, 0x4B, 0xB8, 0xEE, 0xFF, 0x4B, 0xB8, 0xEE, 0xFF,
    0x4B, 0xB8, 0xEE, 0xFF, 0x4B, 0xB8, 0xEE, 0xFF, 0x4B, 0xB8, 0xEE, 0xFF,
    0x4B, 0xB8, 0xEE, 0xFF, 0x4B, 0xB8, 0xEE, 0xFF, 0x4B, 0xB8, 0xEE, 0xFF,
    0x4B, 0xB8, 0xEE, 0xFF, 0x4B, 0xB8, 0xEE, 0xFF, 0x4B, 0xB8, 0xEE, 0xFF,
    0x4B, 0xB8, 0xEE, 0xFF, 0x6F, 0xC5, 0xF1, 0xFE, 0x2C, 0x4D, 0x5E, 0x28,
    0x00, 0x00, 0x00, 0x04, 0x00, 0x00, 0x00, 0x00, 0x00, 0x00, 0x00, 0x00,
    0x00, 0x00, 0x00, 0x00, 0x00, 0x00, 0x00, 0x00, 0x00, 0x00, 0x00, 0x0C,
    0x4E, 0x89, 0xA7, 0x55, 0x64, 0xC0, 0xF0, 0xFF, 0x49, 0xB5, 0xED, 0xFF,
    0x49, 0xB5, 0xED, 0xFF, 0x49, 0xB5, 0xED, 0xFF, 0x49, 0xB5, 0xED, 0xFF,
    0x49, 0xB5, 0xED, 0xFF, 0x49, 0xB5, 0xED, 0xFF, 0x49, 0xB5, 0xED, 0xFF,
    0x49, 0xB5, 0xED, 0xFF, 0x49, 0xB5, 0xED, 0xFF, 0x49, 0xB5, 0xED, 0xFF,
    0x49, 0xB5, 0xED, 0xFF, 0x49, 0xB5, 0xED, 0xFF, 0x49, 0xB5, 0xED, 0xFF,
    0x49, 0xB5, 0xED, 0xFF, 0x49, 0xB5, 0xED, 0xFF, 0x49, 0xB5, 0xED, 0xFF,
    0x49, 0xB5, 0xED, 0xFF, 0x49, 0xB5, 0xED, 0xFF, 0x49, 0xB5, 0xED, 0xFF,
    0x49, 0xB5, 0xED, 0xFF, 0x49, 0xB5, 0xED, 0xFF, 0x49, 0xB5, 0xED, 0xFF,
    0x49, 0xB5, 0xED, 0xFF, 0x49, 0xB5, 0xED, 0xFF, 0x49, 0xB5, 0xED, 0xFF,
    0x49, 0xB5, 0xED, 0xFF, 0x49, 0xB5, 0xED, 0xFF, 0x49, 0xB5, 0xED, 0xFF,
    0x49, 0xB5, 0xED, 0xFF, 0x49, 0xB5, 0xED, 0xFF, 0x49, 0xB5, 0xED, 0xFF,
    0x49, 0xB5, 0xED, 0xFF, 0x49, 0xB5, 0xED, 0xFF, 0x49, 0xB5, 0xED, 0xFF,
    0x49, 0xB5, 0xED, 0xFF, 0x49, 0xB5, 0xED, 0xFF, 0x49, 0xB5, 0xED, 0xFF,
    0x49, 0xB5, 0xED, 0xFF, 0x64, 0xC0, 0xF0, 0xFF, 0x4E, 0x89, 0xA7, 0x55,
    0x00, 0x00, 0x00, 0x0C, 0x00, 0x00, 0x00, 0x00, 0x00, 0x00, 0x00, 0x00,
    0x00, 0x00, 0x00, 0x00, 0x00, 0x00, 0x00, 0x01, 0x00, 0x00, 0x00, 0x14,
    0x50, 0x8E, 0xAF, 0x66, 0x5E, 0xBC, 0xEF, 0xFF, 0x48, 0xB3, 0xEC, 0xFF,
    0x48, 0xB3, 0xEC, 0xFF, 0x48, 0xB3, 0xEC, 0xFF, 0x48, 0xB3, 0xEC, 0xFF,
    0x48, 0xB3, 0xEC, 0xFF, 0x48, 0xB3, 0xEC, 0xFF, 0x48, 0xB3, 0xEC, 0xFF,
    0x48, 0xB3, 0xEC, 0xFF, 0x48, 0xB3, 0xEC, 0xFF, 0x48, 0xB3, 0xEC, 0xFF,
    0x48, 0xB3, 0xEC, 0xFF, 0x48, 0xB3, 0xEC, 0xFF, 0x48, 0xB3, 0xEC, 0xFF,
    0x48, 0xB3, 0xEC, 0xFF, 0x62, 0xBF, 0xEF, 0xFF, 0xAA, 0xDF, 0xF8, 0xFF,
    0xD7, 0xF1, 0xFC, 0xFF, 0xF1, 0xFA, 0xFE, 0xFF, 0xF8, 0xFD, 0xFF, 0xFF,
    0xF8, 0xFD, 0xFF, 0xFF, 0xF1, 0xFA, 0xFE, 0xFF, 0xD7, 0xF1, 0xFC, 0xFF,
    0xAA, 0xDF, 0xF8, 0xFF, 0x62, 0xBF, 0xEF, 0xFF, 0x48, 0xB3, 0xEC, 0xFF,
    0x48, 0xB3, 0xEC, 0xFF, 0x48, 0xB3, 0xEC, 0xFF, 0x48, 0xB3, 0xEC, 0xFF,
    0x48, 0xB3, 0xEC, 0xFF, 0x48, 0xB3, 0xEC, 0xFF, 0x48, 0xB3, 0xEC, 0xFF,
    0x48, 0xB3, 0xEC, 0xFF, 0x48, 0xB3, 0xEC, 0xFF, 0x48, 0xB3, 0xEC, 0xFF,
    0x48, 0xB3, 0xEC, 0xFF, 0x48, 0xB3, 0xEC, 0xFF, 0x48, 0xB3, 0xEC, 0xFF,
    0x48, 0xB3, 0xEC, 0xFF, 0x5E, 0xBC, 0xEF, 0xFF, 0x50, 0x8E, 0xAF, 0x66,
    0x00, 0x00, 0x00, 0x14, 0x00, 0x00, 0x00, 0x01, 0x00, 0x00, 0x00, 0x00,
    0x00, 0x00, 0x00, 0x00, 0x00, 0x00, 0x00, 0x04, 0x00, 0x00, 0x00, 0x16,
    0x4C, 0x8A, 0xAB, 0x68, 0x5B, 0xBA, 0xEE, 0xFF, 0x46, 0xB1, 0xEB, 0xFF,
    0x46, 0xB1, 0xEB, 0xFF, 0x46, 0xB1, 0xEB, 0xFF, 0x46, 0xB1, 0xEB, 0xFF,
    0x46, 0xB1, 0xEB, 0xFF, 0x46, 0xB1, 0xEB, 0xFF, 0x46, 0xB1, 0xEB, 0xFF,
    0x46, 0xB1, 0xEB, 0xFF, 0x46, 0xB1, 0xEB, 0xFF, 0x46, 0xB1, 0xEB, 0xFF,
    0x46, 0xB1, 0xEB, 0xFF, 0x46, 0xB1, 0xEB, 0xFF, 0x60, 0xBD, 0xEF, 0xFF,
    0xCA, 0xEB, 0xFB, 0xFF, 0xF7, 0xFD, 0xFF, 0xFF, 0xED, 0xF9, 0xFE, 0xFF,
    0xE9, 0xF8, 0xFE, 0xFF, 0xEF, 0xFA, 0xFE, 0xFF, 0xBC, 0xEA, 0xFB, 0xFF,
    0xBC, 0xEA, 0xFB, 0xFF, 0xEF, 0xFA, 0xFE, 0xFF, 0xE9, 0xF8, 0xFE, 0xFF,
    0xED, 0xF9, 0xFE, 0xFF, 0xF7, 0xFD, 0xFF, 0xFF, 0xCA, 0xEB, 0xFB, 0xFF,
    0x60, 0xBD, 0xEF, 0xFF, 0x46, 0xB1, 0xEB, 0xFF, 0x46, 0xB1, 0xEB, 0xFF,
    0x46, 0xB1, 0xEB, 0xFF, 0x46, 0xB1, 0xEB, 0xFF, 0x46, 0xB1, 0xEB, 0xFF,
    0x46, 0xB1, 0xEB, 0xFF, 0x46, 0xB1, 0xEB, 0xFF, 0x46, 0xB1, 0xEB, 0xFF,
    0x46, 0xB1, 0xEB, 0xFF, 0x46, 0xB1, 0xEB, 0xFF, 0x46, 0xB1, 0xEB, 0xFF,
    0x46, 0xB1, 0xEB, 0xFF, 0x5B, 0xBA, 0xEE, 0xFF, 0x4C, 0x8A, 0xAB, 0x68,
    0x00, 0x00, 0x00, 0x16, 0x00, 0x00, 0x00, 0x04, 0x00, 0x00, 0x00, 0x00,
    0x00, 0x00, 0x00, 0x00, 0x00, 0x00, 0x00, 0x06, 0x00, 0x00, 0x00, 0x18,
    0x49, 0x86, 0xA9, 0x68, 0x59, 0xB7, 0xED, 0xFF, 0x45, 0xAF, 0xEA, 0xFF,
    0x45, 0xAF, 0xEA, 0xFF, 0x45, 0xAF, 0xEA, 0xFF, 0x45, 0xAF, 0xEA, 0xFF,
    0x45, 0xAF, 0xEA, 0xFF, 0x45, 0xAF, 0xEA, 0xFF, 0x45, 0xAF, 0xEA, 0xFF,
    0x45, 0xAF, 0xEA, 0xFF, 0x45, 0xAF, 0xEA, 0xFF, 0x45, 0xAF, 0xEA, 0xFF,
    0x45, 0xAF, 0xEA, 0xFF, 0x93, 0xD2, 0xF4, 0xFF, 0xF2, 0xFA, 0xFE, 0xFF,
    0xE6, 0xF6, 0xFD, 0xFF, 0xB7, 0xE7, 0xFA, 0xFF, 0x9F, 0xDF, 0xF9, 0xFF,
    0xED, 0xF9, 0xFE, 0xFF, 0xB1, 0xE5, 0xFA, 0xFF, 0x9C, 0xDE, 0xF9, 0xFF,
    0x9C, 0xDE, 0xF9, 0xFF, 0xB1, 0xE5, 0xFA, 0xFF, 0xED, 0xF9, 0xFE, 0xFF,
    0x9F, 0xDF, 0xF9, 0xFF, 0xB7, 0xE7, 0xFA, 0xFF, 0xE6, 0xF6, 0xFD, 0xFF,
    0xF2, 0xFA, 0xFE, 0xFF, 0x93, 0xD2, 0xF4, 0xFF, 0x45, 0xAF, 0xEA, 0xFF,
    0x45, 0xAF, 0xEA, 0xFF, 0x45, 0xAF, 0xEA, 0xFF, 0x45, 0xAF, 0xEA, 0xFF,
    0x45, 0xAF, 0xEA, 0xFF, 0x45, 0xAF, 0xEA, 0xFF, 0x45, 0xAF, 0xEA, 0xFF,
    0x45, 0xAF, 0xEA, 0xFF, 0x45, 0xAF, 0xEA, 0xFF, 0x45, 0xAF, 0xEA, 0xFF,
    0x45, 0xAF, 0xEA, 0xFF, 0x59, 0xB7, 0xED, 0xFF, 0x49, 0x86, 0xA9, 0x68,
    0x00, 0x00, 0x00, 0x18, 0x00, 0x00, 0x00, 0x06, 0x00, 0x00, 0x00, 0x00,
    0x00, 0x00, 0x00, 0x00, 0x00, 0x00, 0x00, 0x07, 0x00, 0x00, 0x00, 0x18,
    0x46, 0x84, 0xA7, 0x68, 0x56, 0xB5, 0xEC, 0xFF, 0x43, 0xAD, 0xEA, 0xFF,
    0x43, 0xAD, 0xEA, 0xFF, 0x43, 0xAD, 0xEA, 0xFF, 0x43, 0xAD, 0xEA, 0xFF,
    0x43, 0xAD, 0xEA, 0xFF, 0x43, 0xAD, 0xEA, 0xFF, 0x43, 0xAD, 0xEA, 0xFF,
    0x43, 0xAD, 0xEA, 0xFF, 0x43, 0xAD, 0xEA, 0xFF, 0x43, 0xAD, 0xEA, 0xFF,
    0xA3, 0xD9, 0xF6, 0xFF, 0xF7, 0xFC, 0xFE, 0xFF, 0xC8, 0xEB, 0xFB, 0xFF,
    0x98, 0xDA, 0xF8, 0xFF, 0x98, 0xDA, 0xF8, 0xFF, 0xBB, 0xE7, 0xFA, 0xFF,
    0xDD, 0xF3, 0xFD, 0xFF, 0x98, 0xDA, 0xF8, 0xFF, 0x98, 0xDA, 0xF8, 0xFF,
    0x98, 0xDA, 0xF8, 0xFF, 0x98, 0xDA, 0xF8, 0xFF, 0xDD, 0xF3, 0xFD, 0xFF,
    0xBB, 0xE7, 0xFA, 0xFF, 0x98, 0xDA, 0xF8, 0xFF, 0x98, 0xDA, 0xF8, 0xFF,
    0xC8, 0xEB, 0xFB, 0xFF, 0xF7, 0xFC, 0xFE, 0xFF, 0xA3, 0xD9, 0xF6, 0xFF,
    0x43, 0xAD, 0xEA, 0xFF, 0x43, 0xAD, 0xEA, 0xFF, 0x43, 0xAD, 0xEA, 0xFF,
    0x43, 0xAD, 0xEA, 0xFF, 0x43, 0xAD, 0xEA, 0xFF, 0x43, 0xAD, 0xEA, 0xFF,
    0x43, 0xAD, 0xEA, 0xFF, 0x43, 0xAD, 0xEA, 0xFF, 0x43, 0xAD, 0xEA, 0xFF,
    0x43, 0xAD, 0xEA, 0xFF, 0x56, 0xB5, 0xEC, 0xFF, 0x46, 0x84, 0xA7, 0x68,
    0x00, 0x00, 0x00, 0x18, 0x00, 0x00, 0x00, 0x07, 0x00, 0x00, 0x00, 0x00,
    0x00, 0x00, 0x00, 0x00, 0x00, 0x00, 0x00, 0x07, 0x00, 0x00, 0x00, 0x18,
    0x43, 0x81, 0xA6, 0x67, 0x53, 0xB2, 0xEB, 0xFF, 0x42, 0xAA, 0xE9, 0xFF,
    0x42, 0xAA, 0xE9, 0xFF, 0x42, 0xAA, 0xE9, 0xFF, 0x42, 0xAA, 0xE9, 0xFF,
    0x42, 0xAA, 0xE9, 0xFF, 0x42, 0xAA, 0xE9, 0xFF, 0x42, 0xAA, 0xE9, 0xFF,
    0x42, 0xAA, 0xE9, 0xFF, 0x42, 0xAA, 0xE9, 0xFF, 0x8F, 0xCF, 0xF3, 0xFF,
    0xF6, 0xFC, 0xFE, 0xFF, 0xB9, 0xE5, 0xFA, 0xFF, 0x94, 0xD7, 0xF7, 0xFF,
    0x94, 0xD7, 0xF7, 0xFF, 0x94, 0xD7, 0xF7, 0xFF, 0xDC, 0xF2, 0xFC, 0xFF,
    0xB7, 0xE4, 0xF9, 0xFF, 0x94, 0xD7, 0xF7, 0xFF, 0x94, 0xD7, 0xF7, 0xFF,
    0x94, 0xD7, 0xF7, 0xFF, 0x94, 0xD7, 0xF7, 0xFF, 0xB7, 0xE4, 0xF9, 0xFF,
    0xDC, 0xF2, 0xFC, 0xFF, 0x94, 0xD7, 0xF7, 0xFF, 0x94, 0xD7, 0xF7, 0xFF,
    0x94, 0xD7, 0xF7, 0xFF, 0xB9, 0xE5, 0xFA, 0xFF, 0xF6, 0xFC, 0xFE, 0xFF,
    0x8F, 0xCF, 0xF3, 0xFF, 0x42, 0xAA, 0xE9, 0xFF, 0x42, 0xAA, 0xE9, 0xFF,
    0x42, 0xAA, 0xE9, 0xFF, 0x42, 0xAA, 0xE9, 0xFF, 0x42, 0xAA, 0xE9, 0xFF,
    0x42, 0xAA, 0xE9, 0xFF, 0x42, 0xAA, 0xE9, 0xFF, 0x42, 0xAA, 0xE9, 0xFF,
    0x42, 0xAA, 0xE9, 0xFF, 0x53, 0xB2, 0xEB, 0xFF, 0x43, 0x81, 0xA6, 0x67,
    0x00, 0x00, 0x00, 0x18, 0x00, 0x00, 0x00, 0x07, 0x00, 0x00, 0x00, 0x00,
    0x00, 0x00, 0x00, 0x00, 0x00, 0x00, 0x00, 0x07, 0x00, 0x00, 0x00, 0x18,
    0x40, 0x7E, 0xA4, 0x66, 0x50, 0xAF, 0xEA, 0xFF, 0x41, 0xA8, 0xE8, 0xFF,
    0x41, 0xA8, 0xE8, 0xFF, 0x41, 0xA8, 0xE8, 0xFF, 0x41, 0xA8, 0xE8, 0xFF,
    0x41, 0xA8, 0xE8, 0xFF, 0x41, 0xA8, 0xE8, 0xFF, 0x41, 0xA8, 0xE8, 0xFF,
    0x41, 0xA8, 0xE8, 0xFF, 0x69, 0xBB, 0xED, 0xFF, 0xF0, 0xF9, 0xFE, 0xFF,
    0xE6, 0xF5, 0xFD, 0xFF, 0xC3, 0xE8, 0xFA, 0xFF, 0xC3, 0xE8, 0xFA, 0xFF,
    0xC3, 0xE8, 0xFA, 0xFF, 0xC3, 0xE8, 0xFA, 0xFF, 0xF4, 0xFB, 0xFE, 0xFF,
    0xCA, 0xEA, 0xFB, 0xFF, 0xC3, 0xE8, 0xFA, 0xFF, 0xC3, 0xE8, 0xFA, 0xFF,
    0xC3, 0xE8, 0xFA, 0xFF, 0xC3, 0xE8, 0xFA, 0xFF, 0xCA, 0xEA, 0xFB, 0xFF,
    0xF4, 0xFB, 0xFE, 0xFF, 0xC3, 0xE8, 0xFA, 0xFF, 0xC3, 0xE8, 0xFA, 0xFF,
    0xC3, 0xE8, 0xFA, 0xFF, 0xC3, 0xE8, 0xFA, 0xFF, 0xE6, 0xF5, 0xFD, 0xFF,
    0xF0, 0xF9, 0xFE, 0xFF, 0x69, 0xBB, 0xED, 0xFF, 0x41, 0xA8, 0xE8, 0xFF,
    0x41, 0xA8, 0xE8, 0xFF, 0x41, 0xA8, 0xE8, 0xFF, 0x41, 0xA8, 0xE8, 0xFF,
    0x41, 0xA8, 0xE8, 0xFF, 0x41, 0xA8, 0xE8, 0xFF, 0x41, 0xA8, 0xE8, 0xFF,
    0x41, 0xA8, 0xE8, 0xFF, 0x50, 0xAF, 0xEA, 0xFF, 0x40, 0x7E, 0xA4, 0x66,
    0x00, 0x00, 0x00, 0x18, 0x00, 0x00, 0x00, 0x07, 0x00, 0x00, 0x00, 0x00,
    0x00, 0x00, 0x00, 0x00, 0x00, 0x00, 0x00, 0x07, 0x00, 0x00, 0x00, 0x18,
    0x3D, 0x7C, 0xA3, 0x66, 0x4D, 0xAC, 0xE9, 0xFF, 0x3F, 0xA6, 0xE7, 0xFF,
    0x3F, 0xA6, 0xE7, 0xFF, 0x3F, 0xA6, 0xE7, 0xFF, 0x3F, 0xA6, 0xE7, 0xFF,
    0x3F, 0xA6, 0xE7, 0xFF, 0x3F, 0xA6, 0xE7, 0xFF, 0x3F, 0xA6, 0xE7, 0xFF,
    0x3F, 0xA6, 0xE7, 0xFF, 0xC4, 0xE5, 0xF9, 0xFF, 0xE5, 0xF4, 0xFD, 0xFF,
    0xC1, 0xE6, 0xF9, 0xFF, 0xC1, 0xE6, 0xF9, 0xFF, 0xC1, 0xE6, 0xF9, 0xFF,
    0xC1, 0xE6, 0xF9, 0xFF, 0xD1, 0xEC, 0xFB, 0xFF, 0xEB, 0xF7, 0xFD, 0xFF,
    0xC1, 0xE6, 0xF9, 0xFF, 0xC1, 0xE6, 0xF9, 0xFF, 0xC1, 0xE6, 0xF9, 0xFF,
    0xC1, 0xE6, 0xF9, 0xFF, 0xC1, 0xE6, 0xF9, 0xFF, 0xC1, 0xE6, 0xF9, 0xFF,
    0xEB, 0xF7, 0xFD, 0xFF, 0xD1, 0xEC, 0xFB, 0xFF, 0xC1, 0xE6, 0xF9, 0xFF,
    0xC1, 0xE6, 0xF9, 0xFF, 0xC1, 0xE6, 0xF9, 0xFF, 0xC1, 0xE6, 0xF9, 0xFF,
    0xE5, 0xF4, 0xFD, 0xFF, 0xC4, 0xE5, 0xF9, 0xFF, 0x3F, 0xA6, 0xE7, 0xFF,
    0x3F, 0xA6, 0xE7, 0xFF, 0x3F, 0xA6, 0xE7, 0xFF, 0x3F, 0xA6, 0xE7, 0xFF,
    0x3F, 0xA6, 0xE7, 0xFF, 0x3F, 0xA6, 0xE7, 0xFF, 0x3F, 0xA6, 0xE7, 0xFF,
    0x3F, 0xA6, 0xE7, 0xFF, 0x4D, 0xAC, 0xE9, 0xFF, 0x3D, 0x7C, 0xA3, 0x66,
    0x00, 0x00, 0x00, 0x18, 0x00, 0x00, 0x00, 0x07, 0x00, 0x00, 0x00, 0x00,
    0x00, 0x00, 0x00, 0x00, 0x00, 0x00, 0x00, 0x07, 0x00, 0x00, 0x00, 0x18,
    0x3A, 0x79, 0xA1, 0x65, 0x4A, 0xAA, 0xE8, 0xFF, 0x3E, 0xA4, 0xE6, 0xFF,
    0x3E, 0xA4, 0xE6, 0xFF, 0x3E, 0xA4, 0xE6, 0xFF, 0x3E, 0xA4, 0xE6, 0xFF,
    0x3E, 0xA4, 0xE6, 0xFF, 0x3E, 0xA4, 0xE6, 0xFF, 0x3E, 0xA4, 0xE6, 0xFF,
    0x58, 0xB1, 0xEA, 0xFF, 0xF4, 0xFA, 0xFE, 0xFF, 0xA8, 0xDA, 0xF7, 0xFF,
    0x88, 0xCD, 0xF4, 0xFF, 0x88, 0xCD, 0xF4, 0xFF, 0x88, 0xCD, 0xF4, 0xFF,
    0x88, 0xCD, 0xF4, 0xFF, 0xB8, 0xE1, 0xF8, 0xFF, 0xD1, 0xEB, 0xFB, 0xFF,
    0x88, 0xCD, 0xF4, 0xFF, 0x88, 0xCD, 0xF4, 0xFF, 0x88, 0xCD, 0xF4, 0xFF,
    0x88, 0xCD, 0xF4, 0xFF, 0x88, 0xCD, 0xF4, 0xFF, 0x88, 0xCD, 0xF4, 0xFF,
    0xD1, 0xEB, 0xFB, 0xFF, 0xB8, 0xE1, 0xF8, 0xFF, 0x88, 0xCD, 0xF4, 0xFF,
    0x88, 0xCD, 0xF4, 0xFF, 0x88, 0xCD, 0xF4, 0xFF, 0x88, 0xCD, 0xF4, 0xFF,
    0xA8, 0xDA, 0xF7, 0xFF, 0xF4, 0xFA, 0xFE, 0xFF, 0x58, 0xB1, 0xEA, 0xFF,
    0x3E, 0xA4, 0xE6, 0xFF, 0x3E, 0xA4, 0xE6, 0xFF, 0x3E, 0xA4, 0xE6, 0xFF,
    0x3E, 0xA4, 0xE6, 0xFF, 0x3E, 0xA4, 0xE6, 0xFF, 0x3E, 0xA4, 0xE6, 0xFF,
    0x3E, 0xA4, 0xE6, 0xFF, 0x4A, 0xAA, 0xE8, 0xFF, 0x3A, 0x79, 0xA1, 0x65,
    0x00, 0x00, 0x00, 0x18, 0x00, 0x00, 0x00, 0x07, 0x00, 0x00, 0x00, 0x00,
    0x00, 0x00, 0x00, 0x00, 0x00, 0x00, 0x00, 0x07, 0x00, 0x00, 0x00, 0x18,
    0x37, 0x76, 0xA0, 0x64, 0x47, 0xA7, 0xE6, 0xFF, 0x3C, 0xA2, 0xE5, 0xFF,
    0x3C, 0xA2, 0xE5, 0xFF, 0x3C, 0xA2, 0xE5, 0xFF, 0x3C, 0xA2, 0xE5, 0xFF,
    0x3C, 0xA2, 0xE5, 0xFF, 0x3C, 0xA2, 0xE5, 0xFF, 0x3C, 0xA2, 0xE5, 0xFF,
    0xA1, 0xD4, 0xF4, 0xFF, 0xE8, 0xF5, 0xFD, 0xFF, 0x85, 0xCA, 0xF3, 0xFF,
    0x84, 0xCA, 0xF3, 0xFF, 0x84, 0xCA, 0xF3, 0xFF, 0x84, 0xCA, 0xF3, 0xFF,
    0x84, 0xCA, 0xF3, 0xFF, 0xC6, 0xE6, 0xF9, 0xFF, 0xC0, 0xE4, 0xF9, 0xFF,
    0x84, 0xCA, 0xF3, 0xFF, 0x84, 0xCA, 0xF3, 0xFF, 0x84, 0xCA, 0xF3, 0xFF,
    0x84, 0xCA, 0xF3, 0xFF, 0x84, 0xCA, 0xF3, 0xFF, 0x84, 0xCA, 0xF3, 0xFF,
    0xC0, 0xE4, 0xF9, 0xFF, 0xC6, 0xE6, 0xF9, 0xFF, 0x84, 0xCA, 0xF3, 0xFF,
    0x84, 0xCA, 0xF3, 0xFF, 0x84, 0xCA, 0xF3, 0xFF, 0x84, 0xCA, 0xF3, 0xFF,
    0x85, 0xCA, 0xF3, 0xFF, 0xE8, 0xF5, 0xFD, 0xFF, 0xA1, 0xD4, 0xF4, 0xFF,
    0x3C, 0xA2, 0xE5, 0xFF, 0x3C, 0xA2, 0xE5, 0xFF, 0x3C, 0xA2, 0xE5, 0xFF,
    0x3C, 0xA2, 0xE5, 0xFF, 0x3C, 0xA2, 0xE5, 0xFF, 0x3C, 0xA2, 0xE5, 0xFF,
    0x3C, 0xA2, 0xE5, 0xFF, 0x47, 0xA7, 0xE6, 0xFF, 0x37, 0x76, 0xA0, 0x64,
    0x00, 0x00, 0x00, 0x18, 0x00, 0x00, 0x00, 0x07, 0x00, 0x00, 0x00, 0x00,
    0x00, 0x00, 0x00, 0x00, 0x00, 0x00, 0x00, 0x07, 0x00, 0x00, 0x00, 0x18,
    0x34, 0x73, 0x9E, 0x64, 0x44, 0xA4, 0xE5, 0xFF, 0x3B, 0x9F, 0xE4, 0xFF,
    0x3B, 0x9F, 0xE4, 0xFF, 0x3B, 0x9F, 0xE4, 0xFF, 0x3B, 0x9F, 0xE4, 0xFF,
    0x3B, 0x9F, 0xE4, 0xFF, 0x3B, 0x9F, 0xE4, 0xFF, 0x3B, 0x9F, 0xE4, 0xFF,
    0xCB, 0xE7, 0xF9, 0xFF, 0xC6, 0xE5, 0xF9, 0xFF, 0x80, 0xC6, 0xF2, 0xFF,
    0x80, 0xC6, 0xF2, 0xFF, 0x80, 0xC6, 0xF2, 0xFF, 0x80, 0xC6, 0xF2, 0xFF,
    0x80, 0xC6, 0xF2, 0xFF, 0xD0, 0xEA, 0xFA, 0xFF, 0xB3, 0xDD, 0xF7, 0xFF,
    0x80, 0xC6, 0xF2, 0xFF, 0x80, 0xC6, 0xF2, 0xFF, 0x80, 0xC6, 0xF2, 0xFF,
    0x80, 0xC6, 0xF2, 0xFF, 0x80, 0xC6, 0xF2, 0xFF, 0x80, 0xC6, 0xF2, 0xFF,
    0xB3, 0xDD, 0xF7, 0xFF, 0xD0, 0xEA, 0xFA, 0xFF, 0x80, 0xC6, 0xF2, 0xFF,
    0x80, 0xC6, 0xF2, 0xFF, 0x80, 0xC6, 0xF2, 0xFF, 0x80, 0xC6, 0xF2, 0xFF,
    0x80, 0xC6, 0xF2, 0xFF, 0xC6, 0xE5, 0xF9, 0xFF, 0xCB, 0xE7, 0xF9, 0xFF,
    0x3B, 0x9F, 0xE4, 0xFF, 0x3B, 0x9F, 0xE4, 0xFF, 0x3B, 0x9F, 0xE4, 0xFF,
    0x3B, 0x9F, 0xE4, 0xFF, 0x3B, 0x9F, 0xE4, 0xFF, 0x3B, 0x9F, 0xE4, 0xFF,
    0x3B, 0x9F, 0xE4, 0xFF, 0x44, 0xA4, 0xE5, 0xFF, 0x34, 0x73, 0x9E, 0x64,
    0x00, 0x00, 0x00, 0x18, 0x00, 0x00, 0x00, 0x07, 0x00, 0x00, 0x00, 0x00,
    0x00, 0x00, 0x00, 0x00, 0x00, 0x00, 0x00, 0x07, 0x00, 0x00, 0x00, 0x18,
    0x31, 0x70, 0x9C, 0x63, 0x41, 0xA1, 0xE4, 0xFF, 0x39, 0x9D, 0xE3, 0xFF,
    0x39, 0x9D, 0xE3, 0xFF, 0x39, 0x9D, 0xE3, 0xFF, 0x39, 0x9D, 0xE3, 0xFF,
    0x39, 0x9D, 0xE3, 0xFF, 0x39, 0x9D, 0xE3, 0xFF, 0x39, 0x9D, 0xE3, 0xFF,
    0xE5, 0xF3, 0xFC, 0xFF, 0xAC, 0xD9, 0xF6, 0xFF, 0x7C, 0xC3, 0xF1, 0xFF,
    0x7C, 0xC3, 0xF1, 0xFF, 0x7C, 0xC3, 0xF1, 0xFF, 0x7C, 0xC3, 0xF1, 0xFF,
    0x7C, 0xC3, 0xF1, 0xFF, 0xD7, 0xED, 0xFB, 0xFF, 0xA8, 0xD7, 0xF6, 0xFF,
    0x7C, 0xC3, 0xF1, 0xFF, 0x7C, 0xC3, 0xF1, 0xFF, 0x7C, 0xC3, 0xF1, 0xFF,
    0x7C, 0xC3, 0xF1, 0xFF, 0x7C, 0xC3, 0xF1, 0xFF, 0x7C, 0xC3, 0xF1, 0xFF,
    0xA8, 0xD7, 0xF6, 0xFF, 0xD7, 0xED, 0xFB, 0xFF, 0x7C, 0xC3, 0xF1, 0xFF,
    0x7C, 0xC3, 0xF1, 0xFF, 0x7C, 0xC3, 0xF1, 0xFF, 0x7C, 0xC3, 0xF1, 0xFF,
    0x7C, 0xC3, 0xF1, 0xFF, 0xAC, 0xD9, 0xF6, 0xFF, 0xE5, 0xF3, 0xFC, 0xFF,
    0x39, 0x9D, 0xE3, 0xFF, 0x39, 0x9D, 0xE3, 0xFF, 0x39, 0x9D, 0xE3, 0xFF,
    0x39, 0x9D, 0xE3, 0xFF, 0x39, 0x9D, 0xE3, 0xFF, 0x39, 0x9D, 0xE3, 0xFF,
    0x39, 0x9D, 0xE3, 0xFF, 0x41, 0xA1, 0xE4, 0xFF, 0x31, 0x70, 0x9C, 0x63,
    0x00, 0x00, 0x00, 0x18, 0x00, 0x00, 0x00, 0x07, 0x00, 0x00, 0x00, 0x00,
    0x00, 0x00, 0x00, 0x00, 0x00, 0x00, 0x00, 0x07, 0x00, 0x00, 0x00, 0x18,
    0x2E, 0x6D, 0x9B, 0x62, 0x3E, 0x9E, 0xE3, 0xFF, 0x38, 0x9B, 0xE2, 0xFF,
    0x38, 0x9B, 0xE2, 0xFF, 0x38, 0x9B, 0xE2, 0xFF, 0x38, 0x9B, 0xE2, 0xFF,
    0x38, 0x9B, 0xE2, 0xFF, 0x38, 0x9B, 0xE2, 0xFF, 0x38, 0x9B, 0xE2, 0xFF,
    0xF1, 0xF8, 0xFD, 0xFF, 0xCB, 0xE6, 0xF9, 0xFF, 0xB6, 0xDD, 0xF7, 0xFF,
    0xB6, 0xDD, 0xF7, 0xFF, 0xB6, 0xDD, 0xF7, 0xFF, 0xB6, 0xDD, 0xF7, 0xFF,
    0xB6, 0xDD, 0xF7, 0xFF, 0xE7, 0xF3, 0xFC, 0xFF, 0xCC, 0xE7, 0xF9, 0xFF,
    0xB6, 0xDD, 0xF7, 0xFF, 0xB6, 0xDD, 0xF7, 0xFF, 0xB6, 0xDD, 0xF7, 0xFF,
    0xB6, 0xDD, 0xF7, 0xFF, 0xB6, 0xDD, 0xF7, 0xFF, 0xB6, 0xDD, 0xF7, 0xFF,
    0xCC, 0xE7, 0xF9, 0xFF, 0xE7, 0xF3, 0xFC, 0xFF, 0xB6, 0xDD, 0xF7, 0xFF,
    0xB6, 0xDD, 0xF7, 0xFF, 0xB6, 0xDD, 0xF7, 0xFF, 0xB6, 0xDD, 0xF7, 0xFF,
    0xB6, 0xDD, 0xF7, 0xFF, 0xCB, 0xE6, 0xF9, 0xFF, 0xF1, 0xF8, 0xFD, 0xFF,
    0x38, 0x9B, 0xE2, 0xFF, 0x38, 0x9B, 0xE2, 0xFF, 0x38, 0x9B, 0xE2, 0xFF,
    0x38, 0x9B, 0xE2, 0xFF, 0x38, 0x9B, 0xE2, 0xFF, 0x38, 0x9B, 0xE2, 0xFF,
    0x38, 0x9B, 0xE2, 0xFF, 0x3E, 0x9E, 0xE3, 0xFF, 0x2E, 0x6D, 0x9B, 0x62,
    0x00, 0x00, 0x00, 0x18, 0x00, 0x00, 0x00, 0x07, 0x00, 0x00, 0x00, 0x00,
    0x00, 0x00, 0x00, 0x00, 0x00, 0x00, 0x00, 0x07, 0x00, 0x00, 0x00, 0x18,
    0x2B, 0x6A, 0x99, 0x62, 0x3B, 0x9B, 0xE2, 0xFF, 0x36, 0x99, 0xE1, 0xFF,
    0x36, 0x99, 0xE1, 0xFF, 0x36, 0x99, 0xE1, 0xFF, 0x36, 0x99, 0xE1, 0xFF,
    0x36, 0x99, 0xE1, 0xFF, 0x36, 0x99, 0xE1, 0xFF, 0x36, 0x99, 0xE1, 0xFF,
    0xF0, 0xF8, 0xFD, 0xFF, 0xC9, 0xE5, 0xF9, 0xFF, 0xB4, 0xDB, 0xF6, 0xFF,
    0xB4, 0xDB, 0xF6, 0xFF, 0xB4, 0xDB, 0xF6, 0xFF, 0xB4, 0xDB, 0xF6, 0xFF,
    0xB4, 0xDB, 0xF6, 0xFF, 0xE6, 0xF3, 0xFC, 0xFF, 0xCA, 0xE6, 0xF9, 0xFF,
    0xB4, 0xDB, 0xF6, 0xFF, 0xB4, 0xDB, 0xF6, 0xFF, 0xB4, 0xDB, 0xF6, 0xFF,
    0xB4, 0xDB, 0xF6, 0xFF, 0xB4, 0xDB, 0xF6, 0xFF, 0xB4, 0xDB, 0xF6, 0xFF,
    0xCA, 0xE6, 0xF9, 0xFF, 0xE6, 0xF3, 0xFC, 0xFF, 0xB4, 0xDB, 0xF6, 0xFF,
    0xB4, 0xDB, 0xF6, 0xFF, 0xB4, 0xDB, 0xF6, 0xFF, 0xB4, 0xDB, 0xF6, 0xFF,
    0xB4, 0xDB, 0xF6, 0xFF, 0xC9, 0xE5, 0xF9, 0xFF, 0xF0, 0xF8, 0xFD, 0xFF,
    0x36, 0x99, 0xE1, 0xFF, 0x36, 0x99, 0xE1, 0xFF, 0x36, 0x99, 0xE1, 0xFF,
    0x36, 0x99, 0xE1, 0xFF, 0x36, 0x99, 0xE1, 0xFF, 0x36, 0x99, 0xE1, 0xFF,
    0x36, 0x99, 0xE1, 0xFF, 0x3B, 0x9B, 0xE2, 0xFF, 0x2B, 0x6A, 0x99, 0x62,
    0x00, 0x00, 0x00, 0x18, 0x00, 0x00, 0x00, 0x07, 0x00, 0x00, 0x00, 0x00,
    0x00, 0x00, 0x00, 0x00, 0x00, 0x00, 0x00, 0x07, 0x00, 0x00, 0x00, 0x18,
    0x27, 0x67, 0x97, 0x61, 0x38, 0x98, 0xE1, 0xFF, 0x35, 0x97, 0xE0, 0xFF,
    0x35, 0x97, 0xE0, 0xFF, 0x35, 0x97, 0xE0, 0xFF, 0x35, 0x97, 0xE0, 0xFF,
    0x35, 0x97, 0xE0, 0xFF, 0x35, 0x97, 0xE0, 0xFF, 0x35, 0x97, 0xE0, 0xFF,
    0xE3, 0xF1, 0xFC, 0xFF, 0xA5, 0xD3, 0xF4, 0xFF, 0x71, 0xB9, 0xEE, 0xFF,
    0x71, 0xB9, 0xEE, 0xFF, 0x71, 0xB9, 0xEE, 0xFF, 0x71, 0xB9, 0xEE, 0xFF,
    0x71, 0xB9, 0xEE, 0xFF, 0xD3, 0xEA, 0xFA, 0xFF, 0xA1, 0xD1, 0xF4, 0xFF,
    0x71, 0xB9, 0xEE, 0xFF, 0x71, 0xB9, 0xEE, 0xFF, 0x71, 0xB9, 0xEE, 0xFF,
    0x71, 0xB9, 0xEE, 0xFF, 0x71, 0xB9, 0xEE, 0xFF, 0x71, 0xB9, 0xEE, 0xFF,
    0xA1, 0xD1, 0xF4, 0xFF, 0xD3, 0xEA, 0xFA, 0xFF, 0x71, 0xB9, 0xEE, 0xFF,
    0x71, 0xB9, 0xEE, 0xFF, 0x71, 0xB9, 0xEE, 0xFF, 0x71, 0xB9, 0xEE, 0xFF,
    0x71, 0xB9, 0xEE, 0xFF, 0xA5, 0xD3, 0xF4, 0xFF, 0xE3, 0xF1, 0xFC, 0xFF,
    0x35, 0x97, 0xE0, 0xFF, 0x35, 0x97, 0xE0, 0xFF, 0x35, 0x97, 0xE0, 0xFF,
    0x35, 0x97, 0xE0, 0xFF, 0x35, 0x97, 0xE0, 0xFF, 0x35, 0x97, 0xE0, 0xFF,
    0x35, 0x97, 0xE0, 0xFF, 0x38, 0x98, 0xE1, 0xFF, 0x27, 0x67, 0x97, 0x61,
    0x00, 0x00, 0x00, 0x18, 0x00, 0x00, 0x00, 0x07, 0x00, 0x00, 0x00, 0x00,
    0x00, 0x00, 0x00, 0x00, 0x00, 0x00, 0x00, 0x07, 0x00, 0x00, 0x00, 0x18,
    0x24, 0x64, 0x96, 0x60, 0x35, 0x95, 0xE0, 0xFF, 0x33, 0x94, 0xE0, 0xFF,
    0x33, 0x94, 0xE0, 0xFF, 0x33, 0x94, 0xE0, 0xFF, 0x33, 0x94, 0xE0, 0xFF,
    0x33, 0x94, 0xE0, 0xFF, 0x33, 0x94, 0xE0, 0xFF, 0x33, 0x94, 0xE0, 0xFF,
    0xC6, 0xE2, 0xF7, 0xFF, 0xBD, 0xDE, 0xF7, 0xFF, 0x6D, 0xB6, 0xED, 0xFF,
    0x6D, 0xB6, 0xED, 0xFF, 0x6D, 0xB6, 0xED, 0xFF, 0x6D, 0xB6, 0xED, 0xFF,
    0x6D, 0xB6, 0xED, 0xFF, 0xC8, 0xE4, 0xF8, 0xFF, 0xA7, 0xD3, 0xF4, 0xFF,
    0x6D, 0xB6, 0xED, 0xFF, 0x6D, 0xB6, 0xED, 0xFF, 0x6D, 0xB6, 0xED, 0xFF,
    0x6D, 0xB6, 0xED, 0xFF, 0x6D, 0xB6, 0xED, 0xFF, 0x6D, 0xB6, 0xED, 0xFF,
    0xA7, 0xD3, 0xF4, 0xFF, 0xC8, 0xE4, 0xF8, 0xFF, 0x6D, 0xB6, 0xED, 0xFF,
    0x6D, 0xB6, 0xED, 0xFF, 0x6D, 0xB6, 0xED, 0xFF, 0x6D, 0xB6, 0xED, 0xFF,
    0x6D, 0xB6, 0xED, 0xFF, 0xBD, 0xDE, 0xF7, 0xFF, 0xC6, 0xE2, 0xF7, 0xFF,
    0x33, 0x94, 0xE0, 0xFF, 0x33, 0x94, 0xE0, 0xFF, 0x33, 0x94, 0xE0, 0xFF,
    0x33, 0x94, 0xE0, 0xFF, 0x33, 0x94, 0xE0, 0xFF, 0x33, 0x94, 0xE0, 0xFF,
    0x33, 0x94, 0xE0, 0xFF, 0x35, 0x95, 0xE0, 0xFF, 0x24, 0x64, 0x96, 0x60,
    0x00, 0x00, 0x00, 0x18, 0x00, 0x00, 0x00, 0x07, 0x00, 0x00, 0x00, 0x00,
    0x00, 0x00, 0x00, 0x00, 0x00, 0x00, 0x00, 0x07, 0x00, 0x00, 0x00, 0x18,
    0x21, 0x61, 0x94, 0x60, 0x32, 0x92, 0xDF, 0xFF, 0x32, 0x92, 0xDF, 0xFF,
    0x32, 0x92, 0xDF, 0xFF, 0x32, 0x92, 0xDF, 0xFF, 0x32, 0x92, 0xDF, 0xFF,
    0x32, 0x92, 0xDF, 0xFF, 0x32, 0x92, 0xDF, 0xFF, 0x32, 0x92, 0xDF, 0xFF,
    0x97, 0xC9, 0xF0, 0xFF, 0xE3, 0xF0, 0xFB, 0xFF, 0x6A, 0xB3, 0xEC, 0xFF,
    0x69, 0xB2, 0xEC, 0xFF, 0x69, 0xB2, 0xEC, 0xFF, 0x69, 0xB2, 0xEC, 0xFF,
    0x69, 0xB2, 0xEC, 0xFF, 0xB9, 0xDC, 0xF6, 0xFF, 0xB2, 0xD8, 0xF5, 0xFF,
    0x69, 0xB2, 0xEC, 0xFF, 0x69, 0xB2, 0xEC, 0xFF, 0x69, 0xB2, 0xEC, 0xFF,
    0x69, 0xB2, 0xEC, 0xFF, 0x69, 0xB2, 0xEC, 0xFF, 0x69, 0xB2, 0xEC, 0xFF,
    0xB2, 0xD8, 0xF5, 0xFF, 0xB9, 0xDC, 0xF6, 0xFF, 0x69, 0xB2, 0xEC, 0xFF,
    0x69, 0xB2, 0xEC, 0xFF, 0x69, 0xB2, 0xEC, 0xFF, 0x69, 0xB2, 0xEC, 0xFF,
    0x6A, 0xB3, 0xEC, 0xFF, 0xE3, 0xF0, 0xFB, 0xFF, 0x97, 0xC9, 0xF0, 0xFF,
    0x32, 0x92, 0xDF, 0xFF, 0x32, 0x92, 0xDF, 0xFF, 0x32, 0x92, 0xDF, 0xFF,
    0x32, 0x92, 0xDF, 0xFF, 0x32, 0x92, 0xDF, 0xFF, 0x32, 0x92, 0xDF, 0xFF,
    0x32, 0x92, 0xDF, 0xFF, 0x32, 0x92, 0xDF, 0xFF, 0x21, 0x61, 0x94, 0x60,
    0x00, 0x00, 0x00, 0x18, 0x00, 0x00, 0x00, 0x07, 0x00, 0x00, 0x00, 0x00,
    0x00, 0x00, 0x00, 0x00, 0x00, 0x00, 0x00, 0x07, 0x00, 0x00, 0x00, 0x18,
    0x20, 0x60, 0x93, 0x60, 0x30, 0x90, 0xDE, 0xFF, 0x30, 0x90, 0xDE, 0xFF,
    0x30, 0x90, 0xDE, 0xFF, 0x30, 0x90, 0xDE, 0xFF, 0x30, 0x90, 0xDE, 0xFF,
    0x30, 0x90, 0xDE, 0xFF, 0x30, 0x90, 0xDE, 0xFF, 0x30, 0x90, 0xDE, 0xFF,
    0x49, 0x9E, 0xE2, 0xFF, 0xF1, 0xF8, 0xFD, 0xFF, 0x8D, 0xC4, 0xF0, 0xFF,
    0x65, 0xAF, 0xEB, 0xFF, 0x65, 0xAF, 0xEB, 0xFF, 0x65, 0xAF, 0xEB, 0xFF,
    0x65, 0xAF, 0xEB, 0xFF, 0xA3, 0xCF, 0xF3, 0xFF, 0xC3, 0xE0, 0xF7, 0xFF,
    0x65, 0xAF, 0xEB, 0xFF, 0x65, 0xAF, 0xEB, 0xFF, 0x65, 0xAF, 0xEB, 0xFF,
    0x65, 0xAF, 0xEB, 0xFF, 0x65, 0xAF, 0xEB, 0xFF, 0x65, 0xAF, 0xEB, 0xFF,
    0xC3, 0xE0, 0xF7, 0xFF, 0xA3, 0xCF, 0xF3, 0xFF, 0x65, 0xAF, 0xEB, 0xFF,
    0x65, 0xAF, 0xEB, 0xFF, 0x65, 0xAF, 0xEB, 0xFF, 0x65, 0xAF, 0xEB, 0xFF,
    0x8D, 0xC4, 0xF0, 0xFF, 0xF1, 0xF8, 0xFD, 0xFF, 0x49, 0x9E, 0xE2, 0xFF,
    0x30, 0x90, 0xDE, 0xFF, 0x30, 0x90, 0xDE, 0xFF, 0x30, 0x90, 0xDE, 0xFF,
    0x30, 0x90, 0xDE, 0xFF, 0x30, 0x90, 0xDE, 0xFF, 0x30, 0x90, 0xDE, 0xFF,
    0x30, 0x90, 0xDE, 0xFF, 0x30, 0x90, 0xDE, 0xFF, 0x20, 0x60, 0x93, 0x60,
    0x00, 0x00, 0x00, 0x18, 0x00, 0x00, 0x00, 0x07, 0x00, 0x00, 0x00, 0x00,
    0x00, 0x00, 0x00, 0x00, 0x00, 0x00, 0x00, 0x07, 0x00, 0x00, 0x00, 0x18,
    0x1F, 0x5E, 0x93, 0x60, 0x2F, 0x8E, 0xDD, 0xFF, 0x2F, 0x8E, 0xDD, 0xFF,
    0x2F, 0x8E, 0xDD, 0xFF, 0x2F, 0x8E, 0xDD, 0xFF, 0x2F, 0x8E, 0xDD, 0xFF,
    0x2F, 0x8E, 0xDD, 0xFF, 0x2F, 0x8E, 0xDD, 0xFF, 0x2F, 0x8E, 0xDD, 0xFF,
    0x2F, 0x8E, 0xDD, 0xFF, 0xB6, 0xD8, 0xF4, 0xFF, 0xDB, 0xEC, 0xFA, 0xFF,
    0xAA, 0xD2, 0xF4, 0xFF, 0xAA, 0xD2, 0xF4, 0xFF, 0xAA, 0xD2, 0xF4, 0xFF,
    0xAA, 0xD2, 0xF4, 0xFF, 0xC0, 0xDE, 0xF7, 0xFF, 0xE3, 0xF0, 0xFB, 0xFF,
    0xAA, 0xD2, 0xF4, 0xFF, 0xAA, 0xD2, 0xF4, 0xFF, 0xAA, 0xD2, 0xF4, 0xFF,
    0xAA, 0xD2, 0xF4, 0xFF, 0xAA, 0xD2, 0xF4, 0xFF, 0xAA, 0xD2, 0xF4, 0xFF,
    0xE3, 0xF0, 0xFB, 0xFF, 0xC0, 0xDE, 0xF7, 0xFF, 0xAA, 0xD2, 0xF4, 0xFF,
    0xAA, 0xD2, 0xF4, 0xFF, 0xAA, 0xD2, 0xF4, 0xFF, 0xAA, 0xD2, 0xF4, 0xFF,
    0xDB, 0xEC, 0xFA, 0xFF, 0xB6, 0xD8, 0xF4, 0xFF, 0x2F, 0x8E, 0xDD, 0xFF,
    0x2F, 0x8E, 0xDD, 0xFF, 0x2F, 0x8E, 0xDD, 0xFF, 0x2F, 0x8E, 0xDD, 0xFF,
    0x2F, 0x8E, 0xDD, 0xFF, 0x2F, 0x8E, 0xDD, 0xFF, 0x2F, 0x8E, 0xDD, 0xFF,
    0x2F, 0x8E, 0xDD, 0xFF, 0x2F, 0x8E, 0xDD, 0xFF, 0x1F, 0x5E, 0x93, 0x60,
    0x00, 0x00, 0x00, 0x18, 0x00, 0x00, 0x00, 0x07, 0x00, 0x00, 0x00, 0x00,
    0x00, 0x00, 0x00, 0x00, 0x00, 0x00, 0x00, 0x07, 0x00, 0x00, 0x00, 0x18,
    0x1E, 0x5D, 0x92, 0x60, 0x2D, 0x8C, 0xDC, 0xFF, 0x2D, 0x8C, 0xDC, 0xFF,
    0x2D, 0x8C, 0xDC, 0xFF, 0x2D, 0x8C, 0xDC, 0xFF, 0x2D, 0x8C, 0xDC, 0xFF,
    0x2D, 0x8C, 0xDC, 0xFF, 0x2D, 0x8C, 0xDC, 0xFF, 0x2D, 0x8C, 0xDC, 0xFF,
    0x2D, 0x8C, 0xDC, 0xFF, 0x57, 0xA3, 0xE3, 0xFF, 0xEA, 0xF4, 0xFC, 0xFF,
    0xDB, 0xEC, 0xFA, 0xFF, 0xA7, 0xD0, 0xF3, 0xFF, 0xA7, 0xD0, 0xF3, 0xFF,
    0xA7, 0xD0, 0xF3, 0xFF, 0xA7, 0xD0, 0xF3, 0xFF, 0xEF, 0xF6, 0xFD, 0xFF,
    0xB1, 0xD5, 0xF5, 0xFF, 0xA7, 0xD0, 0xF3, 0xFF, 0xA7, 0xD0, 0xF3, 0xFF,
    0xA7, 0xD0, 0xF3, 0xFF, 0xA7, 0xD0, 0xF3, 0xFF, 0xB1, 0xD5, 0xF5, 0xFF,
    0xEF, 0xF6, 0xFD, 0xFF, 0xA7, 0xD0, 0xF3, 0xFF, 0xA7, 0xD0, 0xF3, 0xFF,
    0xA7, 0xD0, 0xF3, 0xFF, 0xA7, 0xD0, 0xF3, 0xFF, 0xDB, 0xEC, 0xFA, 0xFF,
    0xEA, 0xF4, 0xFC, 0xFF, 0x57, 0xA3, 0xE3, 0xFF, 0x2D, 0x8C, 0xDC, 0xFF,
    0x2D, 0x8C, 0xDC, 0xFF, 0x2D, 0x8C, 0xDC, 0xFF, 0x2D, 0x8C, 0xDC, 0xFF,
    0x2D, 0x8C, 0xDC, 0xFF, 0x2D, 0x8C, 0xDC, 0xFF, 0x2D, 0x8C, 0xDC, 0xFF,
    0x2D, 0x8C, 0xDC, 0xFF, 0x2D, 0x8C, 0xDC, 0xFF, 0x1E, 0x5D, 0x92, 0x60,
    0x00, 0x00, 0x00, 0x18, 0x00, 0x00, 0x00, 0x07, 0x00, 0x00, 0x00, 0x00,
    0x00, 0x00, 0x00, 0x00, 0x00, 0x00, 0x00, 0x07, 0x00, 0x00, 0x00, 0x18,
    0x1D, 0x5B, 0x92, 0x60, 0x2C, 0x89, 0xDB, 0xFF, 0x2C, 0x89, 0xDB, 0xFF,
    0x2C, 0x89, 0xDB, 0xFF, 0x2C, 0x89, 0xDB, 0xFF, 0x2C, 0x89, 0xDB, 0xFF,
    0x2C, 0x89, 0xDB, 0xFF, 0x2C, 0x89, 0xDB, 0xFF, 0x2C, 0x89, 0xDB, 0xFF,
    0x2C, 0x89, 0xDB, 0xFF, 0x2C, 0x89, 0xDB, 0xFF, 0x77, 0xB4, 0xE9, 0xFF,
    0xF2, 0xF8, 0xFD, 0xFF, 0x92, 0xC4, 0xF0, 0xFF, 0x59, 0xA5, 0xE8, 0xFF,
    0x59, 0xA5, 0xE8, 0xFF, 0x59, 0xA5, 0xE8, 0xFF, 0xC9, 0xE2, 0xF8, 0xFF,
    0x8E, 0xC2, 0xF0, 0xFF, 0x59, 0xA5, 0xE8, 0xFF, 0x59, 0xA5, 0xE8, 0xFF,
    0x59, 0xA5, 0xE8, 0xFF, 0x59, 0xA5, 0xE8, 0xFF, 0x8E, 0xC2, 0xF0, 0xFF,
    0xC9, 0xE2, 0xF8, 0xFF, 0x59, 0xA5, 0xE8, 0xFF, 0x59, 0xA5, 0xE8, 0xFF,
    0x59, 0xA5, 0xE8, 0xFF, 0x92, 0xC4, 0xF0, 0xFF, 0xF2, 0xF8, 0xFD, 0xFF,
    0x77, 0xB4, 0xE9, 0xFF, 0x2C, 0x89, 0xDB, 0xFF, 0x2C, 0x89, 0xDB, 0xFF,
    0x2C, 0x89, 0xDB, 0xFF, 0x2C, 0x89, 0xDB, 0xFF, 0x2C, 0x89, 0xDB, 0xFF,
    0x2C, 0x89, 0xDB, 0xFF, 0x2C, 0x89, 0xDB, 0xFF, 0x2C, 0x89, 0xDB, 0xFF,
    0x2C, 0x89, 0xDB, 0xFF, 0x2C, 0x89, 0xDB, 0xFF, 0x1D, 0x5B, 0x92, 0x60,
    0x00, 0x00, 0x00, 0x18, 0x00, 0x00, 0x00, 0x07, 0x00, 0x00, 0x00, 0x00,
    0x00, 0x00, 0x00, 0x00, 0x00, 0x00, 0x00, 0x07, 0x00, 0x00, 0x00, 0x18,
    0x1C, 0x5A, 0x91, 0x60, 0x2A, 0x87, 0xDA, 0xFF, 0x2A, 0x87, 0xDA, 0xFF,
    0x2A, 0x87, 0xDA, 0xFF, 0x2A, 0x87, 0xDA, 0xFF, 0x2A, 0x87, 0xDA, 0xFF,
    0x2A, 0x87, 0xDA, 0xFF, 0x2A, 0x87, 0xDA, 0xFF, 0x2A, 0x87, 0xDA, 0xFF,
    0x2A, 0x87, 0xDA, 0xFF, 0x2A, 0x87, 0xDA, 0xFF, 0x2A, 0x87, 0xDA, 0xFF,
    0x89, 0xBD, 0xEC, 0xFF, 0xF1, 0xF8, 0xFD, 0xFF, 0xA4, 0xCD, 0xF2, 0xFF,
    0x55, 0xA2, 0xE7, 0xFF, 0x55, 0xA2, 0xE7, 0xFF, 0x8F, 0xC2, 0xEF, 0xFF,
    0xC6, 0xE0, 0xF7, 0xFF, 0x55, 0xA2, 0xE7, 0xFF, 0x55, 0xA2, 0xE7, 0xFF,
    0x55, 0xA2, 0xE7, 0xFF, 0x55, 0xA2, 0xE7, 0xFF, 0xC6, 0xE0, 0xF7, 0xFF,
    0x8F, 0xC2, 0xEF, 0xFF, 0x55, 0xA2, 0xE7, 0xFF, 0x55, 0xA2, 0xE7, 0xFF,
    0xA4, 0xCD, 0xF2, 0xFF, 0xF1, 0xF8, 0xFD, 0xFF, 0x89, 0xBD, 0xEC, 0xFF,
    0x2A, 0x87, 0xDA, 0xFF, 0x2A, 0x87, 0xDA, 0xFF, 0x2A, 0x87, 0xDA, 0xFF,
    0x2A, 0x87, 0xDA, 0xFF, 0x2A, 0x87, 0xDA, 0xFF, 0x2A, 0x87, 0xDA, 0xFF,
    0x2A, 0x87, 0xDA, 0xFF, 0x2A, 0x87, 0xDA, 0xFF, 0x2A, 0x87, 0xDA, 0xFF,
    0x2A, 0x87, 0xDA, 0xFF, 0x2A, 0x87, 0xDA, 0xFF, 0x1C, 0x5A, 0x91, 0x60,
    0x00, 0x00, 0x00, 0x18, 0x00, 0x00, 0x00, 0x07, 0x00, 0x00, 0x00, 0x00,
    0x00, 0x00, 0x00, 0x00, 0x00, 0x00, 0x00, 0x07, 0x00, 0x00, 0x00, 0x18,
    0x1B, 0x58, 0x90, 0x60, 0x29, 0x85, 0xD9, 0xFF, 0x29, 0x85, 0xD9, 0xFF,
    0x29, 0x85, 0xD9, 0xFF, 0x29, 0x85, 0xD9, 0xFF, 0x29, 0x85, 0xD9, 0xFF,
    0x29, 0x85, 0xD9, 0xFF, 0x29, 0x85, 0xD9, 0xFF, 0x29, 0x85, 0xD9, 0xFF,
    0x29, 0x85, 0xD9, 0xFF, 0x29, 0x85, 0xD9, 0xFF, 0x29, 0x85, 0xD9, 0xFF,
    0x29, 0x85, 0xD9, 0xFF, 0x74, 0xB1, 0xE8, 0xFF, 0xE8, 0xF2, 0xFC, 0xFF,
    0xD3, 0xE6, 0xF9, 0xFF, 0x80, 0xB8, 0xED, 0xFF, 0x55, 0xA1, 0xE7, 0xFF,
    0xDF, 0xED, 0xFA, 0xFF, 0x76, 0xB3, 0xEC, 0xFF, 0x51, 0x9E, 0xE6, 0xFF,
    0x51, 0x9E, 0xE6, 0xFF, 0x76, 0xB3, 0xEC, 0xFF, 0xDF, 0xED, 0xFA, 0xFF,
    0x55, 0xA1, 0xE7, 0xFF, 0x80, 0xB8, 0xED, 0xFF, 0xD3, 0xE6, 0xF9, 0xFF,
    0xE8, 0xF2, 0xFC, 0xFF, 0x74, 0xB1, 0xE8, 0xFF, 0x29, 0x85, 0xD9, 0xFF,
    0x29, 0x85, 0xD9, 0xFF, 0x29, 0x85, 0xD9, 0xFF, 0x29, 0x85, 0xD9, 0xFF,
    0x29, 0x85, 0xD9, 0xFF, 0x29, 0x85, 0xD9, 0xFF, 0x29, 0x85, 0xD9, 0xFF,
    0x29, 0x85, 0xD9, 0xFF, 0x29, 0x85, 0xD9, 0xFF, 0x29, 0x85, 0xD9, 0xFF,
    0x29, 0x85, 0xD9, 0xFF, 0x29, 0x85, 0xD9, 0xFF, 0x1B, 0x58, 0x90, 0x60,
    0x00, 0x00, 0x00, 0x18, 0x00, 0x00, 0x00, 0x07, 0x00, 0x00, 0x00, 0x00,
    0x00, 0x00, 0x00, 0x00, 0x00, 0x00, 0x00, 0x07, 0x00, 0x00, 0x00, 0x18,
    0x19, 0x53, 0x89, 0x5B, 0x27, 0x83, 0xD8, 0xFF, 0x27, 0x83, 0xD8, 0xFF,
    0x27, 0x83, 0xD8, 0xFF, 0x27, 0x83, 0xD8, 0xFF, 0x27, 0x83, 0xD8, 0xFF,
    0x27, 0x83, 0xD8, 0xFF, 0x27, 0x83, 0xD8, 0xFF, 0x27, 0x83, 0xD8, 0xFF,
    0x27, 0x83, 0xD8, 0xFF, 0x27, 0x83, 0xD8, 0xFF, 0x27, 0x83, 0xD8, 0xFF,
    0x27, 0x83, 0xD8, 0xFF, 0x27, 0x83, 0xD8, 0xFF, 0x40, 0x91, 0xDD, 0xFF,
    0xB0, 0xD2, 0xF2, 0xFF, 0xF1, 0xF7, 0xFD, 0xFF, 0xDE, 0xEC, 0xFA, 0xFF,
    0xD5, 0xE8, 0xF9, 0xFF, 0xE0, 0xEE, 0xFB, 0xFF, 0x81, 0xB8, 0xED, 0xFF,
    0x81, 0xB8, 0xED, 0xFF, 0xE0, 0xEE, 0xFB, 0xFF, 0xD5, 0xE8, 0xF9, 0xFF,
    0xDE, 0xEC, 0xFA, 0xFF, 0xF1, 0xF7, 0xFD, 0xFF, 0xB0, 0xD2, 0xF2, 0xFF,
    0x40, 0x91, 0xDD, 0xFF, 0x27, 0x83, 0xD8, 0xFF, 0x27, 0x83, 0xD8, 0xFF,
    0x27, 0x83, 0xD8, 0xFF, 0x27, 0x83, 0xD8, 0xFF, 0x27, 0x83, 0xD8, 0xFF,
    0x27, 0x83, 0xD8, 0xFF, 0x27, 0x83, 0xD8, 0xFF, 0x27, 0x83, 0xD8, 0xFF,
    0x27, 0x83, 0xD8, 0xFF, 0x27, 0x83, 0xD8, 0xFF, 0x27, 0x83, 0xD8, 0xFF,
    0x27, 0x83, 0xD8, 0xFF, 0x27, 0x83, 0xD8, 0xFF, 0x19, 0x53, 0x89, 0x5B,
    0x00, 0x00, 0x00, 0x18, 0x00, 0x00, 0x00, 0x07, 0x00, 0x00, 0x00, 0x00,
    0x00, 0x00, 0x00, 0x00, 0x00, 0x00, 0x00, 0x07, 0x00, 0x00, 0x00, 0x18,
    0x12, 0x3D, 0x67, 0x47, 0x26, 0x81, 0xD7, 0xFF, 0x26, 0x81, 0xD7, 0xFF,
    0x26, 0x81, 0xD7, 0xFF, 0x26, 0x81, 0xD7, 0xFF, 0x26, 0x81, 0xD7, 0xFF,
    0x26, 0x81, 0xD7, 0xFF, 0x26, 0x81, 0xD7, 0xFF, 0x26, 0x81, 0xD7, 0xFF,
    0x26, 0x81, 0xD7, 0xFF, 0x26, 0x81, 0xD7, 0xFF, 0x26, 0x81, 0xD7, 0xFF,
    0x26, 0x81, 0xD7, 0xFF, 0x26, 0x81, 0xD7, 0xFF, 0x26, 0x81, 0xD7, 0xFF,
    0x26, 0x81, 0xD7, 0xFF, 0x3E, 0x8F, 0xDC, 0xFF, 0x87, 0xBA, 0xEB, 0xFF,
    0xBE, 0xDA, 0xF5, 0xFF, 0xE4, 0xF0, 0xFB, 0xFF, 0xF0, 0xF7, 0xFD, 0xFF,
    0xF0, 0xF7, 0xFD, 0xFF, 0xE4, 0xF0, 0xFB, 0xFF, 0xBE, 0xDA, 0xF5, 0xFF,
    0x87, 0xBA, 0xEB, 0xFF, 0x3E, 0x8F, 0xDC, 0xFF, 0x26, 0x81, 0xD7, 0xFF,
    0x26, 0x81, 0xD7, 0xFF, 0x26, 0x81, 0xD7, 0xFF, 0x26, 0x81, 0xD7, 0xFF,
    0x26, 0x81, 0xD7, 0xFF, 0x26, 0x81, 0xD7, 0xFF, 0x26, 0x81, 0xD7, 0xFF,
    0x26, 0x81, 0xD7, 0xFF, 0x26, 0x81, 0xD7, 0xFF, 0x26, 0x81, 0xD7, 0xFF,
    0x26, 0x81, 0xD7, 0xFF, 0x26, 0x81, 0xD7, 0xFF, 0x26, 0x81, 0xD7, 0xFF,
    0x26, 0x81, 0xD7, 0xFF, 0x26, 0x81, 0xD7, 0xFF, 0x12, 0x3D, 0x67, 0x47,
    0x00, 0x00, 0x00, 0x18, 0x00, 0x00, 0x00, 0x07, 0x00, 0x00, 0x00, 0x00,
    0x00, 0x00, 0x00, 0x00, 0x00, 0x00, 0x00, 0x07, 0x00, 0x00, 0x00, 0x18,
    0x01, 0x03, 0x05, 0x2B, 0x24, 0x7C, 0xD3, 0xEF, 0x24, 0x7E, 0xD6, 0xFF,
    0x24, 0x7E, 0xD6, 0xFF, 0x24, 0x7E, 0xD6, 0xFF, 0x24, 0x7E, 0xD6, 0xFF,
    0x24, 0x7E, 0xD6, 0xFF, 0x24, 0x7E, 0xD6, 0xFF, 0x24, 0x7E, 0xD6, 0xFF,
    0x24, 0x7E, 0xD6, 0xFF, 0x24, 0x7E, 0xD6, 0xFF, 0x24, 0x7E, 0xD6, 0xFF,
    0x24, 0x7E, 0xD6, 0xFF, 0x24, 0x7E, 0xD6, 0xFF, 0x24, 0x7E, 0xD6, 0xFF,
    0x24, 0x7E, 0xD6, 0xFF, 0x24, 0x7E, 0xD6, 0xFF, 0x24, 0x7E, 0xD6, 0xFF,
    0x24, 0x7E, 0xD6, 0xFF, 0x24, 0x7E, 0xD6, 0xFF, 0x24, 0x7E, 0xD6, 0xFF,
    0x24, 0x7E, 0xD6, 0xFF, 0x24, 0x7E, 0xD6, 0xFF, 0x24, 0x7E, 0xD6, 0xFF,
    0x24, 0x7E, 0xD6, 0xFF, 0x24, 0x7E, 0xD6, 0xFF, 0x24, 0x7E, 0xD6, 0xFF,
    0x24, 0x7E, 0xD6, 0xFF, 0x24, 0x7E, 0xD6, 0xFF, 0x24, 0x7E, 0xD6, 0xFF,
    0x24, 0x7E, 0xD6, 0xFF, 0x24, 0x7E, 0xD6, 0xFF, 0x24, 0x7E, 0xD6, 0xFF,
    0x24, 0x7E, 0xD6, 0xFF, 0x24, 0x7E, 0xD6, 0xFF, 0x24, 0x7E, 0xD6, 0xFF,
    0x24, 0x7E, 0xD6, 0xFF, 0x24, 0x7E, 0xD6, 0xFF, 0x24, 0x7E, 0xD6, 0xFF,
    0x24, 0x7E, 0xD6, 0xFF, 0x24, 0x7C, 0xD3, 0xEF, 0x01, 0x03, 0x05, 0x2B,
    0x00, 0x00, 0x00, 0x18, 0x00, 0x00, 0x00, 0x07, 0x00, 0x00, 0x00, 0x00,
    0x00, 0x00, 0x00, 0x00, 0x00, 0x00, 0x00, 0x07, 0x00, 0x00, 0x00, 0x17,
    0x00, 0x00, 0x00, 0x27, 0x1F, 0x6E, 0xBC, 0xAE, 0x23, 0x7C, 0xD5, 0xFF,
    0x23, 0x7C, 0xD5, 0xFF, 0x23, 0x7C, 0xD5, 0xFF, 0x23, 0x7C, 0xD5, 0xFF,
    0x23, 0x7C, 0xD5, 0xFF, 0x23, 0x7C, 0xD5, 0xFF, 0x23, 0x7C, 0xD5, 0xFF,
    0x23, 0x7C, 0xD5, 0xFF, 0x23, 0x7C, 0xD5, 0xFF, 0x23, 0x7C, 0xD5, 0xFF,
    0x23, 0x7C, 0xD5, 0xFF, 0x23, 0x7C, 0xD5, 0xFF, 0x23, 0x7C, 0xD5, 0xFF,
    0x23, 0x7C, 0xD5, 0xFF, 0x23, 0x7C, 0xD5, 0xFF, 0x23, 0x7C, 0xD5, 0xFF,
    0x23, 0x7C, 0xD5, 0xFF, 0x23, 0x7C, 0xD5, 0xFF, 0x23, 0x7C, 0xD5, 0xFF,
    0x23, 0x7C, 0xD5, 0xFF, 0x23, 0x7C, 0xD5, 0xFF, 0x23, 0x7C, 0xD5, 0xFF,
    0x23, 0x7C, 0xD5, 0xFF, 0x23, 0x7C, 0xD5, 0xFF, 0x23, 0x7C, 0xD5, 0xFF,
    0x23, 0x7C, 0xD5, 0xFF, 0x23, 0x7C, 0xD5, 0xFF, 0x23, 0x7C, 0xD5, 0xFF,
    0x23, 0x7C, 0xD5, 0xFF, 0x23, 0x7C, 0xD5, 0xFF, 0x23, 0x7C, 0xD5, 0xFF,
    0x23, 0x7C, 0xD5, 0xFF, 0x23, 0x7C, 0xD5, 0xFF, 0x23, 0x7C, 0xD5, 0xFF,
    0x23, 0x7C, 0xD5, 0xFF, 0x23, 0x7C, 0xD5, 0xFF, 0x23, 0x7C, 0xD5, 0xFF,
    0x23, 0x7C, 0xD5, 0xFF, 0x1F, 0x6E, 0xBC, 0xAE, 0x00, 0x00, 0x00, 0x27,
    0x00, 0x00, 0x00, 0x17, 0x00, 0x00, 0x00, 0x07, 0x00, 0x00, 0x00, 0x00,
    0x00, 0x00, 0x00, 0x00, 0x00, 0x00, 0x00, 0x06, 0x00, 0x00, 0x00, 0x16,
    0x00, 0x00, 0x00, 0x24, 0x10, 0x3C, 0x69, 0x51, 0x21, 0x7A, 0xD4, 0xFD,
    0x21, 0x7A, 0xD5, 0xFF, 0x21, 0x7A, 0xD5, 0xFF, 0x21, 0x7A, 0xD5, 0xFF,
    0x21, 0x7A, 0xD5, 0xFF, 0x21, 0x7A, 0xD5, 0xFF, 0x21, 0x7A, 0xD5, 0xFF,
    0x21, 0x7A, 0xD5, 0xFF, 0x21, 0x7A, 0xD5, 0xFF, 0x21, 0x7A, 0xD5, 0xFF,
    0x21, 0x7A, 0xD5, 0xFF, 0x21, 0x7A, 0xD5, 0xFF, 0x21, 0x7A, 0xD5, 0xFF,
    0x21, 0x7A, 0xD5, 0xFF, 0x21, 0x7A, 0xD5, 0xFF, 0x21, 0x7A, 0xD5, 0xFF,
    0x21, 0x7A, 0xD5, 0xFF, 0x21, 0x7A, 0xD5, 0xFF, 0x21, 0x7A, 0xD5, 0xFF,
    0x21, 0x7A, 0xD5, 0xFF, 0x21, 0x7A, 0xD5, 0xFF, 0x21, 0x7A, 0xD5, 0xFF,
    0x21, 0x7A, 0xD5, 0xFF, 0x21, 0x7A, 0xD5, 0xFF, 0x21, 0x7A, 0xD5, 0xFF,
    0x21, 0x7A, 0xD5, 0xFF, 0x21, 0x7A, 0xD5, 0xFF, 0x21, 0x7A, 0xD5, 0xFF,
    0x21, 0x7A, 0xD5, 0xFF, 0x21, 0x7A, 0xD5, 0xFF, 0x21, 0x7A, 0xD5, 0xFF,
    0x21, 0x7A, 0xD5, 0xFF, 0x21, 0x7A, 0xD5, 0xFF, 0x21, 0x7A, 0xD5, 0xFF,
    0x21, 0x7A, 0xD5, 0xFF, 0x21, 0x7A, 0xD5, 0xFF, 0x21, 0x7A, 0xD5, 0xFF,
    0x21, 0x7A, 0xD4, 0xFD, 0x10, 0x3C, 0x69, 0x51, 0x00, 0x00, 0x00, 0x24,
    0x00, 0x00, 0x00, 0x16, 0x00, 0x00, 0x00, 0x06, 0x00, 0x00, 0x00, 0x00,
    0x00, 0x00, 0x00, 0x00, 0x00, 0x00, 0x00, 0x04, 0x00, 0x00, 0x00, 0x13,
    0x00, 0x00, 0x00, 0x21, 0x00, 0x00, 0x00, 0x2C, 0x1B, 0x66, 0xB4, 0xA0,
    0x20, 0x78, 0xD4, 0xFF, 0x20, 0x78, 0xD4, 0xFF, 0x20, 0x78, 0xD4, 0xFF,
    0x20, 0x78, 0xD4, 0xFF, 0x20, 0x78, 0xD4, 0xFF, 0x20, 0x78, 0xD4, 0xFF,
    0x20, 0x78, 0xD4, 0xFF, 0x20, 0x78, 0xD4, 0xFF, 0x20, 0x78, 0xD4, 0xFF,
    0x20, 0x78, 0xD4, 0xFF, 0x20, 0x78, 0xD4, 0xFF, 0x20, 0x78, 0xD4, 0xFF,
    0x20, 0x78, 0xD4, 0xFF, 0x20, 0x78, 0xD4, 0xFF, 0x20, 0x78, 0xD4, 0xFF,
    0x20, 0x78, 0xD4, 0xFF, 0x20, 0x78, 0xD4, 0xFF, 0x20, 0x78, 0xD4, 0xFF,
    0x20, 0x78, 0xD4, 0xFF, 0x20, 0x78, 0xD4, 0xFF, 0x20, 0x78, 0xD4, 0xFF,
    0x20, 0x78, 0xD4, 0xFF, 0x20, 0x78, 0xD4, 0xFF, 0x20, 0x78, 0xD4, 0xFF,
    0x20, 0x78, 0xD4, 0xFF, 0x20, 0x78, 0xD4, 0xFF, 0x20, 0x78, 0xD4, 0xFF,
    0x20, 0x78, 0xD4, 0xFF, 0x20, 0x78, 0xD4, 0xFF, 0x20, 0x78, 0xD4, 0xFF,
    0x20, 0x78, 0xD4, 0xFF, 0x20, 0x78, 0xD4, 0xFF, 0x20, 0x78, 0xD4, 0xFF,
    0x20, 0x78, 0xD4, 0xFF, 0x20, 0x78, 0xD4, 0xFF, 0x20, 0x78, 0xD4, 0xFF,
    0x1B, 0x66, 0xB4, 0xA0, 0x00, 0x00, 0x00, 0x2C, 0x00, 0x00, 0x00, 0x21,
    0x00, 0x00, 0x00, 0x13, 0x00, 0x00, 0x00, 0x04, 0x00, 0x00, 0x00, 0x00,
    0x00, 0x00, 0x00, 0x00, 0x00, 0x00, 0x00, 0x01, 0x00, 0x00, 0x00, 0x0F,
    0x00, 0x00, 0x00, 0x1C, 0x00, 0x00, 0x00, 0x27, 0x02, 0x08, 0x0E, 0x35,
    0x1C, 0x6C, 0xC2, 0xC3, 0x1E, 0x76, 0xD3, 0xFF, 0x1E, 0x76, 0xD3, 0xFF,
    0x1E, 0x76, 0xD3, 0xFF, 0x1E, 0x76, 0xD3, 0xFF, 0x1E, 0x76, 0xD3, 0xFF,
    0x1E, 0x76, 0xD3, 0xFF, 0x1E, 0x76, 0xD3, 0xFF, 0x1E, 0x76, 0xD3, 0xFF,
    0x1E, 0x76, 0xD3, 0xFF, 0x1E, 0x76, 0xD3, 0xFF, 0x1E, 0x76, 0xD3, 0xFF,
    0x1E, 0x76, 0xD3, 0xFF, 0x1E, 0x76, 0xD3, 0xFF, 0x1E, 0x76, 0xD3, 0xFF,
    0x1E, 0x76, 0xD3, 0xFF, 0x1E, 0x76, 0xD3, 0xFF, 0x1E, 0x76, 0xD3, 0xFF,
    0x1E, 0x76, 0xD3, 0xFF, 0x1E, 0x76, 0xD3, 0xFF, 0x1E, 0x76, 0xD3, 0xFF,
    0x1E, 0x76, 0xD3, 0xFF, 0x1E, 0x76, 0xD3, 0xFF, 0x1E, 0x76, 0xD3, 0xFF,
    0x1E, 0x76, 0xD3, 0xFF, 0x1E, 0x76, 0xD3, 0xFF, 0x1E, 0x76, 0xD3, 0xFF,
    0x1E, 0x76, 0xD3, 0xFF, 0x1E, 0x76, 0xD3, 0xFF, 0x1E, 0x76, 0xD3, 0xFF,
    0x1E, 0x76, 0xD3, 0xFF, 0x1E, 0x76, 0xD3, 0xFF, 0x1E, 0x76, 0xD3, 0xFF,
    0x1E, 0x76, 0xD3, 0xFF, 0x1E, 0x76, 0xD3, 0xFF, 0x1C, 0x6C, 0xC2, 0xC3,
    0x02, 0x08, 0x0E, 0x35, 0x00, 0x00, 0x00, 0x27, 0x00, 0x00, 0x00, 0x1C,
    0x00, 0x00, 0x00, 0x0F, 0x00, 0x00, 0x00, 0x01, 0x00, 0x00, 0x00, 0x00,
    0x00, 0x00, 0x00, 0x00, 0x00, 0x00, 0x00, 0x00, 0x00, 0x00, 0x00, 0x0A,
    0x00, 0x00, 0x00, 0x16, 0x00, 0x00, 0x00, 0x21, 0x00, 0x00, 0x00, 0x2A,
    0x03, 0x0B, 0x14, 0x37, 0x1A, 0x66, 0xB9, 0xAE, 0x1D, 0x73, 0xD2, 0xFF,
    0x1D, 0x73, 0xD2, 0xFF, 0x1D, 0x73, 0xD2, 0xFF, 0x1D, 0x73, 0xD2, 0xFF,
    0x1D, 0x73, 0xD2, 0xFF, 0x1D, 0x73, 0xD2, 0xFF, 0x1D, 0x73, 0xD2, 0xFF,
    0x1D, 0x73, 0xD2, 0xFF, 0x1D, 0x73, 0xD2, 0xFF, 0x1D, 0x73, 0xD2, 0xFF,
    0x1D, 0x73, 0xD2, 0xFF, 0x1D, 0x73, 0xD2, 0xFF, 0x1D, 0x73, 0xD2, 0xFF,
    0x1D, 0x73, 0xD2, 0xFF, 0x1D, 0x73, 0xD2, 0xFF, 0x1D, 0x73, 0xD2, 0xFF,
    0x1D, 0x73, 0xD2, 0xFF, 0x1D, 0x73, 0xD2, 0xFF, 0x1D, 0x73, 0xD2, 0xFF,
    0x1D, 0x73, 0xD2, 0xFF, 0x1D, 0x73, 0xD2, 0xFF, 0x1D, 0x73, 0xD2, 0xFF,
    0x1D, 0x73, 0xD2, 0xFF, 0x1D, 0x73, 0xD2, 0xFF, 0x1D, 0x73, 0xD2, 0xFF,
    0x1D, 0x73, 0xD2, 0xFF, 0x1D, 0x73, 0xD2, 0xFF, 0x1D, 0x73, 0xD2, 0xFF,
    0x1D, 0x73, 0xD2, 0xFF, 0x1D, 0x73, 0xD2, 0xFF, 0x1D, 0x73, 0xD2, 0xFF,
    0x1D, 0x73, 0xD2, 0xFF, 0x1A, 0x66, 0xB9, 0xAE, 0x03, 0x0B, 0x14, 0x37,
    0x00, 0x00, 0x00, 0x2A, 0x00, 0x00, 0x00, 0x21, 0x00, 0x00, 0x00, 0x16,
    0x00, 0x00, 0x00, 0x0A, 0x00, 0x00, 0x00, 0x00, 0x00, 0x00, 0x00, 0x00,
    0x00, 0x00, 0x00, 0x00, 0x00, 0x00, 0x00, 0x00, 0x00, 0x00, 0x00, 0x04,
    0x00, 0x00, 0x00, 0x10, 0x00, 0x00, 0x00, 0x1B, 0x00, 0x00, 0x00, 0x25,
    0x00, 0x00, 0x00, 0x2B, 0x00, 0x00, 0x00, 0x33, 0x11, 0x48, 0x84, 0x68,
    0x1A, 0x6A, 0xC4, 0xCC, 0x1B, 0x71, 0xD1, 0xFF, 0x1B, 0x71, 0xD1, 0xFF,
    0x1B, 0x71, 0xD1, 0xFF, 0x1B, 0x71, 0xD1, 0xFF, 0x1B, 0x71, 0xD1, 0xFF,
    0x1B, 0x71, 0xD1, 0xFF, 0x1B, 0x71, 0xD1, 0xFF, 0x1B, 0x71, 0xD1, 0xFF,
    0x1B, 0x71, 0xD1, 0xFF, 0x1B, 0x71, 0xD1, 0xFF, 0x1B, 0x71, 0xD1, 0xFF,
    0x1B, 0x71, 0xD1, 0xFF, 0x1B, 0x71, 0xD1, 0xFF, 0x1B, 0x71, 0xD1, 0xFF,
    0x1B, 0x71, 0xD1, 0xFF, 0x1B, 0x71, 0xD1, 0xFF, 0x1B, 0x71, 0xD1, 0xFF,
    0x1B, 0x71, 0xD1, 0xFF, 0x1B, 0x71, 0xD1, 0xFF, 0x1B, 0x71, 0xD1, 0xFF,
    0x1B, 0x71, 0xD1, 0xFF, 0x1B, 0x71, 0xD1, 0xFF, 0x1B, 0x71, 0xD1, 0xFF,
    0x1B, 0x71, 0xD1, 0xFF, 0x1B, 0x71, 0xD1, 0xFF, 0x1B, 0x71, 0xD1, 0xFF,
    0x1B, 0x71, 0xD1, 0xFF, 0x1B, 0x71, 0xD1, 0xFF, 0x1A, 0x6A, 0xC4, 0xCC,
    0x11, 0x48, 0x84, 0x68, 0x00, 0x00, 0x00, 0x33, 0x00, 0x00, 0x00, 0x2B,
    0x00, 0x00, 0x00, 0x25, 0x00, 0x00, 0x00, 0x1B, 0x00, 0x00, 0x00, 0x10,
    0x00, 0x00, 0x00, 0x04, 0x00, 0x00, 0x00, 0x00, 0x00, 0x00, 0x00, 0x00,
    0x00, 0x00, 0x00, 0x00, 0x00, 0x00, 0x00, 0x00, 0x00, 0x00, 0x00, 0x00,
    0x00, 0x00, 0x00, 0x0A, 0x00, 0x00, 0x00, 0x13, 0x00, 0x00, 0x00, 0x1C,
    0x00, 0x00, 0x00, 0x25, 0x00, 0x00, 0x00, 0x2A, 0x00, 0x00, 0x00, 0x31,
    0x00, 0x00, 0x00, 0x34, 0x0A, 0x2C, 0x52, 0x4B, 0x12, 0x4F, 0x94, 0x77,
    0x16, 0x5C, 0xAD, 0x99, 0x16, 0x5C, 0xAD, 0x99, 0x16, 0x5C, 0xAD, 0x99,
    0x16, 0x5C, 0xAD, 0x99, 0x16, 0x5C, 0xAD, 0x99, 0x16, 0x5C, 0xAD, 0x99,
    0x16, 0x5C, 0xAD, 0x99, 0x16, 0x5C, 0xAD, 0x99, 0x16, 0x5C, 0xAD, 0x99,
    0x16, 0x5C, 0xAD, 0x99, 0x16, 0x5C, 0xAD, 0x99, 0x16, 0x5C, 0xAD, 0x99,
    0x16, 0x5C, 0xAD, 0x99, 0x16, 0x5C, 0xAD, 0x99, 0x16, 0x5C, 0xAD, 0x99,
    0x16, 0x5C, 0xAD, 0x99, 0x16, 0x5C, 0xAD, 0x99, 0x16, 0x5C, 0xAD, 0x99,
    0x16, 0x5C, 0xAD, 0x99, 0x16, 0x5C, 0xAD, 0x99, 0x16, 0x5C, 0xAD, 0x99,
    0x16, 0x5C, 0xAD, 0x99, 0x16, 0x5C, 0xAD, 0x99, 0x16, 0x5C, 0xAD, 0x99,
    0x12, 0x4F, 0x94, 0x77, 0x0A, 0x2C, 0x52, 0x4B, 0x00, 0x00, 0x00, 0x34,
    0x00, 0x00, 0x00, 0x31, 0x00, 0x00, 0x00, 0x2A, 0x00, 0x00, 0x00, 0x25,
    0x00, 0x00, 0x00, 0x1C, 0x00, 0x00, 0x00, 0x13, 0x00, 0x00, 0x00, 0x0A,
    0x00, 0x00, 0x00, 0x00, 0x00, 0x00, 0x00, 0x00, 0x00, 0x00, 0x00, 0x00,
    0x00, 0x00, 0x00, 0x00, 0x00, 0x00, 0x00, 0x00, 0x00, 0x00, 0x00, 0x00,
    0x00, 0x00, 0x00, 0x01, 0x00, 0x00, 0x00, 0x0C, 0x00, 0x00, 0x00, 0x14,
    0x00, 0x00, 0x00, 0x1C, 0x00, 0x00, 0x00, 0x22, 0x00, 0x00, 0x00, 0x28,
    0x00, 0x00, 0x00, 0x2B, 0x00, 0x00, 0x00, 0x2F, 0x00, 0x00, 0x00, 0x32,
    0x00, 0x00, 0x00, 0x34, 0x00, 0x00, 0x00, 0x34, 0x00, 0x00, 0x00, 0x34,
    0x00, 0x00, 0x00, 0x34, 0x00, 0x00, 0x00, 0x34, 0x00, 0x00, 0x00, 0x34,
    0x00, 0x00, 0x00, 0x34, 0x00, 0x00, 0x00, 0x34, 0x00, 0x00, 0x00, 0x34,
    0x00, 0x00, 0x00, 0x34, 0x00, 0x00, 0x00, 0x34, 0x00, 0x00, 0x00, 0x34,
    0x00, 0x00, 0x00, 0x34, 0x00, 0x00, 0x00, 0x34, 0x00, 0x00, 0x00, 0x34,
    0x00, 0x00, 0x00, 0x34, 0x00, 0x00, 0x00, 0x34, 0x00, 0x00, 0x00, 0x34,
    0x00, 0x00, 0x00, 0x34, 0x00, 0x00, 0x00, 0x34, 0x00, 0x00, 0x00, 0x34,
    0x00, 0x00, 0x00, 0x34, 0x00, 0x00, 0x00, 0x34, 0x00, 0x00, 0x00, 0x34,
    0x00, 0x00, 0x00, 0x32, 0x00, 0x00, 0x00, 0x2F, 0x00, 0x00, 0x00, 0x2B,
    0x00, 0x00, 0x00, 0x28, 0x00, 0x00, 0x00, 0x22, 0x00, 0x00, 0x00, 0x1C,
    0x00, 0x00, 0x00, 0x14, 0x00, 0x00, 0x00, 0x0C, 0x00, 0x00, 0x00, 0x01,
    0x00, 0x00, 0x00, 0x00, 0x00, 0x00, 0x00, 0x00, 0x00, 0x00, 0x00, 0x00,
    0x00, 0x00, 0x00, 0x00, 0x00, 0x00, 0x00, 0x00, 0x00, 0x00, 0x00, 0x00,
    0x00, 0x00, 0x00, 0x00, 0x00, 0x00, 0x00, 0x02, 0x00, 0x00, 0x00, 0x0D,
    0x00, 0x00, 0x00, 0x13, 0x00, 0x00, 0x00, 0x1A, 0x00, 0x00, 0x00, 0x1D,
    0x00, 0x00, 0x00, 0x23, 0x00, 0x00, 0x00, 0x27, 0x00, 0x00, 0x00, 0x28,
    0x00, 0x00, 0x00, 0x28, 0x00, 0x00, 0x00, 0x28, 0x00, 0x00, 0x00, 0x28,
    0x00, 0x00, 0x00, 0x28, 0x00, 0x00, 0x00, 0x28, 0x00, 0x00, 0x00, 0x28,
    0x00, 0x00, 0x00, 0x28, 0x00, 0x00, 0x00, 0x28, 0x00, 0x00, 0x00, 0x28,
    0x00, 0x00, 0x00, 0x28, 0x00, 0x00, 0x00, 0x28, 0x00, 0x00, 0x00, 0x28,
    0x00, 0x00, 0x00, 0x28, 0x00, 0x00, 0x00, 0x28, 0x00, 0x00, 0x00, 0x28,
    0x00, 0x00, 0x00, 0x28, 0x00, 0x00, 0x00, 0x28, 0x00, 0x00, 0x00, 0x28,
    0x00, 0x00, 0x00, 0x28, 0x00, 0x00, 0x00, 0x28, 0x00, 0x00, 0x00, 0x28,
    0x00, 0x00, 0x00, 0x28, 0x00, 0x00, 0x00, 0x28, 0x00, 0x00, 0x00, 0x28,
    0x00, 0x00, 0x00, 0x28, 0x00, 0x00, 0x00, 0x27, 0x00, 0x00, 0x00, 0x23,
    0x00, 0x00, 0x00, 0x1D, 0x00, 0x00, 0x00, 0x1A, 0x00, 0x00, 0x00, 0x13,
    0x00, 0x00, 0x00, 0x0D, 0x00, 0x00, 0x00, 0x02, 0x00, 0x00, 0x00, 0x00,
    0x00, 0x00, 0x00, 0x00, 0x00, 0x00, 0x00, 0x00, 0x00, 0x00, 0x00, 0x00,
    0x00, 0x00, 0x00, 0x00, 0x00, 0x00, 0x00, 0x00, 0x00, 0x00, 0x00, 0x00,
    0x00, 0x00, 0x00, 0x00, 0x00, 0x00, 0x00, 0x00, 0x00, 0x00, 0x00, 0x02,
    0x00, 0x00, 0x00, 0x0B, 0x00, 0x00, 0x00, 0x0F, 0x00, 0x00, 0x00, 0x16,
    0x00, 0x00, 0x00, 0x1B, 0x00, 0x00, 0x00, 0x1B, 0x00, 0x00, 0x00, 0x1D,
    0x00, 0x00, 0x00, 0x1E, 0x00, 0x00, 0x00, 0x1E, 0x00, 0x00, 0x00, 0x1E,
    0x00, 0x00, 0x00, 0x1E, 0x00, 0x00, 0x00, 0x1E, 0x00, 0x00, 0x00, 0x1E,
    0x00, 0x00, 0x00, 0x1E, 0x00, 0x00, 0x00, 0x1E, 0x00, 0x00, 0x00, 0x1E,
    0x00, 0x00, 0x00, 0x1E, 0x00, 0x00, 0x00, 0x1E, 0x00, 0x00, 0x00, 0x1E,
    0x00, 0x00, 0x00, 0x1E, 0x00, 0x00, 0x00, 0x1E, 0x00, 0x00, 0x00, 0x1E,
    0x00, 0x00, 0x00, 0x1E, 0x00, 0x00, 0x00, 0x1E, 0x00, 0x00, 0x00, 0x1E,
    0x00, 0x00, 0x00, 0x1E, 0x00, 0x00, 0x00, 0x1E, 0x00, 0x00, 0x00, 0x1E,
    0x00, 0x00, 0x00, 0x1E, 0x00, 0x00, 0x00, 0x1E, 0x00, 0x00, 0x00, 0x1E,
    0x00, 0x00, 0x00, 0x1D, 0x00, 0x00, 0x00, 0x1B, 0x00, 0x00, 0x00, 0x1B,
    0x00, 0x00, 0x00, 0x16, 0x00, 0x00, 0x00, 0x0F, 0x00, 0x00, 0x00, 0x0B,
    0x00, 0x00, 0x00, 0x02, 0x00, 0x00, 0x00, 0x00, 0x00, 0x00, 0x00, 0x00,
    0x00, 0x00, 0x00, 0x00, 0x00, 0x00, 0x00, 0x00, 0x00, 0x00, 0x00, 0x00,
    0x00, 0x00, 0x00, 0x00, 0x00, 0x00, 0x00, 0x00, 0x00, 0x00, 0x00, 0x00,
    0x00, 0x00, 0x00, 0x00, 0x00, 0x00, 0x00, 0x00, 0x00, 0x00, 0x00, 0x00,
    0x00, 0x00, 0x00, 0x00, 0x00, 0x00, 0x00, 0x07, 0x00, 0x00, 0x00, 0x0D,
    0x00, 0x00, 0x00, 0x0E, 0x00, 0x00, 0x00, 0x12, 0x00, 0x00, 0x00, 0x15,
    0x00, 0x00, 0x00, 0x15, 0x00, 0x00, 0x00, 0x15, 0x00, 0x00, 0x00, 0x15,
    0x00, 0x00, 0x00, 0x15, 0x00, 0x00, 0x00, 0x15, 0x00, 0x00, 0x00, 0x15,
    0x00, 0x00, 0x00, 0x15, 0x00, 0x00, 0x00, 0x15, 0x00, 0x00, 0x00, 0x15,
    0x00, 0x00, 0x00, 0x15, 0x00, 0x00, 0x00, 0x15, 0x00, 0x00, 0x00, 0x15,
    0x00, 0x00, 0x00, 0x15, 0x00, 0x00, 0x00, 0x15, 0x00, 0x00, 0x00, 0x15,
    0x00, 0x00, 0x00, 0x15, 0x00, 0x00, 0x00, 0x15, 0x00, 0x00, 0x00, 0x15,
    0x00, 0x00, 0x00, 0x15, 0x00, 0x00, 0x00, 0x15, 0x00, 0x00, 0x00, 0x15,
    0x00, 0x00, 0x00, 0x15, 0x00, 0x00, 0x00, 0x15, 0x00, 0x00, 0x00, 0x15,
    0x00, 0x00, 0x00, 0x15, 0x00, 0x00, 0x00, 0x12, 0x00, 0x00, 0x00, 0x0E,
    0x00, 0x00, 0x00, 0x0D, 0x00, 0x00, 0x00, 0x07, 0x00, 0x00, 0x00, 0x00,
    0x00, 0x00, 0x00, 0x00, 0x00, 0x00, 0x00, 0x00, 0x00, 0x00, 0x00, 0x00,
    0x00, 0x00, 0x00, 0x00, 0x00, 0x00, 0x00, 0x00, 0x00, 0x00, 0x00, 0x00,
};

const uint8_t ICON_BROWSER_SMALL[] = {
    0x4C, 0x49, 0x43, 0x32, 0x18, 0x18, 0x00, 0x00,
    0x00, 0x00, 0x00, 0x00, 0x00, 0x00, 0x00, 0x00, 0x00, 0x00, 0x00, 0x00,
    0x00, 0x00, 0x00, 0x00, 0x00, 0x00, 0x00, 0x00, 0x00, 0x00, 0x00, 0x00,
    0x00, 0x00, 0x00, 0x00, 0x00, 0x00, 0x00, 0x00, 0x00, 0x00, 0x00, 0x00,
    0x00, 0x00, 0x00, 0x00, 0x00, 0x00, 0x00, 0x00, 0x00, 0x00, 0x00, 0x00,
    0x00, 0x00, 0x00, 0x00, 0x00, 0x00, 0x00, 0x00, 0x00, 0x00, 0x00, 0x00,
    0x00, 0x00, 0x00, 0x00, 0x00, 0x00, 0x00, 0x00, 0x00, 0x00, 0x00, 0x00,
    0x00, 0x00, 0x00, 0x00, 0x00, 0x00, 0x00, 0x00, 0x00, 0x00, 0x00, 0x00,
    0x00, 0x00, 0x00, 0x00, 0x00, 0x00, 0x00, 0x00, 0x00, 0x00, 0x00, 0x00,
    0x00, 0x00, 0x00, 0x00, 0x00, 0x00, 0x00, 0x00, 0x00, 0x00, 0x00, 0x00,
    0x00, 0x00, 0x00, 0x00, 0x87, 0xD8, 0xF8, 0x17, 0x8C, 0xDA, 0xF8, 0x76,
    0x84, 0xD7, 0xF8, 0x93, 0x75, 0xD2, 0xF7, 0x8C, 0x75, 0xD2, 0xF7, 0x8C,
    0x75, 0xD2, 0xF7, 0x8C, 0x75, 0xD2, 0xF7, 0x8C, 0x75, 0xD2, 0xF7, 0x8C,
    0x75, 0xD2, 0xF7, 0x8C, 0x75, 0xD2, 0xF7, 0x8C, 0x75, 0xD2, 0xF7, 0x8C,
    0x75, 0xD2, 0xF7, 0x8C, 0x75, 0xD2, 0xF7, 0x8C, 0x84, 0xD7, 0xF8, 0x93,
    0x8C, 0xDA, 0xF8, 0x76, 0x87, 0xD8, 0xF8, 0x17, 0x00, 0x00, 0x00, 0x00,
    0x00, 0x00, 0x00, 0x00, 0x00, 0x00, 0x00, 0x00, 0x00, 0x00, 0x00, 0x00,
    0x00, 0x00, 0x00, 0x00, 0x00, 0x00, 0x00, 0x00, 0x00, 0x00, 0x00, 0x00,
    0x7E, 0xCF, 0xF2, 0x6C, 0x6B, 0xCB, 0xF4, 0xF4, 0x55, 0xC4, 0xF3, 0xFF,
    0x53, 0xC4, 0xF3, 0xFF, 0x53, 0xC4, 0xF3, 0xFF, 0x53, 0xC4, 0xF3, 0xFF,
    0x53, 0xC4, 0xF3, 0xFF, 0x53, 0xC4, 0xF3, 0xFF, 0x53, 0xC4, 0xF3, 0xFF,
    0x53, 0xC4, 0xF3, 0xFF, 0x53, 0xC4, 0xF3, 0xFF, 0x53, 0xC4, 0xF3, 0xFF,
    0x53, 0xC4, 0xF3, 0xFF, 0x53, 0xC4, 0xF3, 0xFF, 0x53, 0xC4, 0xF3, 0xFF,
    0x55, 0xC4, 0xF3, 0xFF, 0x6B, 0xCB, 0xF4, 0xF4, 0x7E, 0xCF, 0xF2, 0x6C,
    0x00, 0x00, 0x00, 0x00, 0x00, 0x00, 0x00, 0x00, 0x00, 0x00, 0x00, 0x00,
    0x00, 0x00, 0x00, 0x00, 0x00, 0x00, 0x00, 0x00, 0x75, 0xC2, 0xE5, 0x58,
    0x5D, 0xC4, 0xF2, 0xFE, 0x50, 0xBF, 0xF1, 0xFF, 0x50, 0xBF, 0xF1, 0xFF,
    0x50, 0xBF, 0xF1, 0xFF, 0x50, 0xBF, 0xF1, 0xFF, 0x50, 0xBF, 0xF1, 0xFF,
    0x50, 0xBF, 0xF1, 0xFF, 0x50, 0xBF, 0xF1, 0xFF, 0x50, 0xBF, 0xF1, 0xFF,
    0x50, 0xBF, 0xF1, 0xFF, 0x50, 0xBF, 0xF1, 0xFF, 0x50, 0xBF, 0xF1, 0xFF,
    0x50, 0xBF, 0xF1, 0xFF, 0x50, 0xBF, 0xF1, 0xFF, 0x50, 0xBF, 0xF1, 0xFF,
    0x50, 0xBF, 0xF1, 0xFF, 0x50, 0xBF, 0xF1, 0xFF, 0x5D, 0xC4, 0xF2, 0xFE,
    0x75, 0xC2, 0xE5, 0x58, 0x00, 0x00, 0x00, 0x00, 0x00, 0x00, 0x00, 0x00,
    0x00, 0x00, 0x00, 0x00, 0x00, 0x00, 0x00, 0x04, 0x64, 0xBE, 0xEA, 0xD8,
    0x4D, 0xBB, 0xF0, 0xFF, 0x4D, 0xBB, 0xF0, 0xFF, 0x4D, 0xBB, 0xF0, 0xFF,
    0x4D, 0xBB, 0xF0, 0xFF, 0x4D, 0xBB, 0xF0, 0xFF, 0x4D, 0xBB, 0xF0, 0xFF,
    0x4D, 0xBB, 0xF0, 0xFF, 0x4D, 0xBB, 0xF0, 0xFF, 0x4D, 0xBB, 0xF0, 0xFF,
    0x4D, 0xBB, 0xF0, 0xFF, 0x4D, 0xBB, 0xF0, 0xFF, 0x4D, 0xBB, 0xF0, 0xFF,
    0x4D, 0xBB, 0xF0, 0xFF, 0x4D, 0xBB, 0xF0, 0xFF, 0x4D, 0xBB, 0xF0, 0xFF,
    0x4D, 0xBB, 0xF0, 0xFF, 0x4D, 0xBB, 0xF0, 0xFF, 0x4D, 0xBB, 0xF0, 0xFF,
    0x64, 0xBE, 0xEA, 0xD8, 0x00, 0x00, 0x00, 0x04, 0x00, 0x00, 0x00, 0x00,
    0x00, 0x00, 0x00, 0x00, 0x3A, 0x65, 0x7C, 0x25, 0x5A, 0xBD, 0xEF, 0xFF,
    0x4A, 0xB6, 0xEE, 0xFF, 0x4A, 0xB6, 0xEE, 0xFF, 0x4A, 0xB6, 0xEE, 0xFF,
    0x4A, 0xB6, 0xEE, 0xFF, 0x4A, 0xB6, 0xEE, 0xFF, 0x4A, 0xB6, 0xEE, 0xFF,
    0x4A, 0xB6, 0xEE, 0xFF, 0x4A, 0xB6, 0xEE, 0xFF, 0x4A, 0xB6, 0xEE, 0xFF,
    0x4A, 0xB6, 0xEE, 0xFF, 0x4A, 0xB6, 0xEE, 0xFF, 0x4A, 0xB6, 0xEE, 0xFF,
    0x4A, 0xB6, 0xEE, 0xFF, 0x4A, 0xB6, 0xEE, 0xFF, 0x4A, 0xB6, 0xEE, 0xFF,
    0x4A, 0xB6, 0xEE, 0xFF, 0x4A, 0xB6, 0xEE, 0xFF, 0x4A, 0xB6, 0xEE, 0xFF,
    0x5A, 0xBD, 0xEF, 0xFF, 0x3A, 0x65, 0x7C, 0x25, 0x00, 0x00, 0x00, 0x00,
    0x00, 0x00, 0x00, 0x01, 0x3F, 0x72, 0x8E, 0x40, 0x52, 0xB7, 0xED, 0xFF,
    0x47, 0xB2, 0xEC, 0xFF, 0x47, 0xB2, 0xEC, 0xFF, 0x47, 0xB2, 0xEC, 0xFF,
    0x47, 0xB2, 0xEC, 0xFF, 0x47, 0xB2, 0xEC, 0xFF, 0x4D, 0xB5, 0xED, 0xFF,
    0xA6, 0xDD, 0xF7, 0xFF, 0xD8, 0xF1, 0xFC, 0xFF, 0xEB, 0xF9, 0xFE, 0xFF,
    0xEB, 0xF9, 0xFE, 0xFF, 0xD8, 0xF1, 0xFC, 0xFF, 0xA6, 0xDD, 0xF7, 0xFF,
    0x4D, 0xB5, 0xED, 0xFF, 0x47, 0xB2, 0xEC, 0xFF, 0x47, 0xB2, 0xEC, 0xFF,
    0x47, 0xB2, 0xEC, 0xFF, 0x47, 0xB2, 0xEC, 0xFF, 0x47, 0xB2, 0xEC, 0xFF,
    0x52, 0xB7, 0xED, 0xFF, 0x3F, 0x72, 0x8E, 0x40, 0x00, 0x00, 0x00, 0x01,
    0x00, 0x00, 0x00, 0x03, 0x39, 0x6B, 0x87, 0x42, 0x4E, 0xB2, 0xEB, 0xFF,
    0x44, 0xAE, 0xEA, 0xFF, 0x44, 0xAE, 0xEA, 0xFF, 0x44, 0xAE, 0xEA, 0xFF,
    0x44, 0xAE, 0xEA, 0xFF, 0x5F, 0xBA, 0xED, 0xFF, 0xD5, 0xEF, 0xFC, 0xFF,
    0xB3, 0xE5, 0xFA, 0xFF, 0xC9, 0xEC, 0xFB, 0xFF, 0x9F, 0xDE, 0xF8, 0xFF,
    0x9F, 0xDE, 0xF8, 0xFF, 0xC9, 0xEC, 0xFB, 0xFF, 0xB3, 0xE5, 0xFA, 0xFF,
    0xD5, 0xEF, 0xFC, 0xFF, 0x5F, 0xBA, 0xED, 0xFF, 0x44, 0xAE, 0xEA, 0xFF,
    0x44, 0xAE, 0xEA, 0xFF, 0x44, 0xAE, 0xEA, 0xFF, 0x44, 0xAE, 0xEA, 0xFF,
    0x4E, 0xB2, 0xEB, 0xFF, 0x39, 0x6B, 0x87, 0x42, 0x00, 0x00, 0x00, 0x03,
    0x00, 0x00, 0x00, 0x04, 0x34, 0x66, 0x84, 0x41, 0x49, 0xAD, 0xE9, 0xFF,
    0x41, 0xA9, 0xE8, 0xFF, 0x41, 0xA9, 0xE8, 0xFF, 0x41, 0xA9, 0xE8, 0xFF,
    0x4C, 0xAE, 0xEA, 0xFF, 0xDC, 0xF1, 0xFC, 0xFF, 0xB5, 0xE2, 0xF9, 0xFF,
    0xAB, 0xDF, 0xF8, 0xFF, 0xD4, 0xEF, 0xFC, 0xFF, 0xAB, 0xDF, 0xF8, 0xFF,
    0xAB, 0xDF, 0xF8, 0xFF, 0xD4, 0xEF, 0xFC, 0xFF, 0xAB, 0xDF, 0xF8, 0xFF,
    0xB5, 0xE2, 0xF9, 0xFF, 0xDC, 0xF1, 0xFC, 0xFF, 0x4C, 0xAE, 0xEA, 0xFF,
    0x41, 0xA9, 0xE8, 0xFF, 0x41, 0xA9, 0xE8, 0xFF, 0x41, 0xA9, 0xE8, 0xFF,
    0x49, 0xAD, 0xE9, 0xFF, 0x34, 0x66, 0x84, 0x41, 0x00, 0x00, 0x00, 0x04,
    0x00, 0x00, 0x00, 0x04, 0x30, 0x61, 0x81, 0x40, 0x45, 0xA8, 0xE7, 0xFF,
    0x3E, 0xA5, 0xE6, 0xFF, 0x3E, 0xA5, 0xE6, 0xFF, 0x3E, 0xA5, 0xE6, 0xFF,
    0x9F, 0xD4, 0xF4, 0xFF, 0xB6, 0xE1, 0xF8, 0xFF, 0xA5, 0xDA, 0xF7, 0xFF,
    0xB5, 0xE0, 0xF8, 0xFF, 0xC2, 0xE6, 0xF9, 0xFF, 0xA5, 0xDA, 0xF7, 0xFF,
    0xA5, 0xDA, 0xF7, 0xFF, 0xC2, 0xE6, 0xF9, 0xFF, 0xB5, 0xE0, 0xF8, 0xFF,
    0xA5, 0xDA, 0xF7, 0xFF, 0xB6, 0xE1, 0xF8, 0xFF, 0x9F, 0xD4, 0xF4, 0xFF,
    0x3E, 0xA5, 0xE6, 0xFF, 0x3E, 0xA5, 0xE6, 0xFF, 0x3E, 0xA5, 0xE6, 0xFF,
    0x45, 0xA8, 0xE7, 0xFF, 0x30, 0x61, 0x81, 0x40, 0x00, 0x00, 0x00, 0x04,
    0x00, 0x00, 0x00, 0x04, 0x2B, 0x5D, 0x7E, 0x40, 0x40, 0xA3, 0xE5, 0xFF,
    0x3B, 0xA0, 0xE5, 0xFF, 0x3B, 0xA0, 0xE5, 0xFF, 0x3B, 0xA0, 0xE5, 0xFF,
    0xC8, 0xE6, 0xF9, 0xFF, 0x82, 0xC8, 0xF2, 0xFF, 0x82, 0xC8, 0xF2, 0xFF,
    0xA7, 0xD8, 0xF6, 0xFF, 0x9E, 0xD4, 0xF5, 0xFF, 0x82, 0xC8, 0xF2, 0xFF,
    0x82, 0xC8, 0xF2, 0xFF, 0x9E, 0xD4, 0xF5, 0xFF, 0xA7, 0xD8, 0xF6, 0xFF,
    0x82, 0xC8, 0xF2, 0xFF, 0x82, 0xC8, 0xF2, 0xFF, 0xC8, 0xE6, 0xF9, 0xFF,
    0x3B, 0xA0, 0xE5, 0xFF, 0x3B, 0xA0, 0xE5, 0xFF, 0x3B, 0xA0, 0xE5, 0xFF,
    0x40, 0xA3, 0xE5, 0xFF, 0x2B, 0x5D, 0x7E, 0x40, 0x00, 0x00, 0x00, 0x04,
    0x00, 0x00, 0x00, 0x04, 0x25, 0x58, 0x7B, 0x3F, 0x3C, 0x9E, 0xE3, 0xFF,
    0x38, 0x9C, 0xE3, 0xFF, 0x38, 0x9C, 0xE3, 0xFF, 0x38, 0x9C, 0xE3, 0xFF,
    0xD3, 0xEA, 0xFA, 0xFF, 0x99, 0xD0, 0xF4, 0xFF, 0x99, 0xD0, 0xF4, 0xFF,
    0xBC, 0xE0, 0xF8, 0xFF, 0xA9, 0xD7, 0xF6, 0xFF, 0x99, 0xD0, 0xF4, 0xFF,
    0x99, 0xD0, 0xF4, 0xFF, 0xA9, 0xD7, 0xF6, 0xFF, 0xBC, 0xE0, 0xF8, 0xFF,
    0x99, 0xD0, 0xF4, 0xFF, 0x99, 0xD0, 0xF4, 0xFF, 0xD3, 0xEA, 0xFA, 0xFF,
    0x38, 0x9C, 0xE3, 0xFF, 0x38, 0x9C, 0xE3, 0xFF, 0x38, 0x9C, 0xE3, 0xFF,
    0x3C, 0x9E, 0xE3, 0xFF, 0x25, 0x58, 0x7B, 0x3F, 0x00, 0x00, 0x00, 0x04,
    0x00, 0x00, 0x00, 0x04, 0x20, 0x52, 0x78, 0x3E, 0x37, 0x99, 0xE1, 0xFF,
    0x35, 0x98, 0xE1, 0xFF, 0x35, 0x98, 0xE1, 0xFF, 0x35, 0x98, 0xE1, 0xFF,
    0xD0, 0xE8, 0xF9, 0xFF, 0x93, 0xCA, 0xF2, 0xFF, 0x93, 0xCA, 0xF2, 0xFF,
    0xB8, 0xDC, 0xF7, 0xFF, 0xA4, 0xD3, 0xF4, 0xFF, 0x93, 0xCA, 0xF2, 0xFF,
    0x93, 0xCA, 0xF2, 0xFF, 0xA4, 0xD3, 0xF4, 0xFF, 0xB8, 0xDC, 0xF7, 0xFF,
    0x93, 0xCA, 0xF2, 0xFF, 0x93, 0xCA, 0xF2, 0xFF, 0xD0, 0xE8, 0xF9, 0xFF,
    0x35, 0x98, 0xE1, 0xFF, 0x35, 0x98, 0xE1, 0xFF, 0x35, 0x98, 0xE1, 0xFF,
    0x37, 0x99, 0xE1, 0xFF, 0x20, 0x52, 0x78, 0x3E, 0x00, 0x00, 0x00, 0x04,
    0x00, 0x00, 0x00, 0x04, 0x1B, 0x4D, 0x75, 0x3D, 0x33, 0x93, 0xDF, 0xFF,
    0x32, 0x93, 0xDF, 0xFF, 0x32, 0x93, 0xDF, 0xFF, 0x32, 0x93, 0xDF, 0xFF,
    0xC0, 0xDF, 0xF7, 0xFF, 0x6B, 0xB4, 0xED, 0xFF, 0x6B, 0xB4, 0xED, 0xFF,
    0x96, 0xCA, 0xF2, 0xFF, 0x8B, 0xC5, 0xF1, 0xFF, 0x6B, 0xB4, 0xED, 0xFF,
    0x6B, 0xB4, 0xED, 0xFF, 0x8B, 0xC5, 0xF1, 0xFF, 0x96, 0xCA, 0xF2, 0xFF,
    0x6B, 0xB4, 0xED, 0xFF, 0x6B, 0xB4, 0xED, 0xFF, 0xC0, 0xDF, 0xF7, 0xFF,
    0x32, 0x93, 0xDF, 0xFF, 0x32, 0x93, 0xDF, 0xFF, 0x32, 0x93, 0xDF, 0xFF,
    0x33, 0x93, 0xDF, 0xFF, 0x1B, 0x4D, 0x75, 0x3D, 0x00, 0x00, 0x00, 0x04,
    0x00, 0x00, 0x00, 0x04, 0x19, 0x4A, 0x73, 0x3D, 0x2F, 0x8F, 0xDD, 0xFF,
    0x2F, 0x8F, 0xDD, 0xFF, 0x2F, 0x8F, 0xDD, 0xFF, 0x2F, 0x8F, 0xDD, 0xFF,
    0x8F, 0xC3, 0xEE, 0xFF, 0x9D, 0xCC, 0xF2, 0xFF, 0x87, 0xC0, 0xEF, 0xFF,
    0x9C, 0xCB, 0xF2, 0xFF, 0xAD, 0xD4, 0xF4, 0xFF, 0x87, 0xC0, 0xEF, 0xFF,
    0x87, 0xC0, 0xEF, 0xFF, 0xAD, 0xD4, 0xF4, 0xFF, 0x9C, 0xCB, 0xF2, 0xFF,
    0x87, 0xC0, 0xEF, 0xFF, 0x9D, 0xCC, 0xF2, 0xFF, 0x8F, 0xC3, 0xEE, 0xFF,
    0x2F, 0x8F, 0xDD, 0xFF, 0x2F, 0x8F, 0xDD, 0xFF, 0x2F, 0x8F, 0xDD, 0xFF,
    0x2F, 0x8F, 0xDD, 0xFF, 0x19, 0x4A, 0x73, 0x3D, 0x00, 0x00, 0x00, 0x04,
    0x00, 0x00, 0x00, 0x04, 0x17, 0x48, 0x72, 0x3D, 0x2D, 0x8A, 0xDB, 0xFF,
    0x2D, 0x8A, 0xDB, 0xFF, 0x2D, 0x8A, 0xDB, 0xFF, 0x2D, 0x8A, 0xDB, 0xFF,
    0x37, 0x90, 0xDD, 0xFF, 0xCF, 0xE5, 0xF8, 0xFF, 0x8F, 0xC3, 0xF0, 0xFF,
    0x81, 0xBB, 0xEE, 0xFF, 0xBE, 0xDC, 0xF6, 0xFF, 0x81, 0xBB, 0xEE, 0xFF,
    0x81, 0xBB, 0xEE, 0xFF, 0xBE, 0xDC, 0xF6, 0xFF, 0x81, 0xBB, 0xEE, 0xFF,
    0x8F, 0xC3, 0xF0, 0xFF, 0xCF, 0xE5, 0xF8, 0xFF, 0x37, 0x90, 0xDD, 0xFF,
    0x2D, 0x8A, 0xDB, 0xFF, 0x2D, 0x8A, 0xDB, 0xFF, 0x2D, 0x8A, 0xDB, 0xFF,
    0x2D, 0x8A, 0xDB, 0xFF, 0x17, 0x48, 0x72, 0x3D, 0x00, 0x00, 0x00, 0x04,
    0x00, 0x00, 0x00, 0x04, 0x16, 0x46, 0x71, 0x3D, 0x2A, 0x86, 0xDA, 0xFF,
    0x2A, 0x86, 0xDA, 0xFF, 0x2A, 0x86, 0xDA, 0xFF, 0x2A, 0x86, 0xDA, 0xFF,
    0x2A, 0x86, 0xDA, 0xFF, 0x43, 0x94, 0xDF, 0xFF, 0xBF, 0xDB, 0xF5, 0xFF,
    0x7D, 0xB8, 0xED, 0xFF, 0xA2, 0xCC, 0xF2, 0xFF, 0x5C, 0xA5, 0xE8, 0xFF,
    0x5C, 0xA5, 0xE8, 0xFF, 0xA2, 0xCC, 0xF2, 0xFF, 0x7D, 0xB8, 0xED, 0xFF,
    0xBF, 0xDB, 0xF5, 0xFF, 0x43, 0x94, 0xDF, 0xFF, 0x2A, 0x86, 0xDA, 0xFF,
    0x2A, 0x86, 0xDA, 0xFF, 0x2A, 0x86, 0xDA, 0xFF, 0x2A, 0x86, 0xDA, 0xFF,
    0x2A, 0x86, 0xDA, 0xFF, 0x16, 0x46, 0x71, 0x3D, 0x00, 0x00, 0x00, 0x04,
    0x00, 0x00, 0x00, 0x04, 0x11, 0x38, 0x5D, 0x35, 0x27, 0x82, 0xD8, 0xFF,
    0x27, 0x82, 0xD8, 0xFF, 0x27, 0x82, 0xD8, 0xFF, 0x27, 0x82, 0xD8, 0xFF,
    0x27, 0x82, 0xD8, 0xFF, 0x27, 0x82, 0xD8, 0xFF, 0x2C, 0x85, 0xD9, 0xFF,
    0x84, 0xB9, 0xEA, 0xFF, 0xBD, 0xDA, 0xF5, 0xFF, 0xD8, 0xE9, 0xF9, 0xFF,
    0xD8, 0xE9, 0xF9, 0xFF, 0xBD, 0xDA, 0xF5, 0xFF, 0x84, 0xB9, 0xEA, 0xFF,
    0x2C, 0x85, 0xD9, 0xFF, 0x27, 0x82, 0xD8, 0xFF, 0x27, 0x82, 0xD8, 0xFF,
    0x27, 0x82, 0xD8, 0xFF, 0x27, 0x82, 0xD8, 0xFF, 0x27, 0x82, 0xD8, 0xFF,
    0x27, 0x82, 0xD8, 0xFF, 0x11, 0x38, 0x5D, 0x35, 0x00, 0x00, 0x00, 0x04,
    0x00, 0x00, 0x00, 0x03, 0x00, 0x00, 0x00, 0x20, 0x23, 0x7A, 0xD0, 0xE7,
    0x24, 0x7D, 0xD6, 0xFF, 0x24, 0x7D, 0xD6, 0xFF, 0x24, 0x7D, 0xD6, 0xFF,
    0x24, 0x7D, 0xD6, 0xFF, 0x24, 0x7D, 0xD6, 0xFF, 0x24, 0x7D, 0xD6, 0xFF,
    0x24, 0x7D, 0xD6, 0xFF, 0x24, 0x7D, 0xD6, 0xFF, 0x24, 0x7D, 0xD6, 0xFF,
    0x24, 0x7D, 0xD6, 0xFF, 0x24, 0x7D, 0xD6, 0xFF, 0x24, 0x7D, 0xD6, 0xFF,
    0x24, 0x7D, 0xD6, 0xFF, 0x24, 0x7D, 0xD6, 0xFF, 0x24, 0x7D, 0xD6, 0xFF,
    0x24, 0x7D, 0xD6, 0xFF, 0x24, 0x7D, 0xD6, 0xFF, 0x24, 0x7D, 0xD6, 0xFF,
    0x23, 0x7A, 0xD0, 0xE7, 0x00, 0x00, 0x00, 0x20, 0x00, 0x00, 0x00, 0x03,
    0x00, 0x00, 0x00, 0x02, 0x00, 0x00, 0x00, 0x1B, 0x1A, 0x60, 0xA8, 0x88,
    0x21, 0x79, 0xD4, 0xFF, 0x21, 0x79, 0xD4, 0xFF, 0x21, 0x79, 0xD4, 0xFF,
    0x21, 0x79, 0xD4, 0xFF, 0x21, 0x79, 0xD4, 0xFF, 0x21, 0x79, 0xD4, 0xFF,
    0x21, 0x79, 0xD4, 0xFF, 0x21, 0x79, 0xD4, 0xFF, 0x21, 0x79, 0xD4, 0xFF,
    0x21, 0x79, 0xD4, 0xFF, 0x21, 0x79, 0xD4, 0xFF, 0x21, 0x79, 0xD4, 0xFF,
    0x21, 0x79, 0xD4, 0xFF, 0x21, 0x79, 0xD4, 0xFF, 0x21, 0x79, 0xD4, 0xFF,
    0x21, 0x79, 0xD4, 0xFF, 0x21, 0x79, 0xD4, 0xFF, 0x21, 0x79, 0xD4, 0xFF,
    0x1A, 0x60, 0xA8, 0x88, 0x00, 0x00, 0x00, 0x1B, 0x00, 0x00, 0x00, 0x02,
    0x00, 0x00, 0x00, 0x00, 0x00, 0x00, 0x00, 0x13, 0x00, 0x00, 0x00, 0x29,
    0x1A, 0x66, 0xB8, 0xAB, 0x1E, 0x74, 0xD2, 0xFF, 0x1E, 0x74, 0xD2, 0xFF,
    0x1E, 0x74, 0xD2, 0xFF, 0x1E, 0x74, 0xD2, 0xFF, 0x1E, 0x74, 0xD2, 0xFF,
    0x1E, 0x74, 0xD2, 0xFF, 0x1E, 0x74, 0xD2, 0xFF, 0x1E, 0x74, 0xD2, 0xFF,
    0x1E, 0x74, 0xD2, 0xFF, 0x1E, 0x74, 0xD2, 0xFF, 0x1E, 0x74, 0xD2, 0xFF,
    0x1E, 0x74, 0xD2, 0xFF, 0x1E, 0x74, 0xD2, 0xFF, 0x1E, 0x74, 0xD2, 0xFF,
    0x1E, 0x74, 0xD2, 0xFF, 0x1E, 0x74, 0xD2, 0xFF, 0x1A, 0x66, 0xB8, 0xAB,
    0x00, 0x00, 0x00, 0x29, 0x00, 0x00, 0x00, 0x13, 0x00, 0x00, 0x00, 0x00,
    0x00, 0x00, 0x00, 0x00, 0x00, 0x00, 0x00, 0x07, 0x00, 0x00, 0x00, 0x1C,
    0x00, 0x00, 0x00, 0x2B, 0x11, 0x48, 0x85, 0x68, 0x18, 0x64, 0xB9, 0xB2,
    0x19, 0x69, 0xC3, 0xCC, 0x19, 0x69, 0xC3, 0xCC, 0x19, 0x69, 0xC3, 0xCC,
    0x19, 0x69, 0xC3, 0xCC, 0x19, 0x69, 0xC3, 0xCC, 0x19, 0x69, 0xC3, 0xCC,
    0x19, 0x69, 0xC3, 0xCC, 0x19, 0x69, 0xC3, 0xCC, 0x19, 0x69, 0xC3, 0xCC,
    0x19, 0x69, 0xC3, 0xCC, 0x19, 0x69, 0xC3, 0xCC, 0x19, 0x69, 0xC3, 0xCC,
    0x18, 0x64, 0xB9, 0xB2, 0x11, 0x48, 0x85, 0x68, 0x00, 0x00, 0x00, 0x2B,
    0x00, 0x00, 0x00, 0x1C, 0x00, 0x00, 0x00, 0x07, 0x00, 0x00, 0x00, 0x00,
    0x00, 0x00, 0x00, 0x00, 0x00, 0x00, 0x00, 0x00, 0x00, 0x00, 0x00, 0x0C,
    0x00, 0x00, 0x00, 0x1B, 0x00, 0x00, 0x00, 0x25, 0x00, 0x00, 0x00, 0x2C,
    0x00, 0x00, 0x00, 0x2E, 0x00, 0x00, 0x00, 0x2E, 0x00, 0x00, 0x00, 0x2E,
    0x00, 0x00, 0x00, 0x2E, 0x00, 0x00, 0x00, 0x2E, 0x00, 0x00, 0x00, 0x2E,
    0x00, 0x00, 0x00, 0x2E, 0x00, 0x00, 0x00, 0x2E, 0x00, 0x00, 0x00, 0x2E,
    0x00, 0x00, 0x00, 0x2E, 0x00, 0x00, 0x00, 0x2E, 0x00, 0x00, 0x00, 0x2E,
    0x00, 0x00, 0x00, 0x2C, 0x00, 0x00, 0x00, 0x25, 0x00, 0x00, 0x00, 0x1B,
    0x00, 0x00, 0x00, 0x0C, 0x00, 0x00, 0x00, 0x00, 0x00, 0x00, 0x00, 0x00,
    0x00, 0x00, 0x00, 0x00, 0x00, 0x00, 0x00, 0x00, 0x00, 0x00, 0x00, 0x00,
    0x00, 0x00, 0x00, 0x08, 0x00, 0x00, 0x00, 0x13, 0x00, 0x00, 0x00, 0x17,
    0x00, 0x00, 0x00, 0x1B, 0x00, 0x00, 0x00, 0x1B, 0x00, 0x00, 0x00, 0x1B,
    0x00, 0x00, 0x00, 0x1B, 0x00, 0x00, 0x00, 0x1B, 0x00, 0x00, 0x00, 0x1B,
    0x00, 0x00, 0x00, 0x1B, 0x00, 0x00, 0x00, 0x1B, 0x00, 0x00, 0x00, 0x1B,
    0x00, 0x00, 0x00, 0x1B, 0x00, 0x00, 0x00, 0x1B, 0x00, 0x00, 0x00, 0x1B,
    0x00, 0x00, 0x00, 0x17, 0x00, 0x00, 0x00, 0x13, 0x00, 0x00, 0x00, 0x08,
    0x00, 0x00, 0x00, 0x00, 0x00, 0x00, 0x00, 0x00, 0x00, 0x00, 0x00, 0x00,
};

const uint8_t ICON_APPLICATION[] = {
    0x4C, 0x49, 0x43, 0x32, 0x30, 0x30, 0x00, 0x00,
    0x00, 0x00, 0x00, 0x00, 0x00, 0x00, 0x00, 0x00, 0x00, 0x00, 0x00, 0x00,
    0x00, 0x00, 0x00, 0x00, 0x00, 0x00, 0x00, 0x00, 0x00, 0x00, 0x00, 0x00,
    0x00, 0x00, 0x00, 0x00, 0x00, 0x00, 0x00, 0x00, 0x00, 0x00, 0x00, 0x00,
    0x00, 0x00, 0x00, 0x00, 0x00, 0x00, 0x00, 0x00, 0x00, 0x00, 0x00, 0x00,
    0x00, 0x00, 0x00, 0x00, 0x00, 0x00, 0x00, 0x00, 0x00, 0x00, 0x00, 0x00,
    0x00, 0x00, 0x00, 0x00, 0x00, 0x00, 0x00, 0x00, 0x00, 0x00, 0x00, 0x00,
    0x00, 0x00, 0x00, 0x00, 0x00, 0x00, 0x00, 0x00, 0x00, 0x00, 0x00, 0x00,
    0x00, 0x00, 0x00, 0x00, 0x00, 0x00, 0x00, 0x00, 0x00, 0x00, 0x00, 0x00,
    0x00, 0x00, 0x00, 0x00, 0x00, 0x00, 0x00, 0x00, 0x00, 0x00, 0x00, 0x00,
    0x00, 0x00, 0x00, 0x00, 0x00, 0x00, 0x00, 0x00, 0x00, 0x00, 0x00, 0x00,
    0x00, 0x00, 0x00, 0x00, 0x00, 0x00, 0x00, 0x00, 0x00, 0x00, 0x00, 0x00,
    0x00, 0x00, 0x00, 0x00, 0x00, 0x00, 0x00, 0x00, 0x00, 0x00, 0x00, 0x00,
    0x00, 0x00, 0x00, 0x00, 0x00, 0x00, 0x00, 0x00, 0x00, 0x00, 0x00, 0x00,
    0x00, 0x00, 0x00, 0x00, 0x00, 0x00, 0x00, 0x00, 0x00, 0x00, 0x00, 0x00,
    0x00, 0x00, 0x00, 0x00, 0x00, 0x00, 0x00, 0x00, 0x00, 0x00, 0x00, 0x00,
    0x00, 0x00, 0x00, 0x00, 0x00, 0x00, 0x00, 0x00, 0x00, 0x00, 0x00, 0x00,
    0x00, 0x00, 0x00, 0x00, 0x00, 0x00, 0x00, 0x00, 0x00, 0x00, 0x00, 0x00,
    0x00, 0x00, 0x00, 0x00, 0x00, 0x00, 0x00, 0x00, 0x00, 0x00, 0x00, 0x00,
    0x00, 0x00, 0x00, 0x00, 0x00, 0x00, 0x00, 0x00, 0x00, 0x00, 0x00, 0x00,
    0x00, 0x00, 0x00, 0x00, 0x00, 0x00, 0x00, 0x00, 0x00, 0x00, 0x00, 0x00,
    0x00, 0x00, 0x00, 0x00, 0x00, 0x00, 0x00, 0x00, 0x00, 0x00, 0x00, 0x00,
    0x00, 0x00, 0x00, 0x00, 0x00, 0x00, 0x00, 0x00, 0x00, 0x00, 0x00, 0x00,
    0x00, 0x00, 0x00, 0x00, 0x00, 0x00, 0x00, 0x00, 0x00, 0x00, 0x00, 0x00,
    0x00, 0x00, 0x00, 0x00, 0x00, 0x00, 0x00, 0x00, 0x00, 0x00, 0x00, 0x00,
    0x00, 0x00, 0x00, 0x00, 0x00, 0x00, 0x00, 0x00, 0x00, 0x00, 0x00, 0x00,
    0x00, 0x00, 0x00, 0x00, 0x00, 0x00, 0x00, 0x00, 0x00, 0x00, 0x00, 0x00,
    0x00, 0x00, 0x00, 0x00, 0x00, 0x00, 0x00, 0x00, 0x00, 0x00, 0x00, 0x00,
    0x00, 0x00, 0x00, 0x00, 0x00, 0x00, 0x00, 0x00, 0x00, 0x00, 0x00, 0x00,
    0x00, 0x00, 0x00, 0x00, 0x00, 0x00, 0x00, 0x00, 0x00, 0x00, 0x00, 0x00,
    0x00, 0x00, 0x00, 0x00, 0x00, 0x00, 0x00, 0x00, 0x00, 0x00, 0x00, 0x00,
    0x00, 0x00, 0x00, 0x00, 0x00, 0x00, 0x00, 0x00, 0x00, 0x00, 0x00, 0x00,
    0x00, 0x00, 0x00, 0x00, 0x00, 0x00, 0x00, 0x00, 0x00, 0x00, 0x00, 0x00,
    0x00, 0x00, 0x00, 0x00, 0x00, 0x00, 0x00, 0x00, 0x00, 0x00, 0x00, 0x00,
    0x00, 0x00, 0x00, 0x00, 0x00, 0x00, 0x00, 0x00, 0x00, 0x00, 0x00, 0x00,
    0x00, 0x00, 0x00, 0x00, 0x00, 0x00, 0x00, 0x00, 0x00, 0x00, 0x00, 0x00,
    0x00, 0x00, 0x00, 0x00, 0x00, 0x00, 0x00, 0x00, 0x00, 0x00, 0x00, 0x00,
    0x00, 0x00, 0x00, 0x00, 0x00, 0x00, 0x00, 0x00, 0x00, 0x00, 0x00, 0x00,
    0x00, 0x00, 0x00, 0x00, 0x00, 0x00, 0x00, 0x00, 0x00, 0x00, 0x00, 0x00,
    0x00, 0x00, 0x00, 0x00, 0x00, 0x00, 0x00, 0x00, 0x00, 0x00, 0x00, 0x00,
    0x00, 0x00, 0x00, 0x00, 0x00, 0x00, 0x00, 0x00, 0x00, 0x00, 0x00, 0x00,
    0x00, 0x00, 0x00, 0x00, 0x00, 0x00, 0x00, 0x00, 0x00, 0x00, 0x00, 0x00,
    0x00, 0x00, 0x00, 0x00, 0x00, 0x00, 0x00, 0x00, 0x00, 0x00, 0x00, 0x00,
    0x00, 0x00, 0x00, 0x00, 0x00, 0x00, 0x00, 0x00, 0x00, 0x00, 0x00, 0x00,
    0x00, 0x00, 0x00, 0x00, 0x00, 0x00, 0x00, 0x00, 0x00, 0x00, 0x00, 0x00,
    0x00, 0x00, 0x00, 0x00, 0x00, 0x00, 0x00, 0x00, 0x00, 0x00, 0x00, 0x00,
    0x00, 0x00, 0x00, 0x00, 0x00, 0x00, 0x00, 0x00, 0x00, 0x00, 0x00, 0x00,
    0x00, 0x00, 0x00, 0x00, 0x00, 0x00, 0x00, 0x00, 0x00, 0x00, 0x00, 0x00,
    0x00, 0x00, 0x00, 0x00, 0x00, 0x00, 0x00, 0x00, 0x00, 0x00, 0x00, 0x00,
    0x00, 0x00, 0x00, 0x00, 0x00, 0x00, 0x00, 0x00, 0x00, 0x00, 0x00, 0x00,
    0x00, 0x00, 0x00, 0x00, 0x00, 0x00, 0x00, 0x00, 0x00, 0x00, 0x00, 0x00,
    0x00, 0x00, 0x00, 0x00, 0x00, 0x00, 0x00, 0x00, 0x00, 0x00, 0x00, 0x00,
    0xA5, 0xAE, 0xBE, 0x52, 0xAA, 0xB2, 0xC2, 0xB5, 0xAA, 0xB2, 0xC2, 0xE1,
    0xA4, 0xAD, 0xBE, 0xFF, 0xA4, 0xAD, 0xBE, 0xFF, 0xA4, 0xAD, 0xBE, 0xFF,
    0xA4, 0xAD, 0xBE, 0xFF, 0xA4, 0xAD, 0xBE, 0xFF, 0xA4, 0xAD, 0xBE, 0xFF,
    0xA4, 0xAD, 0xBE, 0xFF, 0xA4, 0xAD, 0xBE, 0xFF, 0xA4, 0xAD, 0xBE, 0xFF,
    0xA4, 0xAD, 0xBE, 0xFF, 0xA4, 0xAD, 0xBE, 0xFF, 0xA4, 0xAD, 0xBE, 0xFF,
    0xA4, 0xAD, 0xBE, 0xFF, 0xA4, 0xAD, 0xBE, 0xFF, 0xA4, 0xAD, 0xBE, 0xFF,
    0xA4, 0xAD, 0xBE, 0xFF, 0xA4, 0xAD, 0xBE, 0xFF, 0xA4, 0xAD, 0xBE, 0xFF,
    0xA4, 0xAD, 0xBE, 0xFF, 0xA4, 0xAD, 0xBE, 0xFF, 0xA4, 0xAD, 0xBE, 0xFF,
    0xA4, 0xAD, 0xBE, 0xFF, 0xA4, 0xAD, 0xBE, 0xFF, 0xA4, 0xAD, 0xBE, 0xFF,
    0xAA, 0xB2, 0xC2, 0xE1, 0xAA, 0xB2, 0xC2, 0xB5, 0xA5, 0xAE, 0xBE, 0x52,
    0x00, 0x00, 0x00, 0x00, 0x00, 0x00, 0x00, 0x00, 0x00, 0x00, 0x00, 0x00,
    0x00, 0x00, 0x00, 0x00, 0x00, 0x00, 0x00, 0x00, 0x00, 0x00, 0x00, 0x00,
    0x00, 0x00, 0x00, 0x00, 0x00, 0x00, 0x00, 0x00, 0x00, 0x00, 0x00, 0x00,
    0x00, 0x00, 0x00, 0x00, 0x00, 0x00, 0x00, 0x00, 0x00, 0x00, 0x00, 0x00,
    0x00, 0x00, 0x00, 0x00, 0x00, 0x00, 0x00, 0x00, 0x00, 0x00, 0x00, 0x00,
    0x00, 0x00, 0x00, 0x00, 0xA2, 0xAB, 0xBC, 0x33, 0xA8, 0xB0, 0xC0, 0xD3,
    0x99, 0xA2, 0xB5, 0xFF, 0x85, 0x90, 0xA7, 0xFF, 0x7D, 0x89, 0xA1, 0xFF,
    0x7D, 0x89, 0xA1, 0xFF, 0x7D, 0x89, 0xA1, 0xFF, 0x7D, 0x89, 0xA1, 0xFF,
    0x7D, 0x89, 0xA1, 0xFF, 0x7D, 0x89, 0xA1, 0xFF, 0x7D, 0x89, 0xA1, 0xFF,
    0x7D, 0x89, 0xA1, 0xFF, 0x7D, 0x89, 0xA1, 0xFF, 0x7D, 0x89, 0xA1, 0xFF,
    0x7D, 0x89, 0xA1, 0xFF, 0x7D, 0x89, 0xA1, 0xFF, 0x7D, 0x89, 0xA1, 0xFF,
    0x7D, 0x89, 0xA1, 0xFF, 0x7D, 0x89, 0xA1, 0xFF, 0x7D, 0x89, 0xA1, 0xFF,
    0x7D, 0x89, 0xA1, 0xFF, 0x7D, 0x89, 0xA1, 0xFF, 0x7D, 0x89, 0xA1, 0xFF,
    0x7D, 0x89, 0xA1, 0xFF, 0x7D, 0x89, 0xA1, 0xFF, 0x7D, 0x89, 0xA1, 0xFF,
    0x7D, 0x89, 0xA1, 0xFF, 0x7D, 0x89, 0xA1, 0xFF, 0x7D, 0x89, 0xA1, 0xFF,
    0x7D, 0x89, 0xA1, 0xFF, 0x85, 0x90, 0xA7, 0xFF, 0x99, 0xA2, 0xB5, 0xFF,
    0xA8, 0xB0, 0xC0, 0xD3, 0xA2, 0xAB, 0xBC, 0x33, 0x00, 0x00, 0x00, 0x00,
    0x00, 0x00, 0x00, 0x00, 0x00, 0x00, 0x00, 0x00, 0x00, 0x00, 0x00, 0x00,
    0x00, 0x00, 0x00, 0x00, 0x00, 0x00, 0x00, 0x00, 0x00, 0x00, 0x00, 0x00,
    0x00, 0x00, 0x00, 0x00, 0x00, 0x00, 0x00, 0x00, 0x00, 0x00, 0x00, 0x00,
    0x00, 0x00, 0x00, 0x00, 0x00, 0x00, 0x00, 0x00, 0x00, 0x00, 0x00, 0x00,
    0xA0, 0xA8, 0xB9, 0x56, 0xA1, 0xA9, 0xBA, 0xF6, 0x83, 0x8E, 0xA5, 0xFF,
    0x7C, 0x88, 0xA0, 0xFF, 0x7C, 0x88, 0xA0, 0xFF, 0x7C, 0x88, 0xA0, 0xFF,
    0x7C, 0x88, 0xA0, 0xFF, 0x7C, 0x88, 0xA0, 0xFF, 0x7C, 0x88, 0xA0, 0xFF,
    0x7C, 0x88, 0xA0, 0xFF, 0x7C, 0x88, 0xA0, 0xFF, 0x7C, 0x88, 0xA0, 0xFF,
    0x7C, 0x88, 0xA0, 0xFF, 0x7C, 0x88, 0xA0, 0xFF, 0x7C, 0x88, 0xA0, 0xFF,
    0x7C, 0x88, 0xA0, 0xFF, 0x7C, 0x88, 0xA0, 0xFF, 0x7C, 0x88, 0xA0, 0xFF,
    0x7C, 0x88, 0xA0, 0xFF, 0x7C, 0x88, 0xA0, 0xFF, 0x7C, 0x88, 0xA0, 0xFF,
    0x7C, 0x88, 0xA0, 0xFF, 0x7C, 0x88, 0xA0, 0xFF, 0x7C, 0x88, 0xA0, 0xFF,
    0x7C, 0x88, 0xA0, 0xFF, 0x7C, 0x88, 0xA0, 0xFF, 0x7C, 0x88, 0xA0, 0xFF,
    0x7C, 0x88, 0xA0, 0xFF, 0x7C, 0x88, 0xA0, 0xFF, 0x7C, 0x88, 0xA0, 0xFF,
    0x7C, 0x88, 0xA0, 0xFF, 0x7C, 0x88, 0xA0, 0xFF, 0x7C, 0x88, 0xA0, 0xFF,
    0x83, 0x8E, 0xA5, 0xFF, 0xA1, 0xA9, 0xBA, 0xF6, 0xA0, 0xA8, 0xB9, 0x56,
    0x00, 0x00, 0x00, 0x00, 0x00, 0x00, 0x00, 0x00, 0x00, 0x00, 0x00, 0x00,
    0x00, 0x00, 0x00, 0x00, 0x00, 0x00, 0x00, 0x00, 0x00, 0x00, 0x00, 0x00,
    0x00, 0x00, 0x00, 0x00, 0x00, 0x00, 0x00, 0x00, 0x00, 0x00, 0x00, 0x00,
    0x00, 0x00, 0x00, 0x00, 0x00, 0x00, 0x00, 0x00, 0x98, 0xA1, 0xB1, 0x42,
    0x9D, 0xA6, 0xB7, 0xF8, 0x7D, 0x88, 0xA0, 0xFF, 0x7A, 0x86, 0x9E, 0xFF,
    0x7A, 0x86, 0x9E, 0xFF, 0x7A, 0x86, 0x9E, 0xFF, 0x7A, 0x86, 0x9E, 0xFF,
    0x7A, 0x86, 0x9E, 0xFF, 0x7A, 0x86, 0x9E, 0xFF, 0x7A, 0x86, 0x9E, 0xFF,
    0x7A, 0x86, 0x9E, 0xFF, 0x7A, 0x86, 0x9E, 0xFF, 0x7A, 0x86, 0x9E, 0xFF,
    0x7A, 0x86, 0x9E, 0xFF, 0x7A, 0x86, 0x9E, 0xFF, 0x7A, 0x86, 0x9E, 0xFF,
    0x7A, 0x86, 0x9E, 0xFF, 0x7A, 0x86, 0x9E, 0xFF, 0x7A, 0x86, 0x9E, 0xFF,
    0x7A, 0x86, 0x9E, 0xFF, 0x7A, 0x86, 0x9E, 0xFF, 0x7A, 0x86, 0x9E, 0xFF,
    0x7A, 0x86, 0x9E, 0xFF, 0x7A, 0x86, 0x9E, 0xFF, 0x7A, 0x86, 0x9E, 0xFF,
    0x7A, 0x86, 0x9E, 0xFF, 0x7A, 0x86, 0x9E, 0xFF, 0x7A, 0x86, 0x9E, 0xFF,
    0x7A, 0x86, 0x9E, 0xFF, 0x7A, 0x86, 0x9E, 0xFF, 0x7A, 0x86, 0x9E, 0xFF,
    0x7A, 0x86, 0x9E, 0xFF, 0x7A, 0x86, 0x9E, 0xFF, 0x7A, 0x86, 0x9E, 0xFF,
    0x7A, 0x86, 0x9E, 0xFF, 0x7D, 0x88, 0xA0, 0xFF, 0x9D, 0xA6, 0xB7, 0xF8,
    0x98, 0xA1, 0xB1, 0x42, 0x00, 0x00, 0x00, 0x00, 0x00, 0x00, 0x00, 0x00,
    0x00, 0x00, 0x00, 0x00, 0x00, 0x00, 0x00, 0x00, 0x00, 0x00, 0x00, 0x00,
    0x00, 0x00, 0x00, 0x00, 0x00, 0x00, 0x00, 0x00, 0x00, 0x00, 0x00, 0x00,
    0x00, 0x00, 0x00, 0x00, 0x66, 0x6C, 0x78, 0x0B, 0x9D, 0xA5, 0xB6, 0xE3,
    0x7D, 0x89, 0xA0, 0xFF, 0x79, 0x85, 0x9D, 0xFF, 0x79, 0x85, 0x9D, 0xFF,
    0x79, 0x85, 0x9D, 0xFF, 0x79, 0x85, 0x9D, 0xFF, 0x79, 0x85, 0x9D, 0xFF,
    0x79, 0x85, 0x9D, 0xFF, 0x79, 0x85, 0x9D, 0xFF, 0x79, 0x85, 0x9D, 0xFF,
    0x79, 0x85, 0x9D, 0xFF, 0x79, 0x85, 0x9D, 0xFF, 0x79, 0x85, 0x9D, 0xFF,
    0x79, 0x85, 0x9D, 0xFF, 0x79, 0x85, 0x9D, 0xFF, 0x79, 0x85, 0x9D, 0xFF,
    0x79, 0x85, 0x9D, 0xFF, 0x79, 0x85, 0x9D, 0xFF, 0x79, 0x85, 0x9D, 0xFF,
    0x79, 0x85, 0x9D, 0xFF, 0x79, 0x85, 0x9D, 0xFF, 0x79, 0x85, 0x9D, 0xFF,
    0x79, 0x85, 0x9D, 0xFF, 0x79, 0x85, 0x9D, 0xFF, 0x79, 0x85, 0x9D, 0xFF,
    0x79, 0x85, 0x9D, 0xFF, 0x79, 0x85, 0x9D, 0xFF, 0x79, 0x85, 0x9D, 0xFF,
    0x79, 0x85, 0x9D, 0xFF, 0x79, 0x85, 0x9D, 0xFF, 0x79, 0x85, 0x9D, 0xFF,
    0x79, 0x85, 0x9D, 0xFF, 0x79, 0x85, 0x9D, 0xFF, 0x79, 0x85, 0x9D, 0xFF,
    0x79, 0x85, 0x9D, 0xFF, 0x79, 0x85, 0x9D, 0xFF, 0x7D, 0x89, 0xA0, 0xFF,
    0x9D, 0xA5, 0xB6, 0xE3, 0x66, 0x6C, 0x78, 0x0B, 0x00, 0x00, 0x00, 0x00,
    0x00, 0x00, 0x00, 0x00, 0x00, 0x00, 0x00, 0x00, 0x00, 0x00, 0x00, 0x00,
    0x00, 0x00, 0x00, 0x00, 0x00, 0x00, 0x00, 0x00, 0x00, 0x00, 0x00, 0x00,
    0x00, 0x00, 0x00, 0x02, 0x8D, 0x95, 0xA5, 0x83, 0x8A, 0x94, 0xA9, 0xFF,
    0x78, 0x83, 0x9B, 0xFF, 0x78, 0x83, 0x9B, 0xFF, 0x78, 0x83, 0x9B, 0xFF,
    0x78, 0x83, 0x9B, 0xFF, 0x78, 0x83, 0x9B, 0xFF, 0x78, 0x83, 0x9B, 0xFF,
    0x78, 0x83, 0x9B, 0xFF, 0x78, 0x83, 0x9B, 0xFF, 0x78, 0x83, 0x9B, 0xFF,
    0x78, 0x83, 0x9B, 0xFF, 0x78, 0x83, 0x9B, 0xFF, 0x78, 0x83, 0x9B, 0xFF,
    0x78, 0x83, 0x9B, 0xFF, 0x78, 0x83, 0x9B, 0xFF, 0x78, 0x83, 0x9B, 0xFF,
    0x78, 0x83, 0x9B, 0xFF, 0x78, 0x83, 0x9B, 0xFF, 0x78, 0x83, 0x9B, 0xFF,
    0x78, 0x83, 0x9B, 0xFF, 0x78, 0x83, 0x9B, 0xFF, 0x78, 0x83, 0x9B, 0xFF,
    0x78, 0x83, 0x9B, 0xFF, 0x78, 0x83, 0x9B, 0xFF, 0x78, 0x83, 0x9B, 0xFF,
    0x78, 0x83, 0x9B, 0xFF, 0x78, 0x83, 0x9B, 0xFF, 0x78, 0x83, 0x9B, 0xFF,
    0x78, 0x83, 0x9B, 0xFF, 0x78, 0x83, 0x9B, 0xFF, 0x78, 0x83, 0x9B, 0xFF,
    0x78, 0x83, 0x9B, 0xFF, 0x78, 0x83, 0x9B, 0xFF, 0x78, 0x83, 0x9B, 0xFF,
    0x78, 0x83, 0x9B, 0xFF, 0x78, 0x83, 0x9B, 0xFF, 0x78, 0x83, 0x9B, 0xFF,
    0x8A, 0x94, 0xA9, 0xFF, 0x8D, 0x95, 0xA5, 0x83, 0x00, 0x00, 0x00, 0x02,
    0x00, 0x00, 0x00, 0x00, 0x00, 0x00, 0x00, 0x00, 0x00, 0x00, 0x00, 0x00,
    0x00, 0x00, 0x00, 0x00, 0x00, 0x00, 0x00, 0x00, 0x00, 0x00, 0x00, 0x00,
    0x00, 0x00, 0x00, 0x0E, 0x96, 0x9E, 0xAF, 0xD9, 0x78, 0x84, 0x9B, 0xFF,
    0x76, 0x82, 0x9A, 0xFF, 0x76, 0x82, 0x9A, 0xFF, 0x76, 0x82, 0x9A, 0xFF,
    0x76, 0x82, 0x9A, 0xFF, 0x76, 0x82, 0x9A, 0xFF, 0x76, 0x82, 0x9A, 0xFF,
    0x76, 0x82, 0x9A, 0xFF, 0x76, 0x82, 0x9A, 0xFF, 0x76, 0x82, 0x9A, 0xFF,
    0x76, 0x82, 0x9A, 0xFF, 0x76, 0x82, 0x9A, 0xFF, 0x76, 0x82, 0x9A, 0xFF,
    0x76, 0x82, 0x9A, 0xFF, 0x76, 0x82, 0x9A, 0xFF, 0x76, 0x82, 0x9A, 0xFF,
    0x76, 0x82, 0x9A, 0xFF, 0x76, 0x82, 0x9A, 0xFF, 0x76, 0x82, 0x9A, 0xFF,
    0x76, 0x82, 0x9A, 0xFF, 0x76, 0x82, 0x9A, 0xFF, 0x76, 0x82, 0x9A, 0xFF,
    0x76, 0x82, 0x9A, 0xFF, 0x76, 0x82, 0x9A, 0xFF, 0x76, 0x82, 0x9A, 0xFF,
    0x76, 0x82, 0x9A, 0xFF, 0x76, 0x82, 0x9A, 0xFF, 0x76, 0x82, 0x9A, 0xFF,
    0x76, 0x82, 0x9A, 0xFF, 0x76, 0x82, 0x9A, 0xFF, 0x76, 0x82, 0x9A, 0xFF,
    0x76, 0x82, 0x9A, 0xFF, 0x76, 0x82, 0x9A, 0xFF, 0x76, 0x82, 0x9A, 0xFF,
    0x76, 0x82, 0x9A, 0xFF, 0x76, 0x82, 0x9A, 0xFF, 0x76, 0x82, 0x9A, 0xFF,
    0x78, 0x84, 0x9B, 0xFF, 0x96, 0x9E, 0xAF, 0xD9, 0x00, 0x00, 0x00, 0x0E,
    0x00, 0x00, 0x00, 0x00, 0x00, 0x00, 0x00, 0x00, 0x00, 0x00, 0x00, 0x00,
    0x00, 0x00, 0x00, 0x00, 0x00, 0x00, 0x00, 0x00, 0x00, 0x00, 0x00, 0x04,
    0x39, 0x3D, 0x44, 0x28, 0x90, 0x9A, 0xAD, 0xFE, 0x75, 0x81, 0x99, 0xFF,
    0x75, 0x81, 0x99, 0xFF, 0x75, 0x81, 0x99, 0xFF, 0x75, 0x81, 0x99, 0xFF,
    0x75, 0x81, 0x99, 0xFF, 0x75, 0x81, 0x99, 0xFF, 0x75, 0x81, 0x99, 0xFF,
    0x75, 0x81, 0x99, 0xFF, 0x75, 0x81, 0x99, 0xFF, 0x75, 0x81, 0x99, 0xFF,
    0x75, 0x81, 0x99, 0xFF, 0x75, 0x81, 0x99, 0xFF, 0x75, 0x81, 0x99, 0xFF,
    0x75, 0x81, 0x99, 0xFF, 0x75, 0x81, 0x99, 0xFF, 0x75, 0x81, 0x99, 0xFF,
    0x75, 0x81, 0x99, 0xFF, 0x75, 0x81, 0x99, 0xFF, 0x75, 0x81, 0x99, 0xFF,
    0x75, 0x81, 0x99, 0xFF, 0x75, 0x81, 0x99, 0xFF, 0x75, 0x81, 0x99, 0xFF,
    0x75, 0x81, 0x99, 0xFF, 0x75, 0x81, 0x99, 0xFF, 0x75, 0x81, 0x99, 0xFF,
    0x75, 0x81, 0x99, 0xFF, 0x75, 0x81, 0x99, 0xFF, 0x75, 0x81, 0x99, 0xFF,
    0x75, 0x81, 0x99, 0xFF, 0x75, 0x81, 0x99, 0xFF, 0x75, 0x81, 0x99, 0xFF,
    0x75, 0x81, 0x99, 0xFF, 0x75, 0x81, 0x99, 0xFF, 0x75, 0x81, 0x99, 0xFF,
    0x75, 0x81, 0x99, 0xFF, 0x75, 0x81, 0x99, 0xFF, 0x75, 0x81, 0x99, 0xFF,
    0x75, 0x81, 0x99, 0xFF, 0x90, 0x9A, 0xAD, 0xFE, 0x39, 0x3D, 0x44, 0x28,
    0x00, 0x00, 0x00, 0x04, 0x00, 0x00, 0x00, 0x00, 0x00, 0x00, 0x00, 0x00,
    0x00, 0x00, 0x00, 0x00, 0x00, 0x00, 0x00, 0x00, 0x00, 0x00, 0x00, 0x0C,
    0x65, 0x6B, 0x78, 0x55, 0x88, 0x92, 0xA6, 0xFF, 0x74, 0x7F, 0x97, 0xFF,
    0x74, 0x7F, 0x97, 0xFF, 0x74, 0x7F, 0x97, 0xFF, 0x74, 0x7F, 0x97, 0xFF,
    0x74, 0x7F, 0x97, 0xFF, 0x74, 0x7F, 0x97, 0xFF, 0x74, 0x7F, 0x97, 0xFF,
    0x74, 0x7F, 0x97, 0xFF, 0x74, 0x7F, 0x97, 0xFF, 0x74, 0x7F, 0x97, 0xFF,
    0x74, 0x7F, 0x97, 0xFF, 0x74, 0x7F, 0x97, 0xFF, 0x74, 0x7F, 0x97, 0xFF,
    0x74, 0x7F, 0x97, 0xFF, 0x74, 0x7F, 0x97, 0xFF, 0x74, 0x7F, 0x97, 0xFF,
    0x74, 0x7F, 0x97, 0xFF, 0x74, 0x7F, 0x97, 0xFF, 0x74, 0x7F, 0x97, 0xFF,
    0x74, 0x7F, 0x97, 0xFF, 0x74, 0x7F, 0x97, 0xFF, 0x74, 0x7F, 0x97, 0xFF,
    0x74, 0x7F, 0x97, 0xFF, 0x74, 0x7F, 0x97, 0xFF, 0x74, 0x7F, 0x97, 0xFF,
    0x74, 0x7F, 0x97, 0xFF, 0x74, 0x7F, 0x97, 0xFF, 0x74, 0x7F, 0x97, 0xFF,
    0x74, 0x7F, 0x97, 0xFF, 0x74, 0x7F, 0x97, 0xFF, 0x74, 0x7F, 0x97, 0xFF,
    0x74, 0x7F, 0x97, 0xFF, 0x74, 0x7F, 0x97, 0xFF, 0x74, 0x7F, 0x97, 0xFF,
    0x74, 0x7F, 0x97, 0xFF, 0x74, 0x7F, 0x97, 0xFF, 0x74, 0x7F, 0x97, 0xFF,
    0x74, 0x7F, 0x97, 0xFF, 0x88, 0x92, 0xA6, 0xFF, 0x65, 0x6B, 0x78, 0x55,
    0x00, 0x00, 0x00, 0x0C, 0x00, 0x00, 0x00, 0x00, 0x00, 0x00, 0x00, 0x00,
    0x00, 0x00, 0x00, 0x00, 0x00, 0x00, 0x00, 0x01, 0x00, 0x00, 0x00, 0x14,
    0x69, 0x6F, 0x7D, 0x66, 0x84, 0x8E, 0xA3, 0xFF, 0x72, 0x7E, 0x96, 0xFF,
    0x72, 0x7E, 0x96, 0xFF, 0x72, 0x7E, 0x96, 0xFF, 0x72, 0x7E, 0x96, 0xFF,
    0x72, 0x7E, 0x96, 0xFF, 0x72, 0x7E, 0x96, 0xFF, 0x72, 0x7E, 0x96, 0xFF,
    0x72, 0x7E, 0x96, 0xFF, 0x72, 0x7E, 0x96, 0xFF, 0x72, 0x7E, 0x96, 0xFF,
    0x72, 0x7E, 0x96, 0xFF, 0x72, 0x7E, 0x96, 0xFF, 0x72, 0x7E, 0x96, 0xFF,
    0x72, 0x7E, 0x96, 0xFF, 0x72, 0x7E, 0x96, 0xFF, 0x72, 0x7E, 0x96, 0xFF,
    0x72, 0x7E, 0x96, 0xFF, 0x72, 0x7E, 0x96, 0xFF, 0x72, 0x7E, 0x96, 0xFF,
    0x72, 0x7E, 0x96, 0xFF, 0x72, 0x7E, 0x96, 0xFF, 0x72, 0x7E, 0x96, 0xFF,
    0x72, 0x7E, 0x96, 0xFF, 0x72, 0x7E, 0x96, 0xFF, 0x72, 0x7E, 0x96, 0xFF,
    0x72, 0x7E, 0x96, 0xFF, 0x72, 0x7E, 0x96, 0xFF, 0x72, 0x7E, 0x96, 0xFF,
    0x72, 0x7E, 0x96, 0xFF, 0x72, 0x7E, 0x96, 0xFF, 0x72, 0x7E, 0x96, 0xFF,
    0x72, 0x7E, 0x96, 0xFF, 0x72, 0x7E, 0x96, 0xFF, 0x72, 0x7E, 0x96, 0xFF,
    0x72, 0x7E, 0x96, 0xFF, 0x72, 0x7E, 0x96, 0xFF, 0x72, 0x7E, 0x96, 0xFF,
    0x72, 0x7E, 0x96, 0xFF, 0x84, 0x8E, 0xA3, 0xFF, 0x69, 0x6F, 0x7D, 0x66,
    0x00, 0x00, 0x00, 0x14, 0x00, 0x00, 0x00, 0x01, 0x00, 0x00, 0x00, 0x00,
    0x00, 0x00, 0x00, 0x00, 0x00, 0x00, 0x00, 0x04, 0x00, 0x00, 0x00, 0x16,
    0x65, 0x6B, 0x79, 0x68, 0x81, 0x8B, 0xA1, 0xFF, 0x71, 0x7C, 0x94, 0xFF,
    0x71, 0x7C, 0x94, 0xFF, 0x71, 0x7C, 0x94, 0xFF, 0x71, 0x7C, 0x94, 0xFF,
    0x71, 0x7C, 0x94, 0xFF, 0x71, 0x7C, 0x94, 0xFF, 0x71, 0x7C, 0x94, 0xFF,
    0x71, 0x7C, 0x94, 0xFF, 0x71, 0x7C, 0x94, 0xFF, 0x71, 0x7C, 0x94, 0xFF,
    0x71, 0x7C, 0x94, 0xFF, 0x71, 0x7C, 0x94, 0xFF, 0x71, 0x7C, 0x94, 0xFF,
    0x71, 0x7C, 0x94, 0xFF, 0x71, 0x7C, 0x94, 0xFF, 0x71, 0x7C, 0x94, 0xFF,
    0x71, 0x7C, 0x94, 0xFF, 0x71, 0x7C, 0x94, 0xFF, 0x71, 0x7C, 0x94, 0xFF,
    0x71, 0x7C, 0x94, 0xFF, 0x71, 0x7C, 0x94, 0xFF, 0x71, 0x7C, 0x94, 0xFF,
    0x71, 0x7C, 0x94, 0xFF, 0x71, 0x7C, 0x94, 0xFF, 0x71, 0x7C, 0x94, 0xFF,
    0x71, 0x7C, 0x94, 0xFF, 0x71, 0x7C, 0x94, 0xFF, 0x71, 0x7C, 0x94, 0xFF,
    0x71, 0x7C, 0x94, 0xFF, 0x71, 0x7C, 0x94, 0xFF, 0x71, 0x7C, 0x94, 0xFF,
    0x71, 0x7C, 0x94, 0xFF, 0x71, 0x7C, 0x94, 0xFF, 0x71, 0x7C, 0x94, 0xFF,
    0x71, 0x7C, 0x94, 0xFF, 0x71, 0x7C, 0x94, 0xFF, 0x71, 0x7C, 0x94, 0xFF,
    0x71, 0x7C, 0x94, 0xFF, 0x81, 0x8B, 0xA1, 0xFF, 0x65, 0x6B, 0x79, 0x68,
    0x00, 0x00, 0x00, 0x16, 0x00, 0x00, 0x00, 0x04, 0x00, 0x00, 0x00, 0x00,
    0x00, 0x00, 0x00, 0x00, 0x00, 0x00, 0x00, 0x06, 0x00, 0x00, 0x00, 0x18,
    0x62, 0x68, 0x76, 0x68, 0x7F, 0x89, 0x9E, 0xFF, 0x70, 0x7B, 0x93, 0xFF,
    0x70, 0x7B, 0x93, 0xFF, 0x70, 0x7B, 0x93, 0xFF, 0x70, 0x7B, 0x93, 0xFF,
    0x70, 0x7B, 0x93, 0xFF, 0x70, 0x7B, 0x93, 0xFF, 0x65, 0x6E, 0x84, 0xFF,
    0x68, 0x70, 0x85, 0xFF, 0x78, 0x7F, 0x91, 0xFF, 0x7C, 0x82, 0x94, 0xFF,
    0x7C, 0x82, 0x94, 0xFF, 0x7C, 0x82, 0x94, 0xFF, 0x7C, 0x82, 0x94, 0xFF,
    0x7C, 0x82, 0x94, 0xFF, 0x7C, 0x82, 0x94, 0xFF, 0x7C, 0x82, 0x94, 0xFF,
    0x7C, 0x82, 0x94, 0xFF, 0x7C, 0x82, 0x94, 0xFF, 0x7C, 0x82, 0x94, 0xFF,
    0x7C, 0x82, 0x94, 0xFF, 0x7C, 0x82, 0x94, 0xFF, 0x7C, 0x82, 0x94, 0xFF,
    0x7C, 0x82, 0x94, 0xFF, 0x7C, 0x82, 0x94, 0xFF, 0x7C, 0x82, 0x94, 0xFF,
    0x7C, 0x82, 0x94, 0xFF, 0x7C, 0x82, 0x94, 0xFF, 0x7C, 0x82, 0x94, 0xFF,
    0x7C, 0x82, 0x94, 0xFF, 0x78, 0x7F, 0x91, 0xFF, 0x68, 0x70, 0x85, 0xFF,
    0x65, 0x6E, 0x84, 0xFF, 0x70, 0x7B, 0x93, 0xFF, 0x70, 0x7B, 0x93, 0xFF,
    0x70, 0x7B, 0x93, 0xFF, 0x70, 0x7B, 0x93, 0xFF, 0x70, 0x7B, 0x93, 0xFF,
    0x70, 0x7B, 0x93, 0xFF, 0x7F, 0x89, 0x9E, 0xFF, 0x62, 0x68, 0x76, 0x68,
    0x00, 0x00, 0x00, 0x18, 0x00, 0x00, 0x00, 0x06, 0x00, 0x00, 0x00, 0x00,
    0x00, 0x00, 0x00, 0x00, 0x00, 0x00, 0x00, 0x07, 0x00, 0x00, 0x00, 0x18,
    0x5F, 0x66, 0x74, 0x68, 0x7C, 0x87, 0x9C, 0xFF, 0x6E, 0x7A, 0x92, 0xFF,
    0x6E, 0x7A, 0x92, 0xFF, 0x6E, 0x7A, 0x92, 0xFF, 0x6E, 0x7A, 0x92, 0xFF,
    0x6E, 0x7A, 0x92, 0xFF, 0x6E, 0x7A, 0x92, 0xFF, 0x67, 0x70, 0x84, 0xFF,
    0x5C, 0x64, 0x79, 0xFF, 0x5C, 0x64, 0x79, 0xFF, 0x7B, 0x82, 0x94, 0xFF,
    0x61, 0x69, 0x7D, 0xFF, 0x5C, 0x64, 0x79, 0xFF, 0x61, 0x69, 0x7D, 0xFF,
    0x7B, 0x82, 0x94, 0xFF, 0x5C, 0x64, 0x79, 0xFF, 0x5C, 0x64, 0x79, 0xFF,
    0x6A, 0x71, 0x85, 0xFF, 0x72, 0x7A, 0x8D, 0xFF, 0x5C, 0x64, 0x79, 0xFF,
    0x5C, 0x64, 0x79, 0xFF, 0x5C, 0x64, 0x79, 0xFF, 0x5C, 0x64, 0x79, 0xFF,
    0x5C, 0x64, 0x79, 0xFF, 0x5C, 0x64, 0x79, 0xFF, 0x5C, 0x64, 0x79, 0xFF,
    0x5C, 0x64, 0x79, 0xFF, 0x5C, 0x64, 0x79, 0xFF, 0x5C, 0x64, 0x79, 0xFF,
    0x5C, 0x64, 0x79, 0xFF, 0x5C, 0x64, 0x79, 0xFF, 0x5C, 0x64, 0x79, 0xFF,
    0x67, 0x70, 0x84, 0xFF, 0x6E, 0x7A, 0x92, 0xFF, 0x6E, 0x7A, 0x92, 0xFF,
    0x6E, 0x7A, 0x92, 0xFF, 0x6E, 0x7A, 0x92, 0xFF, 0x6E, 0x7A, 0x92, 0xFF,
    0x6E, 0x7A, 0x92, 0xFF, 0x7C, 0x87, 0x9C, 0xFF, 0x5F, 0x66, 0x74, 0x68,
    0x00, 0x00, 0x00, 0x18, 0x00, 0x00, 0x00, 0x07, 0x00, 0x00, 0x00, 0x00,
    0x00, 0x00, 0x00, 0x00, 0x00, 0x00, 0x00, 0x07, 0x00, 0x00, 0x00, 0x18,
    0x5D, 0x63, 0x72, 0x67, 0x7A, 0x84, 0x9A, 0xFF, 0x6D, 0x78, 0x90, 0xFF,
    0x6D, 0x78, 0x90, 0xFF, 0x6D, 0x78, 0x90, 0xFF, 0x6D, 0x78, 0x90, 0xFF,
    0x6D, 0x78, 0x90, 0xFF, 0x6D, 0x78, 0x90, 0xFF, 0x77, 0x7E, 0x90, 0xFF,
    0x5C, 0x64, 0x79, 0xFF, 0x93, 0x99, 0xA9, 0xFF, 0xE8, 0xEC, 0xF3, 0xFF,
    0xB6, 0xBB, 0xC7, 0xFF, 0x5C, 0x64, 0x79, 0xFF, 0xB6, 0xBB, 0xC7, 0xFF,
    0xE8, 0xEC, 0xF3, 0xFF, 0x93, 0x99, 0xA9, 0xFF, 0x5C, 0x64, 0x79, 0xFF,
    0xD9, 0xDD, 0xE6, 0xFF, 0xE7, 0xEB, 0xF2, 0xFF, 0x71, 0x78, 0x8B, 0xFF,
    0x5C, 0x64, 0x79, 0xFF, 0x5C, 0x64, 0x79, 0xFF, 0x5C, 0x64, 0x79, 0xFF,
    0x5C, 0x64, 0x79, 0xFF, 0x5C, 0x64, 0x79, 0xFF, 0x5C, 0x64, 0x79, 0xFF,
    0x5C, 0x64, 0x79, 0xFF, 0x5C, 0x64, 0x79, 0xFF, 0x5C, 0x64, 0x79, 0xFF,
    0x5C, 0x64, 0x79, 0xFF, 0x5C, 0x64, 0x79, 0xFF, 0x5C, 0x64, 0x79, 0xFF,
    0x77, 0x7E, 0x90, 0xFF, 0x6D, 0x78, 0x90, 0xFF, 0x6D, 0x78, 0x90, 0xFF,
    0x6D, 0x78, 0x90, 0xFF, 0x6D, 0x78, 0x90, 0xFF, 0x6D, 0x78, 0x90, 0xFF,
    0x6D, 0x78, 0x90, 0xFF, 0x7A, 0x84, 0x9A, 0xFF, 0x5D, 0x63, 0x72, 0x67,
    0x00, 0x00, 0x00, 0x18, 0x00, 0x00, 0x00, 0x07, 0x00, 0x00, 0x00, 0x00,
    0x00, 0x00, 0x00, 0x00, 0x00, 0x00, 0x00, 0x07, 0x00, 0x00, 0x00, 0x18,
    0x5A, 0x61, 0x6F, 0x66, 0x78, 0x82, 0x98, 0xFF, 0x6C, 0x77, 0x8F, 0xFF,
    0x6C, 0x77, 0x8F, 0xFF, 0x6C, 0x77, 0x8F, 0xFF, 0x6C, 0x77, 0x8F, 0xFF,
    0x6C, 0x77, 0x8F, 0xFF, 0x6C, 0x77, 0x8F, 0xFF, 0x7B, 0x81, 0x93, 0xFF,
    0x5C, 0x64, 0x79, 0xFF, 0x81, 0x88, 0x99, 0xFF, 0xE4, 0xE8, 0xF0, 0xFF,
    0xA0, 0xA6, 0xB4, 0xFF, 0x5C, 0x64, 0x79, 0xFF, 0xA0, 0xA6, 0xB4, 0xFF,
    0xE4, 0xE8, 0xF0, 0xFF, 0x81, 0x88, 0x99, 0xFF, 0x5C, 0x64, 0x79, 0xFF,
    0xC3, 0xC8, 0xD3, 0xFF, 0xDA, 0xDE, 0xE7, 0xFF, 0x68, 0x70, 0x84, 0xFF,
    0x5C, 0x64, 0x79, 0xFF, 0x5C, 0x64, 0x79, 0xFF, 0x5C, 0x64, 0x79, 0xFF,
    0x5C, 0x64, 0x79, 0xFF, 0x5C, 0x64, 0x79, 0xFF, 0x5C, 0x64, 0x79, 0xFF,
    0x5C, 0x64, 0x79, 0xFF, 0x5C, 0x64, 0x79, 0xFF, 0x5C, 0x64, 0x79, 0xFF,
    0x5C, 0x64, 0x79, 0xFF, 0x5C, 0x64, 0x79, 0xFF, 0x5C, 0x64, 0x79, 0xFF,
    0x7B, 0x81, 0x93, 0xFF, 0x6C, 0x77, 0x8F, 0xFF, 0x6C, 0x77, 0x8F, 0xFF,
    0x6C, 0x77, 0x8F, 0xFF, 0x6C, 0x77, 0x8F, 0xFF, 0x6C, 0x77, 0x8F, 0xFF,
    0x6C, 0x77, 0x8F, 0xFF, 0x78, 0x82, 0x98, 0xFF, 0x5A, 0x61, 0x6F, 0x66,
    0x00, 0x00, 0x00, 0x18, 0x00, 0x00, 0x00, 0x07, 0x00, 0x00, 0x00, 0x00,
    0x00, 0x00, 0x00, 0x00, 0x00, 0x00, 0x00, 0x07, 0x00, 0x00, 0x00, 0x18,
    0x57, 0x5E, 0x6D, 0x66, 0x75, 0x80, 0x96, 0xFF, 0x6A, 0x76, 0x8E, 0xFF,
    0x6A, 0x76, 0x8E, 0xFF, 0x6A, 0x76, 0x8E, 0xFF, 0x6A, 0x76, 0x8E, 0xFF,
    0x6A, 0x76, 0x8E, 0xFF, 0x6A, 0x76, 0x8E, 0xFF, 0x7A, 0x81, 0x93, 0xFF,
    0x5C, 0x64, 0x79, 0xFF, 0x5C, 0x64, 0x79, 0xFF, 0x5C, 0x64, 0x79, 0xFF,
    0x5C, 0x64, 0x79, 0xFF, 0x5C, 0x64, 0x79, 0xFF, 0x5C, 0x64, 0x79, 0xFF,
    0x5C, 0x64, 0x79, 0xFF, 0x5C, 0x64, 0x79, 0xFF, 0x5C, 0x64, 0x79, 0xFF,
    0x5C, 0x64, 0x79, 0xFF, 0x5C, 0x64, 0x79, 0xFF, 0x5C, 0x64, 0x79, 0xFF,
    0x5C, 0x64, 0x79, 0xFF, 0x5C, 0x64, 0x79, 0xFF, 0x5C, 0x64, 0x79, 0xFF,
    0x5C, 0x64, 0x79, 0xFF, 0x5C, 0x64, 0x79, 0xFF, 0x5C, 0x64, 0x79, 0xFF,
    0x5C, 0x64, 0x79, 0xFF, 0x5C, 0x64, 0x79, 0xFF, 0x5C, 0x64, 0x79, 0xFF,
    0x5C, 0x64, 0x79, 0xFF, 0x5C, 0x64, 0x79, 0xFF, 0x5C, 0x64, 0x79, 0xFF,
    0x7A, 0x81, 0x93, 0xFF, 0x6A, 0x76, 0x8E, 0xFF, 0x6A, 0x76, 0x8E, 0xFF,
    0x6A, 0x76, 0x8E, 0xFF, 0x6A, 0x76, 0x8E, 0xFF, 0x6A, 0x76, 0x8E, 0xFF,
    0x6A, 0x76, 0x8E, 0xFF, 0x75, 0x80, 0x96, 0xFF, 0x57, 0x5E, 0x6D, 0x66,
    0x00, 0x00, 0x00, 0x18, 0x00, 0x00, 0x00, 0x07, 0x00, 0x00, 0x00, 0x00,
    0x00, 0x00, 0x00, 0x00, 0x00, 0x00, 0x00, 0x07, 0x00, 0x00, 0x00, 0x18,
    0x55, 0x5C, 0x6A, 0x65, 0x73, 0x7D, 0x94, 0xFF, 0x69, 0x74, 0x8C, 0xFF,
    0x69, 0x74, 0x8C, 0xFF, 0x69, 0x74, 0x8C, 0xFF, 0x69, 0x74, 0x8C, 0xFF,
    0x69, 0x74, 0x8C, 0xFF, 0x69, 0x74, 0x8C, 0xFF, 0xAD, 0xB4, 0xC1, 0xFF,
    0xB1, 0xB8, 0xC5, 0xFF, 0xB1, 0xB8, 0xC5, 0xFF, 0xB1, 0xB8, 0xC5, 0xFF,
    0xB1, 0xB8, 0xC5, 0xFF, 0xB1, 0xB8, 0xC5, 0xFF, 0xB1, 0xB8, 0xC5, 0xFF,
    0xB1, 0xB8, 0xC5, 0xFF, 0xB1, 0xB8, 0xC5, 0xFF, 0xB1, 0xB8, 0xC5, 0xFF,
    0xB1, 0xB8, 0xC5, 0xFF, 0xB1, 0xB8, 0xC5, 0xFF, 0xB1, 0xB8, 0xC5, 0xFF,
    0xB1, 0xB8, 0xC5, 0xFF, 0xB1, 0xB8, 0xC5, 0xFF, 0xB1, 0xB8, 0xC5, 0xFF,
    0xB1, 0xB8, 0xC5, 0xFF, 0xB1, 0xB8, 0xC5, 0xFF, 0xB1, 0xB8, 0xC5, 0xFF,
    0xB1, 0xB8, 0xC5, 0xFF, 0xB1, 0xB8, 0xC5, 0xFF, 0xB1, 0xB8, 0xC5, 0xFF,
    0xB1, 0xB8, 0xC5, 0xFF, 0xB1, 0xB8, 0xC5, 0xFF, 0xB1, 0xB8, 0xC5, 0xFF,
    0xAD, 0xB4, 0xC1, 0xFF, 0x69, 0x74, 0x8C, 0xFF, 0x69, 0x74, 0x8C, 0xFF,
    0x69, 0x74, 0x8C, 0xFF, 0x69, 0x74, 0x8C, 0xFF, 0x69, 0x74, 0x8C, 0xFF,
    0x69, 0x74, 0x8C, 0xFF, 0x73, 0x7D, 0x94, 0xFF, 0x55, 0x5C, 0x6A, 0x65,
    0x00, 0x00, 0x00, 0x18, 0x00, 0x00, 0x00, 0x07, 0x00, 0x00, 0x00, 0x00,
    0x00, 0x00, 0x00, 0x00, 0x00, 0x00, 0x00, 0x07, 0x00, 0x00, 0x00, 0x18,
    0x52, 0x59, 0x68, 0x64, 0x70, 0x7B, 0x91, 0xFF, 0x68, 0x73, 0x8B, 0xFF,
    0x68, 0x73, 0x8B, 0xFF, 0x68, 0x73, 0x8B, 0xFF, 0x68, 0x73, 0x8B, 0xFF,
    0x68, 0x73, 0x8B, 0xFF, 0x68, 0x73, 0x8B, 0xFF, 0xCB, 0xD0, 0xDA, 0xFF,
    0xD7, 0xDD, 0xE5, 0xFF, 0xD7, 0xDD, 0xE5, 0xFF, 0xD7, 0xDD, 0xE5, 0xFF,
    0xD7, 0xDD, 0xE5, 0xFF, 0xD7, 0xDD, 0xE5, 0xFF, 0xD7, 0xDD, 0xE5, 0xFF,
    0xD7, 0xDD, 0xE5, 0xFF, 0xD7, 0xDD, 0xE5, 0xFF, 0xD7, 0xDD, 0xE5, 0xFF,
    0xD7, 0xDD, 0xE5, 0xFF, 0xD7, 0xDD, 0xE5, 0xFF, 0xD7, 0xDD, 0xE5, 0xFF,
    0xD7, 0xDD, 0xE5, 0xFF, 0xD7, 0xDD, 0xE5, 0xFF, 0xD7, 0xDD, 0xE5, 0xFF,
    0xD7, 0xDD, 0xE5, 0xFF, 0xD7, 0xDD, 0xE5, 0xFF, 0xD7, 0xDD, 0xE5, 0xFF,
    0xD7, 0xDD, 0xE5, 0xFF, 0xD7, 0xDD, 0xE5, 0xFF, 0xD7, 0xDD, 0xE5, 0xFF,
    0xD7, 0xDD, 0xE5, 0xFF, 0xD7, 0xDD, 0xE5, 0xFF, 0xD7, 0xDD, 0xE5, 0xFF,
    0xCB, 0xD0, 0xDA, 0xFF, 0x68, 0x73, 0x8B, 0xFF, 0x68, 0x73, 0x8B, 0xFF,
    0x68, 0x73, 0x8B, 0xFF, 0x68, 0x73, 0x8B, 0xFF, 0x68, 0x73, 0x8B, 0xFF,
    0x68, 0x73, 0x8B, 0xFF, 0x70, 0x7B, 0x91, 0xFF, 0x52, 0x59, 0x68, 0x64,
    0x00, 0x00, 0x00, 0x18, 0x00, 0x00, 0x00, 0x07, 0x00, 0x00, 0x00, 0x00,
    0x00, 0x00, 0x00, 0x00, 0x00, 0x00, 0x00, 0x07, 0x00, 0x00, 0x00, 0x18,
    0x50, 0x56, 0x65, 0x64, 0x6E, 0x78, 0x8F, 0xFF, 0x66, 0x71, 0x89, 0xFF,
    0x66, 0x71, 0x89, 0xFF, 0x66, 0x71, 0x89, 0xFF, 0x66, 0x71, 0x89, 0xFF,
    0x66, 0x71, 0x89, 0xFF, 0x66, 0x71, 0x89, 0xFF, 0xD1, 0xD5, 0xDD, 0xFF,
    0xF4, 0xF6, 0xF9, 0xFF, 0xF4, 0xF6, 0xF9, 0xFF, 0xF4, 0xF6, 0xF9, 0xFF,
    0xF4, 0xF6, 0xF9, 0xFF, 0xF4, 0xF6, 0xF9, 0xFF, 0xF4, 0xF6, 0xF9, 0xFF,
    0xF4, 0xF6, 0xF9, 0xFF, 0xF4, 0xF6, 0xF9, 0xFF, 0xF4, 0xF6, 0xF9, 0xFF,
    0xF4, 0xF6, 0xF9, 0xFF, 0xF4, 0xF6, 0xF9, 0xFF, 0xF4, 0xF6, 0xF9, 0xFF,
    0xF4, 0xF6, 0xF9, 0xFF, 0xF4, 0xF6, 0xF9, 0xFF, 0xF4, 0xF6, 0xF9, 0xFF,
    0xF4, 0xF6, 0xF9, 0xFF, 0xF4, 0xF6, 0xF9, 0xFF, 0xF4, 0xF6, 0xF9, 0xFF,
    0xF4, 0xF6, 0xF9, 0xFF, 0xF4, 0xF6, 0xF9, 0xFF, 0xF4, 0xF6, 0xF9, 0xFF,
    0xF4, 0xF6, 0xF9, 0xFF, 0xF4, 0xF6, 0xF9, 0xFF, 0xF4, 0xF6, 0xF9, 0xFF,
    0xD1, 0xD5, 0xDD, 0xFF, 0x66, 0x71, 0x89, 0xFF, 0x66, 0x71, 0x89, 0xFF,
    0x66, 0x71, 0x89, 0xFF, 0x66, 0x71, 0x89, 0xFF, 0x66, 0x71, 0x89, 0xFF,
    0x66, 0x71, 0x89, 0xFF, 0x6E, 0x78, 0x8F, 0xFF, 0x50, 0x56, 0x65, 0x64,
    0x00, 0x00, 0x00, 0x18, 0x00, 0x00, 0x00, 0x07, 0x00, 0x00, 0x00, 0x00,
    0x00, 0x00, 0x00, 0x00, 0x00, 0x00, 0x00, 0x07, 0x00, 0x00, 0x00, 0x18,
    0x4D, 0x54, 0x63, 0x63, 0x6B, 0x76, 0x8D, 0xFF, 0x65, 0x70, 0x88, 0xFF,
    0x65, 0x70, 0x88, 0xFF, 0x65, 0x70, 0x88, 0xFF, 0x65, 0x70, 0x88, 0xFF,
    0x65, 0x70, 0x88, 0xFF, 0x65, 0x70, 0x88, 0xFF, 0xCF, 0xD4, 0xDC, 0xFF,
    0xF3, 0xF5, 0xF8, 0xFF, 0xF3, 0xF5, 0xF8, 0xFF, 0xF3, 0xF5, 0xF8, 0xFF,
    0xF3, 0xF5, 0xF8, 0xFF, 0xF3, 0xF5, 0xF8, 0xFF, 0xF3, 0xF5, 0xF8, 0xFF,
    0xF3, 0xF5, 0xF8, 0xFF, 0xF3, 0xF5, 0xF8, 0xFF, 0xF3, 0xF5, 0xF8, 0xFF,
    0xF3, 0xF5, 0xF8, 0xFF, 0xF3, 0xF5, 0xF8, 0xFF, 0xF3, 0xF5, 0xF8, 0xFF,
    0xF3, 0xF5, 0xF8, 0xFF, 0xF3, 0xF5, 0xF8, 0xFF, 0xF3, 0xF5, 0xF8, 0xFF,
    0xF3, 0xF5, 0xF8, 0xFF, 0xF3, 0xF5, 0xF8, 0xFF, 0xF3, 0xF5, 0xF8, 0xFF,
    0xF3, 0xF5, 0xF8, 0xFF, 0xF3, 0xF5, 0xF8, 0xFF, 0xF3, 0xF5, 0xF8, 0xFF,
    0xF3, 0xF5, 0xF8, 0xFF, 0xF3, 0xF5, 0xF8, 0xFF, 0xF3, 0xF5, 0xF8, 0xFF,
    0xCF, 0xD4, 0xDC, 0xFF, 0x65, 0x70, 0x88, 0xFF, 0x65, 0x70, 0x88, 0xFF,
    0x65, 0x70, 0x88, 0xFF, 0x65, 0x70, 0x88, 0xFF, 0x65, 0x70, 0x88, 0xFF,
    0x65, 0x70, 0x88, 0xFF, 0x6B, 0x76, 0x8D, 0xFF, 0x4D, 0x54, 0x63, 0x63,
    0x00, 0x00, 0x00, 0x18, 0x00, 0x00, 0x00, 0x07, 0x00, 0x00, 0x00, 0x00,
    0x00, 0x00, 0x00, 0x00, 0x00, 0x00, 0x00, 0x07, 0x00, 0x00, 0x00, 0x18,
    0x4A, 0x51, 0x60, 0x62, 0x69, 0x73, 0x8A, 0xFF, 0x64, 0x6F, 0x87, 0xFF,
    0x64, 0x6F, 0x87, 0xFF, 0x64, 0x6F, 0x87, 0xFF, 0x64, 0x6F, 0x87, 0xFF,
    0x64, 0x6F, 0x87, 0xFF, 0x64, 0x6F, 0x87, 0xFF, 0xCE, 0xD2, 0xDB, 0xFF,
    0xF1, 0xF4, 0xF7, 0xFF, 0xF1, 0xF4, 0xF7, 0xFF, 0xF1, 0xF4, 0xF7, 0xFF,
    0xF1, 0xF4, 0xF7, 0xFF, 0xF1, 0xF4, 0xF7, 0xFF, 0xF1, 0xF4, 0xF7, 0xFF,
    0xF1, 0xF4, 0xF7, 0xFF, 0xF1, 0xF4, 0xF7, 0xFF, 0xF1, 0xF4, 0xF7, 0xFF,
    0xF1, 0xF4, 0xF7, 0xFF, 0xF1, 0xF4, 0xF7, 0xFF, 0xF1, 0xF4, 0xF7, 0xFF,
    0xF1, 0xF4, 0xF7, 0xFF, 0xF1, 0xF4, 0xF7, 0xFF, 0xF1, 0xF4, 0xF7, 0xFF,
    0xF1, 0xF4, 0xF7, 0xFF, 0xF1, 0xF4, 0xF7, 0xFF, 0xF1, 0xF4, 0xF7, 0xFF,
    0xF1, 0xF4, 0xF7, 0xFF, 0xF1, 0xF4, 0xF7, 0xFF, 0xF1, 0xF4, 0xF7, 0xFF,
    0xF1, 0xF4, 0xF7, 0xFF, 0xF1, 0xF4, 0xF7, 0xFF, 0xF1, 0xF4, 0xF7, 0xFF,
    0xCE, 0xD2, 0xDB, 0xFF, 0x64, 0x6F, 0x87, 0xFF, 0x64, 0x6F, 0x87, 0xFF,
    0x64, 0x6F, 0x87, 0xFF, 0x64, 0x6F, 0x87, 0xFF, 0x64, 0x6F, 0x87, 0xFF,
    0x64, 0x6F, 0x87, 0xFF, 0x69, 0x73, 0x8A, 0xFF, 0x4A, 0x51, 0x60, 0x62,
    0x00, 0x00, 0x00, 0x18, 0x00, 0x00, 0x00, 0x07, 0x00, 0x00, 0x00, 0x00,
    0x00, 0x00, 0x00, 0x00, 0x00, 0x00, 0x00, 0x07, 0x00, 0x00, 0x00, 0x18,
    0x47, 0x4E, 0x5E, 0x62, 0x66, 0x71, 0x88, 0xFF, 0x62, 0x6D, 0x85, 0xFF,
    0x62, 0x6D, 0x85, 0xFF, 0x62, 0x6D, 0x85, 0xFF, 0x62, 0x6D, 0x85, 0xFF,
    0x62, 0x6D, 0x85, 0xFF, 0x62, 0x6D, 0x85, 0xFF, 0xCC, 0xD1, 0xDA, 0xFF,
    0xF0, 0xF2, 0xF7, 0xFF, 0xF0, 0xF2, 0xF7, 0xFF, 0xF0, 0xF2, 0xF7, 0xFF,
    0xF0, 0xF2, 0xF7, 0xFF, 0xF0, 0xF2, 0xF7, 0xFF, 0xF0, 0xF2, 0xF7, 0xFF,
    0xF0, 0xF2, 0xF7, 0xFF, 0xF0, 0xF2, 0xF7, 0xFF, 0xF0, 0xF2, 0xF7, 0xFF,
    0xF0, 0xF2, 0xF7, 0xFF, 0xF0, 0xF2, 0xF7, 0xFF, 0xF0, 0xF2, 0xF7, 0xFF,
    0xF0, 0xF2, 0xF7, 0xFF, 0xF0, 0xF2, 0xF7, 0xFF, 0xF0, 0xF2, 0xF7, 0xFF,
    0xF0, 0xF2, 0xF7, 0xFF, 0xF0, 0xF2, 0xF7, 0xFF, 0xF0, 0xF2, 0xF7, 0xFF,
    0xF0, 0xF2, 0xF7, 0xFF, 0xF0, 0xF2, 0xF7, 0xFF, 0xF0, 0xF2, 0xF7, 0xFF,
    0xF0, 0xF2, 0xF7, 0xFF, 0xF0, 0xF2, 0xF7, 0xFF, 0xF0, 0xF2, 0xF7, 0xFF,
    0xCC, 0xD1, 0xDA, 0xFF, 0x62, 0x6D, 0x85, 0xFF, 0x62, 0x6D, 0x85, 0xFF,
    0x62, 0x6D, 0x85, 0xFF, 0x62, 0x6D, 0x85, 0xFF, 0x62, 0x6D, 0x85, 0xFF,
    0x62, 0x6D, 0x85, 0xFF, 0x66, 0x71, 0x88, 0xFF, 0x47, 0x4E, 0x5E, 0x62,
    0x00, 0x00, 0x00, 0x18, 0x00, 0x00, 0x00, 0x07, 0x00, 0x00, 0x00, 0x00,
    0x00, 0x00, 0x00, 0x00, 0x00, 0x00, 0x00, 0x07, 0x00, 0x00, 0x00, 0x18,
    0x44, 0x4B, 0x5B, 0x61, 0x63, 0x6E, 0x86, 0xFF, 0x61, 0x6C, 0x84, 0xFF,
    0x61, 0x6C, 0x84, 0xFF, 0x61, 0x6C, 0x84, 0xFF, 0x61, 0x6C, 0x84, 0xFF,
    0x61, 0x6C, 0x84, 0xFF, 0x61, 0x6C, 0x84, 0xFF, 0xCB, 0xD0, 0xD9, 0xFF,
    0xEE, 0xF1, 0xF6, 0xFF, 0xEE, 0xF1, 0xF6, 0xFF, 0xEE, 0xF1, 0xF6, 0xFF,
    0xEE, 0xF1, 0xF6, 0xFF, 0xEE, 0xF1, 0xF6, 0xFF, 0xEE, 0xF1, 0xF6, 0xFF,
    0xEE, 0xF1, 0xF6, 0xFF, 0xEE, 0xF1, 0xF6, 0xFF, 0xEE, 0xF1, 0xF6, 0xFF,
    0xEE, 0xF1, 0xF6, 0xFF, 0xEE, 0xF1, 0xF6, 0xFF, 0xEE, 0xF1, 0xF6, 0xFF,
    0xEE, 0xF1, 0xF6, 0xFF, 0xEE, 0xF1, 0xF6, 0xFF, 0xEE, 0xF1, 0xF6, 0xFF,
    0xEE, 0xF1, 0xF6, 0xFF, 0xEE, 0xF1, 0xF6, 0xFF, 0xEE, 0xF1, 0xF6, 0xFF,
    0xEE, 0xF1, 0xF6, 0xFF, 0xEE, 0xF1, 0xF6, 0xFF, 0xEE, 0xF1, 0xF6, 0xFF,
    0xEE, 0xF1, 0xF6, 0xFF, 0xEE, 0xF1, 0xF6, 0xFF, 0xEE, 0xF1, 0xF6, 0xFF,
    0xCB, 0xD0, 0xD9, 0xFF, 0x61, 0x6C, 0x84, 0xFF, 0x61, 0x6C, 0x84, 0xFF,
    0x61, 0x6C, 0x84, 0xFF, 0x61, 0x6C, 0x84, 0xFF, 0x61, 0x6C, 0x84, 0xFF,
    0x61, 0x6C, 0x84, 0xFF, 0x63, 0x6E, 0x86, 0xFF, 0x44, 0x4B, 0x5B, 0x61,
    0x00, 0x00, 0x00, 0x18, 0x00, 0x00, 0x00, 0x07, 0x00, 0x00, 0x00, 0x00,
    0x00, 0x00, 0x00, 0x00, 0x00, 0x00, 0x00, 0x07, 0x00, 0x00, 0x00, 0x18,
    0x41, 0x48, 0x58, 0x60, 0x61, 0x6B, 0x83, 0xFF, 0x60, 0x6B, 0x83, 0xFF,
    0x60, 0x6B, 0x83, 0xFF, 0x60, 0x6B, 0x83, 0xFF, 0x60, 0x6B, 0x83, 0xFF,
    0x60, 0x6B, 0x83, 0xFF, 0x60, 0x6B, 0x83, 0xFF, 0xCA, 0xCF, 0xD8, 0xFF,
    0xED, 0xF0, 0xF5, 0xFF, 0xED, 0xF0, 0xF5, 0xFF, 0xED, 0xF0, 0xF5, 0xFF,
    0xED, 0xF0, 0xF5, 0xFF, 0xED, 0xF0, 0xF5, 0xFF, 0xED, 0xF0, 0xF5, 0xFF,
    0xED, 0xF0, 0xF5, 0xFF, 0xED, 0xF0, 0xF5, 0xFF, 0xED, 0xF0, 0xF5, 0xFF,
    0xED, 0xF0, 0xF5, 0xFF, 0xED, 0xF0, 0xF5, 0xFF, 0xED, 0xF0, 0xF5, 0xFF,
    0xED, 0xF0, 0xF5, 0xFF, 0xED, 0xF0, 0xF5, 0xFF, 0xED, 0xF0, 0xF5, 0xFF,
    0xED, 0xF0, 0xF5, 0xFF, 0xED, 0xF0, 0xF5, 0xFF, 0xED, 0xF0, 0xF5, 0xFF,
    0xED, 0xF0, 0xF5, 0xFF, 0xED, 0xF0, 0xF5, 0xFF, 0xED, 0xF0, 0xF5, 0xFF,
    0xED, 0xF0, 0xF5, 0xFF, 0xED, 0xF0, 0xF5, 0xFF, 0xED, 0xF0, 0xF5, 0xFF,
    0xCA, 0xCF, 0xD8, 0xFF, 0x60, 0x6B, 0x83, 0xFF, 0x60, 0x6B, 0x83, 0xFF,
    0x60, 0x6B, 0x83, 0xFF, 0x60, 0x6B, 0x83, 0xFF, 0x60, 0x6B, 0x83, 0xFF,
    0x60, 0x6B, 0x83, 0xFF, 0x61, 0x6B, 0x83, 0xFF, 0x41, 0x48, 0x58, 0x60,
    0x00, 0x00, 0x00, 0x18, 0x00, 0x00, 0x00, 0x07, 0x00, 0x00, 0x00, 0x00,
    0x00, 0x00, 0x00, 0x00, 0x00, 0x00, 0x00, 0x07, 0x00, 0x00, 0x00, 0x18,
    0x3F, 0x46, 0x56, 0x60, 0x5E, 0x69, 0x81, 0xFF, 0x5E, 0x69, 0x81, 0xFF,
    0x5E, 0x69, 0x81, 0xFF, 0x5E, 0x69, 0x81, 0xFF, 0x5E, 0x69, 0x81, 0xFF,
    0x5E, 0x69, 0x81, 0xFF, 0x5E, 0x69, 0x81, 0xFF, 0xC8, 0xCD, 0xD7, 0xFF,
    0xEB, 0xEF, 0xF4, 0xFF, 0xEB, 0xEF, 0xF4, 0xFF, 0xEB, 0xEF, 0xF4, 0xFF,
    0xEB, 0xEF, 0xF4, 0xFF, 0xEB, 0xEF, 0xF4, 0xFF, 0xEB, 0xEF, 0xF4, 0xFF,
    0xEB, 0xEF, 0xF4, 0xFF, 0xEB, 0xEF, 0xF4, 0xFF, 0xEB, 0xEF, 0xF4, 0xFF,
    0xEB, 0xEF, 0xF4, 0xFF, 0xEB, 0xEF, 0xF4, 0xFF, 0xEB, 0xEF, 0xF4, 0xFF,
    0xEB, 0xEF, 0xF4, 0xFF, 0xEB, 0xEF, 0xF4, 0xFF, 0xEB, 0xEF, 0xF4, 0xFF,
    0xEB, 0xEF, 0xF4, 0xFF, 0xEB, 0xEF, 0xF4, 0xFF, 0xEB, 0xEF, 0xF4, 0xFF,
    0xEB, 0xEF, 0xF4, 0xFF, 0xEB, 0xEF, 0xF4, 0xFF, 0xEB, 0xEF, 0xF4, 0xFF,
    0xEB, 0xEF, 0xF4, 0xFF, 0xEB, 0xEF, 0xF4, 0xFF, 0xEB, 0xEF, 0xF4, 0xFF,
    0xC8, 0xCD, 0xD7, 0xFF, 0x5E, 0x69, 0x81, 0xFF, 0x5E, 0x69, 0x81, 0xFF,
    0x5E, 0x69, 0x81, 0xFF, 0x5E, 0x69, 0x81, 0xFF, 0x5E, 0x69, 0x81, 0xFF,
    0x5E, 0x69, 0x81, 0xFF, 0x5E, 0x69, 0x81, 0xFF, 0x3F, 0x46, 0x56, 0x60,
    0x00, 0x00, 0x00, 0x18, 0x00, 0x00, 0x00, 0x07, 0x00, 0x00, 0x00, 0x00,
    0x00, 0x00, 0x00, 0x00, 0x00, 0x00, 0x00, 0x07, 0x00, 0x00, 0x00, 0x18,
    0x3E, 0x45, 0x55, 0x60, 0x5D, 0x68, 0x80, 0xFF, 0x5D, 0x68, 0x80, 0xFF,
    0x5D, 0x68, 0x80, 0xFF, 0x5D, 0x68, 0x80, 0xFF, 0x5D, 0x68, 0x80, 0xFF,
    0x5D, 0x68, 0x80, 0xFF, 0x5D, 0x68, 0x80, 0xFF, 0xC7, 0xCC, 0xD6, 0xFF,
    0xEA, 0xED, 0xF3, 0xFF, 0xEA, 0xED, 0xF3, 0xFF, 0xEA, 0xED, 0xF3, 0xFF,
    0xEA, 0xED, 0xF3, 0xFF, 0xEA, 0xED, 0xF3, 0xFF, 0xEA, 0xED, 0xF3, 0xFF,
    0xEA, 0xED, 0xF3, 0xFF, 0xEA, 0xED, 0xF3, 0xFF, 0xEA, 0xED, 0xF3, 0xFF,
    0xEA, 0xED, 0xF3, 0xFF, 0xEA, 0xED, 0xF3, 0xFF, 0xEA, 0xED, 0xF3, 0xFF,
    0xEA, 0xED, 0xF3, 0xFF, 0xEA, 0xED, 0xF3, 0xFF, 0xEA, 0xED, 0xF3, 0xFF,
    0xEA, 0xED, 0xF3, 0xFF, 0xEA, 0xED, 0xF3, 0xFF, 0xEA, 0xED, 0xF3, 0xFF,
    0xEA, 0xED, 0xF3, 0xFF, 0xEA, 0xED, 0xF3, 0xFF, 0xEA, 0xED, 0xF3, 0xFF,
    0xEA, 0xED, 0xF3, 0xFF, 0xEA, 0xED, 0xF3, 0xFF, 0xEA, 0xED, 0xF3, 0xFF,
    0xC7, 0xCC, 0xD6, 0xFF, 0x5D, 0x68, 0x80, 0xFF, 0x5D, 0x68, 0x80, 0xFF,
    0x5D, 0x68, 0x80, 0xFF, 0x5D, 0x68, 0x80, 0xFF, 0x5D, 0x68, 0x80, 0xFF,
    0x5D, 0x68, 0x80, 0xFF, 0x5D, 0x68, 0x80, 0xFF, 0x3E, 0x45, 0x55, 0x60,
    0x00, 0x00, 0x00, 0x18, 0x00, 0x00, 0x00, 0x07, 0x00, 0x00, 0x00, 0x00,
    0x00, 0x00, 0x00, 0x00, 0x00, 0x00, 0x00, 0x07, 0x00, 0x00, 0x00, 0x18,
    0x3D, 0x44, 0x54, 0x60, 0x5C, 0x66, 0x7E, 0xFF, 0x5C, 0x66, 0x7E, 0xFF,
    0x5C, 0x66, 0x7E, 0xFF, 0x5C, 0x66, 0x7E, 0xFF, 0x5C, 0x66, 0x7E, 0xFF,
    0x5C, 0x66, 0x7E, 0xFF, 0x5C, 0x66, 0x7E, 0xFF, 0xC5, 0xCB, 0xD5, 0xFF,
    0xE8, 0xEC, 0xF2, 0xFF, 0xE8, 0xEC, 0xF2, 0xFF, 0xE8, 0xEC, 0xF2, 0xFF,
    0xE8, 0xEC, 0xF2, 0xFF, 0xE8, 0xEC, 0xF2, 0xFF, 0xE8, 0xEC, 0xF2, 0xFF,
    0xE8, 0xEC, 0xF2, 0xFF, 0xE8, 0xEC, 0xF2, 0xFF, 0xE8, 0xEC, 0xF2, 0xFF,
    0xE8, 0xEC, 0xF2, 0xFF, 0xE8, 0xEC, 0xF2, 0xFF, 0xE8, 0xEC, 0xF2, 0xFF,
    0xE8, 0xEC, 0xF2, 0xFF, 0xE8, 0xEC, 0xF2, 0xFF, 0xE8, 0xEC, 0xF2, 0xFF,
    0xE8, 0xEC, 0xF2, 0xFF, 0xE8, 0xEC, 0xF2, 0xFF, 0xE8, 0xEC, 0xF2, 0xFF,
    0xE8, 0xEC, 0xF2, 0xFF, 0xE8, 0xEC, 0xF2, 0xFF, 0xE8, 0xEC, 0xF2, 0xFF,
    0xE8, 0xEC, 0xF2, 0xFF, 0xE8, 0xEC, 0xF2, 0xFF, 0xE8, 0xEC, 0xF2, 0xFF,
    0xC5, 0xCB, 0xD5, 0xFF, 0x5C, 0x66, 0x7E, 0xFF, 0x5C, 0x66, 0x7E, 0xFF,
    0x5C, 0x66, 0x7E, 0xFF, 0x5C, 0x66, 0x7E, 0xFF, 0x5C, 0x66, 0x7E, 0xFF,
    0x5C, 0x66, 0x7E, 0xFF, 0x5C, 0x66, 0x7E, 0xFF, 0x3D, 0x44, 0x54, 0x60,
    0x00, 0x00, 0x00, 0x18, 0x00, 0x00, 0x00, 0x07, 0x00, 0x00, 0x00, 0x00,
    0x00, 0x00, 0x00, 0x00, 0x00, 0x00, 0x00, 0x07, 0x00, 0x00, 0x00, 0x18,
    0x3C, 0x43, 0x53, 0x60, 0x5A, 0x65, 0x7D, 0xFF, 0x5A, 0x65, 0x7D, 0xFF,
    0x5A, 0x65, 0x7D, 0xFF, 0x5A, 0x65, 0x7D, 0xFF, 0x5A, 0x65, 0x7D, 0xFF,
    0x5A, 0x65, 0x7D, 0xFF, 0x5A, 0x65, 0x7D, 0xFF, 0xC3, 0xC9, 0xD4, 0xFF,
    0xE7, 0xEB, 0xF2, 0xFF, 0xE7, 0xEB, 0xF2, 0xFF, 0xE7, 0xEB, 0xF2, 0xFF,
    0xE7, 0xEB, 0xF2, 0xFF, 0xE7, 0xEB, 0xF2, 0xFF, 0xE7, 0xEB, 0xF2, 0xFF,
    0xE7, 0xEB, 0xF2, 0xFF, 0xE7, 0xEB, 0xF2, 0xFF, 0xE7, 0xEB, 0xF2, 0xFF,
    0xE7, 0xEB, 0xF2, 0xFF, 0xE7, 0xEB, 0xF2, 0xFF, 0xE7, 0xEB, 0xF2, 0xFF,
    0xE7, 0xEB, 0xF2, 0xFF, 0xE7, 0xEB, 0xF2, 0xFF, 0xE7, 0xEB, 0xF2, 0xFF,
    0xE7, 0xEB, 0xF2, 0xFF, 0xE7, 0xEB, 0xF2, 0xFF, 0xE7, 0xEB, 0xF2, 0xFF,
    0xE7, 0xEB, 0xF2, 0xFF, 0xE7, 0xEB, 0xF2, 0xFF, 0xE7, 0xEB, 0xF2, 0xFF,
    0xE7, 0xEB, 0xF2, 0xFF, 0xE7, 0xEB, 0xF2, 0xFF, 0xE7, 0xEB, 0xF2, 0xFF,
    0xC3, 0xC9, 0xD4, 0xFF, 0x5A, 0x65, 0x7D, 0xFF, 0x5A, 0x65, 0x7D, 0xFF,
    0x5A, 0x65, 0x7D, 0xFF, 0x5A, 0x65, 0x7D, 0xFF, 0x5A, 0x65, 0x7D, 0xFF,
    0x5A, 0x65, 0x7D, 0xFF, 0x5A, 0x65, 0x7D, 0xFF, 0x3C, 0x43, 0x53, 0x60,
    0x00, 0x00, 0x00, 0x18, 0x00, 0x00, 0x00, 0x07, 0x00, 0x00, 0x00, 0x00,
    0x00, 0x00, 0x00, 0x00, 0x00, 0x00, 0x00, 0x07, 0x00, 0x00, 0x00, 0x18,
    0x3B, 0x42, 0x52, 0x60, 0x59, 0x64, 0x7C, 0xFF, 0x59, 0x64, 0x7C, 0xFF,
    0x59, 0x64, 0x7C, 0xFF, 0x59, 0x64, 0x7C, 0xFF, 0x59, 0x64, 0x7C, 0xFF,
    0x59, 0x64, 0x7C, 0xFF, 0x59, 0x64, 0x7C, 0xFF, 0xB2, 0xB9, 0xC6, 0xFF,
    0xE5, 0xEA, 0xF1, 0xFF, 0xE5, 0xEA, 0xF1, 0xFF, 0xE5, 0xEA, 0xF1, 0xFF,
    0xE5, 0xEA, 0xF1, 0xFF, 0xE5, 0xEA, 0xF1, 0xFF, 0xE5, 0xEA, 0xF1, 0xFF,
    0xE5, 0xEA, 0xF1, 0xFF, 0xE5, 0xEA, 0xF1, 0xFF, 0xE5, 0xEA, 0xF1, 0xFF,
    0xE5, 0xEA, 0xF1, 0xFF, 0xE5, 0xEA, 0xF1, 0xFF, 0xE5, 0xEA, 0xF1, 0xFF,
    0xE5, 0xEA, 0xF1, 0xFF, 0xE5, 0xEA, 0xF1, 0xFF, 0xE5, 0xEA, 0xF1, 0xFF,
    0xE5, 0xEA, 0xF1, 0xFF, 0xE5, 0xEA, 0xF1, 0xFF, 0xE5, 0xEA, 0xF1, 0xFF,
    0xE5, 0xEA, 0xF1, 0xFF, 0xE5, 0xEA, 0xF1, 0xFF, 0xE5, 0xEA, 0xF1, 0xFF,
    0xE5, 0xEA, 0xF1, 0xFF, 0xE5, 0xEA, 0xF1, 0xFF, 0xE5, 0xEA, 0xF1, 0xFF,
    0xB2, 0xB9, 0xC6, 0xFF, 0x59, 0x64, 0x7C, 0xFF, 0x59, 0x64, 0x7C, 0xFF,
    0x59, 0x64, 0x7C, 0xFF, 0x59, 0x64, 0x7C, 0xFF, 0x59, 0x64, 0x7C, 0xFF,
    0x59, 0x64, 0x7C, 0xFF, 0x59, 0x64, 0x7C, 0xFF, 0x3B, 0x42, 0x52, 0x60,
    0x00, 0x00, 0x00, 0x18, 0x00, 0x00, 0x00, 0x07, 0x00, 0x00, 0x00, 0x00,
    0x00, 0x00, 0x00, 0x00, 0x00, 0x00, 0x00, 0x07, 0x00, 0x00, 0x00, 0x18,
    0x3A, 0x41, 0x51, 0x60, 0x58, 0x62, 0x7A, 0xFF, 0x58, 0x62, 0x7A, 0xFF,
    0x58, 0x62, 0x7A, 0xFF, 0x58, 0x62, 0x7A, 0xFF, 0x58, 0x62, 0x7A, 0xFF,
    0x58, 0x62, 0x7A, 0xFF, 0x58, 0x62, 0x7A, 0xFF, 0x72, 0x7C, 0x91, 0xFF,
    0xDF, 0xE4, 0xEC, 0xFF, 0xE4, 0xE9, 0xF0, 0xFF, 0xE4, 0xE9, 0xF0, 0xFF,
    0xE4, 0xE9, 0xF0, 0xFF, 0xE4, 0xE9, 0xF0, 0xFF, 0xE4, 0xE9, 0xF0, 0xFF,
    0xE4, 0xE9, 0xF0, 0xFF, 0xE4, 0xE9, 0xF0, 0xFF, 0xE4, 0xE9, 0xF0, 0xFF,
    0xE4, 0xE9, 0xF0, 0xFF, 0xE4, 0xE9, 0xF0, 0xFF, 0xE4, 0xE9, 0xF0, 0xFF,
    0xE4, 0xE9, 0xF0, 0xFF, 0xE4, 0xE9, 0xF0, 0xFF, 0xE4, 0xE9, 0xF0, 0xFF,
    0xE4, 0xE9, 0xF0, 0xFF, 0xE4, 0xE9, 0xF0, 0xFF, 0xE4, 0xE9, 0xF0, 0xFF,
    0xE4, 0xE9, 0xF0, 0xFF, 0xE4, 0xE9, 0xF0, 0xFF, 0xE4, 0xE9, 0xF0, 0xFF,
    0xE4, 0xE9, 0xF0, 0xFF, 0xE4, 0xE9, 0xF0, 0xFF, 0xDF, 0xE4, 0xEC, 0xFF,
    0x72, 0x7C, 0x91, 0xFF, 0x58, 0x62, 0x7A, 0xFF, 0x58, 0x62, 0x7A, 0xFF,
    0x58, 0x62, 0x7A, 0xFF, 0x58, 0x62, 0x7A, 0xFF, 0x58, 0x62, 0x7A, 0xFF,
    0x58, 0x62, 0x7A, 0xFF, 0x58, 0x62, 0x7A, 0xFF, 0x3A, 0x41, 0x51, 0x60,
    0x00, 0x00, 0x00, 0x18, 0x00, 0x00, 0x00, 0x07, 0x00, 0x00, 0x00, 0x00,
    0x00, 0x00, 0x00, 0x00, 0x00, 0x00, 0x00, 0x07, 0x00, 0x00, 0x00, 0x18,
    0x39, 0x40, 0x50, 0x60, 0x56, 0x61, 0x79, 0xFF, 0x56, 0x61, 0x79, 0xFF,
    0x56, 0x61, 0x79, 0xFF, 0x56, 0x61, 0x79, 0xFF, 0x56, 0x61, 0x79, 0xFF,
    0x56, 0x61, 0x79, 0xFF, 0x56, 0x61, 0x79, 0xFF, 0x56, 0x61, 0x79, 0xFF,
    0x72, 0x7B, 0x90, 0xFF, 0xB1, 0xB8, 0xC6, 0xFF, 0xBF, 0xC6, 0xD2, 0xFF,
    0xBF, 0xC6, 0xD2, 0xFF, 0xBF, 0xC6, 0xD2, 0xFF, 0xBF, 0xC6, 0xD2, 0xFF,
    0xBF, 0xC6, 0xD2, 0xFF, 0xBF, 0xC6, 0xD2, 0xFF, 0xBF, 0xC6, 0xD2, 0xFF,
    0xBF, 0xC6, 0xD2, 0xFF, 0xBF, 0xC6, 0xD2, 0xFF, 0xBF, 0xC6, 0xD2, 0xFF,
    0xBF, 0xC6, 0xD2, 0xFF, 0xBF, 0xC6, 0xD2, 0xFF, 0xBF, 0xC6, 0xD2, 0xFF,
    0xBF, 0xC6, 0xD2, 0xFF, 0xBF, 0xC6, 0xD2, 0xFF, 0xBF, 0xC6, 0xD2, 0xFF,
    0xBF, 0xC6, 0xD2, 0xFF, 0xBF, 0xC6, 0xD2, 0xFF, 0xBF, 0xC6, 0xD2, 0xFF,
    0xBF, 0xC6, 0xD2, 0xFF, 0xB1, 0xB8, 0xC6, 0xFF, 0x72, 0x7B, 0x90, 0xFF,
    0x56, 0x61, 0x79, 0xFF, 0x56, 0x61, 0x79, 0xFF, 0x56, 0x61, 0x79, 0xFF,
    0x56, 0x61, 0x79, 0xFF, 0x56, 0x61, 0x79, 0xFF, 0x56, 0x61, 0x79, 0xFF,
    0x56, 0x61, 0x79, 0xFF, 0x56, 0x61, 0x79, 0xFF, 0x39, 0x40, 0x50, 0x60,
    0x00, 0x00, 0x00, 0x18, 0x00, 0x00, 0x00, 0x07, 0x00, 0x00, 0x00, 0x00,
    0x00, 0x00, 0x00, 0x00, 0x00, 0x00, 0x00, 0x07, 0x00, 0x00, 0x00, 0x18,
    0x36, 0x3D, 0x4C, 0x5B, 0x55, 0x5F, 0x77, 0xFF, 0x55, 0x5F, 0x77, 0xFF,
    0x55, 0x5F, 0x77, 0xFF, 0x55, 0x5F, 0x77, 0xFF, 0x55, 0x5F, 0x77, 0xFF,
    0x55, 0x5F, 0x77, 0xFF, 0x55, 0x5F, 0x77, 0xFF, 0x55, 0x5F, 0x77, 0xFF,
    0x55, 0x5F, 0x77, 0xFF, 0x55, 0x5F, 0x77, 0xFF, 0x55, 0x5F, 0x77, 0xFF,
    0x55, 0x5F, 0x77, 0xFF, 0x55, 0x5F, 0x77, 0xFF, 0x55, 0x5F, 0x77, 0xFF,
    0x55, 0x5F, 0x77, 0xFF, 0x55, 0x5F, 0x77, 0xFF, 0x55, 0x5F, 0x77, 0xFF,
    0x55, 0x5F, 0x77, 0xFF, 0x55, 0x5F, 0x77, 0xFF, 0x55, 0x5F, 0x77, 0xFF,
    0x55, 0x5F, 0x77, 0xFF, 0x55, 0x5F, 0x77, 0xFF, 0x55, 0x5F, 0x77, 0xFF,
    0x55, 0x5F, 0x77, 0xFF, 0x55, 0x5F, 0x77, 0xFF, 0x55, 0x5F, 0x77, 0xFF,
    0x55, 0x5F, 0x77, 0xFF, 0x55, 0x5F, 0x77, 0xFF, 0x55, 0x5F, 0x77, 0xFF,
    0x55, 0x5F, 0x77, 0xFF, 0x55, 0x5F, 0x77, 0xFF, 0x55, 0x5F, 0x77, 0xFF,
    0x55, 0x5F, 0x77, 0xFF, 0x55, 0x5F, 0x77, 0xFF, 0x55, 0x5F, 0x77, 0xFF,
    0x55, 0x5F, 0x77, 0xFF, 0x55, 0x5F, 0x77, 0xFF, 0x55, 0x5F, 0x77, 0xFF,
    0x55, 0x5F, 0x77, 0xFF, 0x55, 0x5F, 0x77, 0xFF, 0x36, 0x3D, 0x4C, 0x5B,
    0x00, 0x00, 0x00, 0x18, 0x00, 0x00, 0x00, 0x07, 0x00, 0x00, 0x00, 0x00,
    0x00, 0x00, 0x00, 0x00, 0x00, 0x00, 0x00, 0x07, 0x00, 0x00, 0x00, 0x18,
    0x28, 0x2D, 0x38, 0x47, 0x54, 0x5E, 0x76, 0xFF, 0x54, 0x5E, 0x76, 0xFF,
    0x54, 0x5E, 0x76, 0xFF, 0x54, 0x5E, 0x76, 0xFF, 0x54, 0x5E, 0x76, 0xFF,
    0x54, 0x5E, 0x76, 0xFF, 0x54, 0x5E, 0x76, 0xFF, 0x54, 0x5E, 0x76, 0xFF,
    0x54, 0x5E, 0x76, 0xFF, 0x54, 0x5E, 0x76, 0xFF, 0x54, 0x5E, 0x76, 0xFF,
    0x54, 0x5E, 0x76, 0xFF, 0x54, 0x5E, 0x76, 0xFF, 0x54, 0x5E, 0x76, 0xFF,
    0x54, 0x5E, 0x76, 0xFF, 0x54, 0x5E, 0x76, 0xFF, 0x54, 0x5E, 0x76, 0xFF,
    0x54, 0x5E, 0x76, 0xFF, 0x54, 0x5E, 0x76, 0xFF, 0x54, 0x5E, 0x76, 0xFF,
    0x54, 0x5E, 0x76, 0xFF, 0x54, 0x5E, 0x76, 0xFF, 0x54, 0x5E, 0x76, 0xFF,
    0x54, 0x5E, 0x76, 0xFF, 0x54, 0x5E, 0x76, 0xFF, 0x54, 0x5E, 0x76, 0xFF,
    0x54, 0x5E, 0x76, 0xFF, 0x54, 0x5E, 0x76, 0xFF, 0x54, 0x5E, 0x76, 0xFF,
    0x54, 0x5E, 0x76, 0xFF, 0x54, 0x5E, 0x76, 0xFF, 0x54, 0x5E, 0x76, 0xFF,
    0x54, 0x5E, 0x76, 0xFF, 0x54, 0x5E, 0x76, 0xFF, 0x54, 0x5E, 0x76, 0xFF,
    0x54, 0x5E, 0x76, 0xFF, 0x54, 0x5E, 0x76, 0xFF, 0x54, 0x5E, 0x76, 0xFF,
    0x54, 0x5E, 0x76, 0xFF, 0x54, 0x5E, 0x76, 0xFF, 0x28, 0x2D, 0x38, 0x47,
    0x00, 0x00, 0x00, 0x18, 0x00, 0x00, 0x00, 0x07, 0x00, 0x00, 0x00, 0x00,
    0x00, 0x00, 0x00, 0x00, 0x00, 0x00, 0x00, 0x07, 0x00, 0x00, 0x00, 0x18,
    0x02, 0x02, 0x03, 0x2B, 0x51, 0x5B, 0x73, 0xEF, 0x52, 0x5D, 0x75, 0xFF,
    0x52, 0x5D, 0x75, 0xFF, 0x52, 0x5D, 0x75, 0xFF, 0x52, 0x5D, 0x75, 0xFF,
    0x52, 0x5D, 0x75, 0xFF, 0x52, 0x5D, 0x75, 0xFF, 0x52, 0x5D, 0x75, 0xFF,
    0x52, 0x5D, 0x75, 0xFF, 0x52, 0x5D, 0x75, 0xFF, 0x52, 0x5D, 0x75, 0xFF,
    0x52, 0x5D, 0x75, 0xFF, 0x52, 0x5D, 0x75, 0xFF, 0x52, 0x5D, 0x75, 0xFF,
    0x52, 0x5D, 0x75, 0xFF, 0x52, 0x5D, 0x75, 0xFF, 0x52, 0x5D, 0x75, 0xFF,
    0x52, 0x5D, 0x75, 0xFF, 0x52, 0x5D, 0x75, 0xFF, 0x52, 0x5D, 0x75, 0xFF,
    0x52, 0x5D, 0x75, 0xFF, 0x52, 0x5D, 0x75, 0xFF, 0x52, 0x5D, 0x75, 0xFF,
    0x52, 0x5D, 0x75, 0xFF, 0x52, 0x5D, 0x75, 0xFF, 0x52, 0x5D, 0x75, 0xFF,
    0x52, 0x5D, 0x75, 0xFF, 0x52, 0x5D, 0x75, 0xFF, 0x52, 0x5D, 0x75, 0xFF,
    0x52, 0x5D, 0x75, 0xFF, 0x52, 0x5D, 0x75, 0xFF, 0x52, 0x5D, 0x75, 0xFF,
    0x52, 0x5D, 0x75, 0xFF, 0x52, 0x5D, 0x75, 0xFF, 0x52, 0x5D, 0x75, 0xFF,
    0x52, 0x5D, 0x75, 0xFF, 0x52, 0x5D, 0x75, 0xFF, 0x52, 0x5D, 0x75, 0xFF,
    0x52, 0x5D, 0x75, 0xFF, 0x51, 0x5B, 0x73, 0xEF, 0x02, 0x02, 0x03, 0x2B,
    0x00, 0x00, 0x00, 0x18, 0x00, 0x00, 0x00, 0x07, 0x00, 0x00, 0x00, 0x00,
    0x00, 0x00, 0x00, 0x00, 0x00, 0x00, 0x00, 0x07, 0x00, 0x00, 0x00, 0x17,
    0x00, 0x00, 0x00, 0x27, 0x47, 0x51, 0x66, 0xAE, 0x51, 0x5B, 0x73, 0xFF,
    0x51, 0x5B, 0x73, 0xFF, 0x51, 0x5B, 0x73, 0xFF, 0x51, 0x5B, 0x73, 0xFF,
    0x51, 0x5B, 0x73, 0xFF, 0x51, 0x5B, 0x73, 0xFF, 0x51, 0x5B, 0x73, 0xFF,
    0x51, 0x5B, 0x73, 0xFF, 0x51, 0x5B, 0x73, 0xFF, 0x51, 0x5B, 0x73, 0xFF,
    0x51, 0x5B, 0x73, 0xFF, 0x51, 0x5B, 0x73, 0xFF, 0x51, 0x5B, 0x73, 0xFF,
    0x51, 0x5B, 0x73, 0xFF, 0x51, 0x5B, 0x73, 0xFF, 0x51, 0x5B, 0x73, 0xFF,
    0x51, 0x5B, 0x73, 0xFF, 0x51, 0x5B, 0x73, 0xFF, 0x51, 0x5B, 0x73, 0xFF,
    0x51, 0x5B, 0x73, 0xFF, 0x51, 0x5B, 0x73, 0xFF, 0x51, 0x5B, 0x73, 0xFF,
    0x51, 0x5B, 0x73, 0xFF, 0x51, 0x5B, 0x73, 0xFF, 0x51, 0x5B, 0x73, 0xFF,
    0x51, 0x5B, 0x73, 0xFF, 0x51, 0x5B, 0x73, 0xFF, 0x51, 0x5B, 0x73, 0xFF,
    0x51, 0x5B, 0x73, 0xFF, 0x51, 0x5B, 0x73, 0xFF, 0x51, 0x5B, 0x73, 0xFF,
    0x51, 0x5B, 0x73, 0xFF, 0x51, 0x5B, 0x73, 0xFF, 0x51, 0x5B, 0x73, 0xFF,
    0x51, 0x5B, 0x73, 0xFF, 0x51, 0x5B, 0x73, 0xFF, 0x51, 0x5B, 0x73, 0xFF,
    0x51, 0x5B, 0x73, 0xFF, 0x47, 0x51, 0x66, 0xAE, 0x00, 0x00, 0x00, 0x27,
    0x00, 0x00, 0x00, 0x17, 0x00, 0x00, 0x00, 0x07, 0x00, 0x00, 0x00, 0x00,
    0x00, 0x00, 0x00, 0x00, 0x00, 0x00, 0x00, 0x06, 0x00, 0x00, 0x00, 0x16,
    0x00, 0x00, 0x00, 0x24, 0x27, 0x2C, 0x38, 0x51, 0x4F, 0x5A, 0x72, 0xFD,
    0x50, 0x5A, 0x72, 0xFF, 0x50, 0x5A, 0x72, 0xFF, 0x50, 0x5A, 0x72, 0xFF,
    0x50, 0x5A, 0x72, 0xFF, 0x50, 0x5A, 0x72, 0xFF, 0x50, 0x5A, 0x72, 0xFF,
    0x50, 0x5A, 0x72, 0xFF, 0x50, 0x5A, 0x72, 0xFF, 0x50, 0x5A, 0x72, 0xFF,
    0x50, 0x5A, 0x72, 0xFF, 0x50, 0x5A, 0x72, 0xFF, 0x50, 0x5A, 0x72, 0xFF,
    0x50, 0x5A, 0x72, 0xFF, 0x50, 0x5A, 0x72, 0xFF, 0x50, 0x5A, 0x72, 0xFF,
    0x50, 0x5A, 0x72, 0xFF, 0x50, 0x5A, 0x72, 0xFF, 0x50, 0x5A, 0x72, 0xFF,
    0x50, 0x5A, 0x72, 0xFF, 0x50, 0x5A, 0x72, 0xFF, 0x50, 0x5A, 0x72, 0xFF,
    0x50, 0x5A, 0x72, 0xFF, 0x50, 0x5A, 0x72, 0xFF, 0x50, 0x5A, 0x72, 0xFF,
    0x50, 0x5A, 0x72, 0xFF, 0x50, 0x5A, 0x72, 0xFF, 0x50, 0x5A, 0x72, 0xFF,
    0x50, 0x5A, 0x72, 0xFF, 0x50, 0x5A, 0x72, 0xFF, 0x50, 0x5A, 0x72, 0xFF,
    0x50, 0x5A, 0x72, 0xFF, 0x50, 0x5A, 0x72, 0xFF, 0x50, 0x5A, 0x72, 0xFF,
    0x50, 0x5A, 0x72, 0xFF, 0x50, 0x5A, 0x72, 0xFF, 0x50, 0x5A, 0x72, 0xFF,
    0x4F, 0x5A, 0x72, 0xFD, 0x27, 0x2C, 0x38, 0x51, 0x00, 0x00, 0x00, 0x24,
    0x00, 0x00, 0x00, 0x16, 0x00, 0x00, 0x00, 0x06, 0x00, 0x00, 0x00, 0x00,
    0x00, 0x00, 0x00, 0x00, 0x00, 0x00, 0x00, 0x04, 0x00, 0x00, 0x00, 0x13,
    0x00, 0x00, 0x00, 0x21, 0x00, 0x00, 0x00, 0x2C, 0x43, 0x4B, 0x60, 0xA0,
    0x4E, 0x59, 0x71, 0xFF, 0x4E, 0x59, 0x71, 0xFF, 0x4E, 0x59, 0x71, 0xFF,
    0x4E, 0x59, 0x71, 0xFF, 0x4E, 0x59, 0x71, 0xFF, 0x4E, 0x59, 0x71, 0xFF,
    0x4E, 0x59, 0x71, 0xFF, 0x4E, 0x59, 0x71, 0xFF, 0x4E, 0x59, 0x71, 0xFF,
    0x4E, 0x59, 0x71, 0xFF, 0x4E, 0x59, 0x71, 0xFF, 0x4E, 0x59, 0x71, 0xFF,
    0x4E, 0x59, 0x71, 0xFF, 0x4E, 0x59, 0x71, 0xFF, 0x4E, 0x59, 0x71, 0xFF,
    0x4E, 0x59, 0x71, 0xFF, 0x4E, 0x59, 0x71, 0xFF, 0x4E, 0x59, 0x71, 0xFF,
    0x4E, 0x59, 0x71, 0xFF, 0x4E, 0x59, 0x71, 0xFF, 0x4E, 0x59, 0x71, 0xFF,
    0x4E, 0x59, 0x71, 0xFF, 0x4E, 0x59, 0x71, 0xFF, 0x4E, 0x59, 0x71, 0xFF,
    0x4E, 0x59, 0x71, 0xFF, 0x4E, 0x59, 0x71, 0xFF, 0x4E, 0x59, 0x71, 0xFF,
    0x4E, 0x59, 0x71, 0xFF, 0x4E, 0x59, 0x71, 0xFF, 0x4E, 0x59, 0x71, 0xFF,
    0x4E, 0x59, 0x71, 0xFF, 0x4E, 0x59, 0x71, 0xFF, 0x4E, 0x59, 0x71, 0xFF,
    0x4E, 0x59, 0x71, 0xFF, 0x4E, 0x59, 0x71, 0xFF, 0x4E, 0x59, 0x71, 0xFF,
    0x43, 0x4B, 0x60, 0xA0, 0x00, 0x00, 0x00, 0x2C, 0x00, 0x00, 0x00, 0x21,
    0x00, 0x00, 0x00, 0x13, 0x00, 0x00, 0x00, 0x04, 0x00, 0x00, 0x00, 0x00,
    0x00, 0x00, 0x00, 0x00, 0x00, 0x00, 0x00, 0x01, 0x00, 0x00, 0x00, 0x0F,
    0x00, 0x00, 0x00, 0x1C, 0x00, 0x00, 0x00, 0x27, 0x05, 0x06, 0x08, 0x35,
    0x47, 0x50, 0x66, 0xC3, 0x4D, 0x57, 0x6F, 0xFF, 0x4D, 0x57, 0x6F, 0xFF,
    0x4D, 0x57, 0x6F, 0xFF, 0x4D, 0x57, 0x6F, 0xFF, 0x4D, 0x57, 0x6F, 0xFF,
    0x4D, 0x57, 0x6F, 0xFF, 0x4D, 0x57, 0x6F, 0xFF, 0x4D, 0x57, 0x6F, 0xFF,
    0x4D, 0x57, 0x6F, 0xFF, 0x4D, 0x57, 0x6F, 0xFF, 0x4D, 0x57, 0x6F, 0xFF,
    0x4D, 0x57, 0x6F, 0xFF, 0x4D, 0x57, 0x6F, 0xFF, 0x4D, 0x57, 0x6F, 0xFF,
    0x4D, 0x57, 0x6F, 0xFF, 0x4D, 0x57, 0x6F, 0xFF, 0x4D, 0x57, 0x6F, 0xFF,
    0x4D, 0x57, 0x6F, 0xFF, 0x4D, 0x57, 0x6F, 0xFF, 0x4D, 0x57, 0x6F, 0xFF,
    0x4D, 0x57, 0x6F, 0xFF, 0x4D, 0x57, 0x6F, 0xFF, 0x4D, 0x57, 0x6F, 0xFF,
    0x4D, 0x57, 0x6F, 0xFF, 0x4D, 0x57, 0x6F, 0xFF, 0x4D, 0x57, 0x6F, 0xFF,
    0x4D, 0x57, 0x6F, 0xFF, 0x4D, 0x57, 0x6F, 0xFF, 0x4D, 0x57, 0x6F, 0xFF,
    0x4D, 0x57, 0x6F, 0xFF, 0x4D, 0x57, 0x6F, 0xFF, 0x4D, 0x57, 0x6F, 0xFF,
    0x4D, 0x57, 0x6F, 0xFF, 0x4D, 0x57, 0x6F, 0xFF, 0x47, 0x50, 0x66, 0xC3,
    0x05, 0x06, 0x08, 0x35, 0x00, 0x00, 0x00, 0x27, 0x00, 0x00, 0x00, 0x1C,
    0x00, 0x00, 0x00, 0x0F, 0x00, 0x00, 0x00, 0x01, 0x00, 0x00, 0x00, 0x00,
    0x00, 0x00, 0x00, 0x00, 0x00, 0x00, 0x00, 0x00, 0x00, 0x00, 0x00, 0x0A,
    0x00, 0x00, 0x00, 0x16, 0x00, 0x00, 0x00, 0x21, 0x00, 0x00, 0x00, 0x2A,
    0x07, 0x08, 0x0A, 0x37, 0x43, 0x4C, 0x61, 0xAE, 0x4C, 0x56, 0x6E, 0xFF,
    0x4C, 0x56, 0x6E, 0xFF, 0x4C, 0x56, 0x6E, 0xFF, 0x4C, 0x56, 0x6E, 0xFF,
    0x4C, 0x56, 0x6E, 0xFF, 0x4C, 0x56, 0x6E, 0xFF, 0x4C, 0x56, 0x6E, 0xFF,
    0x4C, 0x56, 0x6E, 0xFF, 0x4C, 0x56, 0x6E, 0xFF, 0x4C, 0x56, 0x6E, 0xFF,
    0x4C, 0x56, 0x6E, 0xFF, 0x4C, 0x56, 0x6E, 0xFF, 0x4C, 0x56, 0x6E, 0xFF,
    0x4C, 0x56, 0x6E, 0xFF, 0x4C, 0x56, 0x6E, 0xFF, 0x4C, 0x56, 0x6E, 0xFF,
    0x4C, 0x56, 0x6E, 0xFF, 0x4C, 0x56, 0x6E, 0xFF, 0x4C, 0x56, 0x6E, 0xFF,
    0x4C, 0x56, 0x6E, 0xFF, 0x4C, 0x56, 0x6E, 0xFF, 0x4C, 0x56, 0x6E, 0xFF,
    0x4C, 0x56, 0x6E, 0xFF, 0x4C, 0x56, 0x6E, 0xFF, 0x4C, 0x56, 0x6E, 0xFF,
    0x4C, 0x56, 0x6E, 0xFF, 0x4C, 0x56, 0x6E, 0xFF, 0x4C, 0x56, 0x6E, 0xFF,
    0x4C, 0x56, 0x6E, 0xFF, 0x4C, 0x56, 0x6E, 0xFF, 0x4C, 0x56, 0x6E, 0xFF,
    0x4C, 0x56, 0x6E, 0xFF, 0x43, 0x4C, 0x61, 0xAE, 0x07, 0x08, 0x0A, 0x37,
    0x00, 0x00, 0x00, 0x2A, 0x00, 0x00, 0x00, 0x21, 0x00, 0x00, 0x00, 0x16,
    0x00, 0x00, 0x00, 0x0A, 0x00, 0x00, 0x00, 0x00, 0x00, 0x00, 0x00, 0x00,
    0x00, 0x00, 0x00, 0x00, 0x00, 0x00, 0x00, 0x00, 0x00, 0x00, 0x00, 0x04,
    0x00, 0x00, 0x00, 0x10, 0x00, 0x00, 0x00, 0x1B, 0x00, 0x00, 0x00, 0x25,
    0x00, 0x00, 0x00, 0x2B, 0x00, 0x00, 0x00, 0x33, 0x2F, 0x35, 0x45, 0x68,
    0x46, 0x4F, 0x65, 0xCC, 0x4A, 0x54, 0x6C, 0xFF, 0x4A, 0x54, 0x6C, 0xFF,
    0x4A, 0x54, 0x6C, 0xFF, 0x4A, 0x54, 0x6C, 0xFF, 0x4A, 0x54, 0x6C, 0xFF,
    0x4A, 0x54, 0x6C, 0xFF, 0x4A, 0x54, 0x6C, 0xFF, 0x4A, 0x54, 0x6C, 0xFF,
    0x4A, 0x54, 0x6C, 0xFF, 0x4A, 0x54, 0x6C, 0xFF, 0x4A, 0x54, 0x6C, 0xFF,
    0x4A, 0x54, 0x6C, 0xFF, 0x4A, 0x54, 0x6C, 0xFF, 0x4A, 0x54, 0x6C, 0xFF,
    0x4A, 0x54, 0x6C, 0xFF, 0x4A, 0x54, 0x6C, 0xFF, 0x4A, 0x54, 0x6C, 0xFF,
    0x4A, 0x54, 0x6C, 0xFF, 0x4A, 0x54, 0x6C, 0xFF, 0x4A, 0x54, 0x6C, 0xFF,
    0x4A, 0x54, 0x6C, 0xFF, 0x4A, 0x54, 0x6C, 0xFF, 0x4A, 0x54, 0x6C, 0xFF,
    0x4A, 0x54, 0x6C, 0xFF, 0x4A, 0x54, 0x6C, 0xFF, 0x4A, 0x54, 0x6C, 0xFF,
    0x4A, 0x54, 0x6C, 0xFF, 0x4A, 0x54, 0x6C, 0xFF, 0x46, 0x4F, 0x65, 0xCC,
    0x2F, 0x35, 0x45, 0x68, 0x00, 0x00, 0x00, 0x33, 0x00, 0x00, 0x00, 0x2B,
    0x00, 0x00, 0x00, 0x25, 0x00, 0x00, 0x00, 0x1B, 0x00, 0x00, 0x00, 0x10,
    0x00, 0x00, 0x00, 0x04, 0x00, 0x00, 0x00, 0x00, 0x00, 0x00, 0x00, 0x00,
    0x00, 0x00, 0x00, 0x00, 0x00, 0x00, 0x00, 0x00, 0x00, 0x00, 0x00, 0x00,
    0x00, 0x00, 0x00, 0x0A, 0x00, 0x00, 0x00, 0x13, 0x00, 0x00, 0x00, 0x1C,
    0x00, 0x00, 0x00, 0x25, 0x00, 0x00, 0x00, 0x2A, 0x00, 0x00, 0x00, 0x31,
    0x00, 0x00, 0x00, 0x34, 0x1D, 0x21, 0x2A, 0x4B, 0x34, 0x3B, 0x4C, 0x77,
    0x3D, 0x45, 0x59, 0x99, 0x3D, 0x45, 0x59, 0x99, 0x3D, 0x45, 0x59, 0x99,
    0x3D, 0x45, 0x59, 0x99, 0x3D, 0x45, 0x59, 0x99, 0x3D, 0x45, 0x59, 0x99,
    0x3D, 0x45, 0x59, 0x99, 0x3D, 0x45, 0x59, 0x99, 0x3D, 0x45, 0x59, 0x99,
    0x3D, 0x45, 0x59, 0x99, 0x3D, 0x45, 0x59, 0x99, 0x3D, 0x45, 0x59, 0x99,
    0x3D, 0x45, 0x59, 0x99, 0x3D, 0x45, 0x59, 0x99, 0x3D, 0x45, 0x59, 0x99,
    0x3D, 0x45, 0x59, 0x99, 0x3D, 0x45, 0x59, 0x99, 0x3D, 0x45, 0x59, 0x99,
    0x3D, 0x45, 0x59, 0x99, 0x3D, 0x45, 0x59, 0x99, 0x3D, 0x45, 0x59, 0x99,
    0x3D, 0x45, 0x59, 0x99, 0x3D, 0x45, 0x59, 0x99, 0x3D, 0x45, 0x59, 0x99,
    0x34, 0x3B, 0x4C, 0x77, 0x1D, 0x21, 0x2A, 0x4B, 0x00, 0x00, 0x00, 0x34,
    0x00, 0x00, 0x00, 0x31, 0x00, 0x00, 0x00, 0x2A, 0x00, 0x00, 0x00, 0x25,
    0x00, 0x00, 0x00, 0x1C, 0x00, 0x00, 0x00, 0x13, 0x00, 0x00, 0x00, 0x0A,
    0x00, 0x00, 0x00, 0x00, 0x00, 0x00, 0x00, 0x00, 0x00, 0x00, 0x00, 0x00,
    0x00, 0x00, 0x00, 0x00, 0x00, 0x00, 0x00, 0x00, 0x00, 0x00, 0x00, 0x00,
    0x00, 0x00, 0x00, 0x01, 0x00, 0x00, 0x00, 0x0C, 0x00, 0x00, 0x00, 0x14,
    0x00, 0x00, 0x00, 0x1C, 0x00, 0x00, 0x00, 0x22, 0x00, 0x00, 0x00, 0x28,
    0x00, 0x00, 0x00, 0x2B, 0x00, 0x00, 0x00, 0x2F, 0x00, 0x00, 0x00, 0x32,
    0x00, 0x00, 0x00, 0x34, 0x00, 0x00, 0x00, 0x34, 0x00, 0x00, 0x00, 0x34,
    0x00, 0x00, 0x00, 0x34, 0x00, 0x00, 0x00, 0x34, 0x00, 0x00, 0x00, 0x34,
    0x00, 0x00, 0x00, 0x34, 0x00, 0x00, 0x00, 0x34, 0x00, 0x00, 0x00, 0x34,
    0x00, 0x00, 0x00, 0x34, 0x00, 0x00, 0x00, 0x34, 0x00, 0x00, 0x00, 0x34,
    0x00, 0x00, 0x00, 0x34, 0x00, 0x00, 0x00, 0x34, 0x00, 0x00, 0x00, 0x34,
    0x00, 0x00, 0x00, 0x34, 0x00, 0x00, 0x00, 0x34, 0x00, 0x00, 0x00, 0x34,
    0x00, 0x00, 0x00, 0x34, 0x00, 0x00, 0x00, 0x34, 0x00, 0x00, 0x00, 0x34,
    0x00, 0x00, 0x00, 0x34, 0x00, 0x00, 0x00, 0x34, 0x00, 0x00, 0x00, 0x34,
    0x00, 0x00, 0x00, 0x32, 0x00, 0x00, 0x00, 0x2F, 0x00, 0x00, 0x00, 0x2B,
    0x00, 0x00, 0x00, 0x28, 0x00, 0x00, 0x00, 0x22, 0x00, 0x00, 0x00, 0x1C,
    0x00, 0x00, 0x00, 0x14, 0x00, 0x00, 0x00, 0x0C, 0x00, 0x00, 0x00, 0x01,
    0x00, 0x00, 0x00, 0x00, 0x00, 0x00, 0x00, 0x00, 0x00, 0x00, 0x00, 0x00,
    0x00, 0x00, 0x00, 0x00, 0x00, 0x00, 0x00, 0x00, 0x00, 0x00, 0x00, 0x00,
    0x00, 0x00, 0x00, 0x00, 0x00, 0x00, 0x00, 0x02, 0x00, 0x00, 0x00, 0x0D,
    0x00, 0x00, 0x00, 0x13, 0x00, 0x00, 0x00, 0x1A, 0x00, 0x00, 0x00, 0x1D,
    0x00, 0x00, 0x00, 0x23, 0x00, 0x00, 0x00, 0x27, 0x00, 0x00, 0x00, 0x28,
    0x00, 0x00, 0x00, 0x28, 0x00, 0x00, 0x00, 0x28, 0x00, 0x00, 0x00, 0x28,
    0x00, 0x00, 0x00, 0x28, 0x00, 0x00, 0x00, 0x28, 0x00, 0x00, 0x00, 0x28,
    0x00, 0x00, 0x00, 0x28, 0x00, 0x00, 0x00, 0x28, 0x00, 0x00, 0x00, 0x28,
    0x00, 0x00, 0x00, 0x28, 0x00, 0x00, 0x00, 0x28, 0x00, 0x00, 0x00, 0x28,
    0x00, 0x00, 0x00, 0x28, 0x00, 0x00, 0x00, 0x28, 0x00, 0x00, 0x00, 0x28,
    0x00, 0x00, 0x00, 0x28, 0x00, 0x00, 0x00, 0x28, 0x00, 0x00, 0x00, 0x28,
    0x00, 0x00, 0x00, 0x28, 0x00, 0x00, 0x00, 0x28, 0x00, 0x00, 0x00, 0x28,
    0x00, 0x00, 0x00, 0x28, 0x00, 0x00, 0x00, 0x28, 0x00, 0x00, 0x00, 0x28,
    0x00, 0x00, 0x00, 0x28, 0x00, 0x00, 0x00, 0x27, 0x00, 0x00, 0x00, 0x23,
    0x00, 0x00, 0x00, 0x1D, 0x00, 0x00, 0x00, 0x1A, 0x00, 0x00, 0x00, 0x13,
    0x00, 0x00, 0x00, 0x0D, 0x00, 0x00, 0x00, 0x02, 0x00, 0x00, 0x00, 0x00,
    0x00, 0x00, 0x00, 0x00, 0x00, 0x00, 0x00, 0x00, 0x00, 0x00, 0x00, 0x00,
    0x00, 0x00, 0x00, 0x00, 0x00, 0x00, 0x00, 0x00, 0x00, 0x00, 0x00, 0x00,
    0x00, 0x00, 0x00, 0x00, 0x00, 0x00, 0x00, 0x00, 0x00, 0x00, 0x00, 0x02,
    0x00, 0x00, 0x00, 0x0B, 0x00, 0x00, 0x00, 0x0F, 0x00, 0x00, 0x00, 0x16,
    0x00, 0x00, 0x00, 0x1B, 0x00, 0x00, 0x00, 0x1B, 0x00, 0x00, 0x00, 0x1D,
    0x00, 0x00, 0x00, 0x1E, 0x00, 0x00, 0x00, 0x1E, 0x00, 0x00, 0x00, 0x1E,
    0x00, 0x00, 0x00, 0x1E, 0x00, 0x00, 0x00, 0x1E, 0x00, 0x00, 0x00, 0x1E,
    0x00, 0x00, 0x00, 0x1E, 0x00, 0x00, 0x00, 0x1E, 0x00, 0x00, 0x00, 0x1E,
    0x00, 0x00, 0x00, 0x1E, 0x00, 0x00, 0x00, 0x1E, 0x00, 0x00, 0x00, 0x1E,
    0x00, 0x00, 0x00, 0x1E, 0x00, 0x00, 0x00, 0x1E, 0x00, 0x00, 0x00, 0x1E,
    0x00, 0x00, 0x00, 0x1E, 0x00, 0x00, 0x00, 0x1E, 0x00, 0x00, 0x00, 0x1E,
    0x00, 0x00, 0x00, 0x1E, 0x00, 0x00, 0x00, 0x1E, 0x00, 0x00, 0x00, 0x1E,
    0x00, 0x00, 0x00, 0x1E, 0x00, 0x00, 0x00, 0x1E, 0x00, 0x00, 0x00, 0x1E,
    0x00, 0x00, 0x00, 0x1D, 0x00, 0x00, 0x00, 0x1B, 0x00, 0x00, 0x00, 0x1B,
    0x00, 0x00, 0x00, 0x16, 0x00, 0x00, 0x00, 0x0F, 0x00, 0x00, 0x00, 0x0B,
    0x00, 0x00, 0x00, 0x02, 0x00, 0x00, 0x00, 0x00, 0x00, 0x00, 0x00, 0x00,
    0x00, 0x00, 0x00, 0x00, 0x00, 0x00, 0x00, 0x00, 0x00, 0x00, 0x00, 0x00,
    0x00, 0x00, 0x00, 0x00, 0x00, 0x00, 0x00, 0x00, 0x00, 0x00, 0x00, 0x00,
    0x00, 0x00, 0x00, 0x00, 0x00, 0x00, 0x00, 0x00, 0x00, 0x00, 0x00, 0x00,
    0x00, 0x00, 0x00, 0x00, 0x00, 0x00, 0x00, 0x07, 0x00, 0x00, 0x00, 0x0D,
    0x00, 0x00, 0x00, 0x0E, 0x00, 0x00, 0x00, 0x12, 0x00, 0x00, 0x00, 0x15,
    0x00, 0x00, 0x00, 0x15, 0x00, 0x00, 0x00, 0x15, 0x00, 0x00, 0x00, 0x15,
    0x00, 0x00, 0x00, 0x15, 0x00, 0x00, 0x00, 0x15, 0x00, 0x00, 0x00, 0x15,
    0x00, 0x00, 0x00, 0x15, 0x00, 0x00, 0x00, 0x15, 0x00, 0x00, 0x00, 0x15,
    0x00, 0x00, 0x00, 0x15, 0x00, 0x00, 0x00, 0x15, 0x00, 0x00, 0x00, 0x15,
    0x00, 0x00, 0x00, 0x15, 0x00, 0x00, 0x00, 0x15, 0x00, 0x00, 0x00, 0x15,
    0x00, 0x00, 0x00, 0x15, 0x00, 0x00, 0x00, 0x15, 0x00, 0x00, 0x00, 0x15,
    0x00, 0x00, 0x00, 0x15, 0x00, 0x00, 0x00, 0x15, 0x00, 0x00, 0x00, 0x15,
    0x00, 0x00, 0x00, 0x15, 0x00, 0x00, 0x00, 0x15, 0x00, 0x00, 0x00, 0x15,
    0x00, 0x00, 0x00, 0x15, 0x00, 0x00, 0x00, 0x12, 0x00, 0x00, 0x00, 0x0E,
    0x00, 0x00, 0x00, 0x0D, 0x00, 0x00, 0x00, 0x07, 0x00, 0x00, 0x00, 0x00,
    0x00, 0x00, 0x00, 0x00, 0x00, 0x00, 0x00, 0x00, 0x00, 0x00, 0x00, 0x00,
    0x00, 0x00, 0x00, 0x00, 0x00, 0x00, 0x00, 0x00, 0x00, 0x00, 0x00, 0x00,
};

const uint8_t ICON_APPLICATION_SMALL[] = {
    0x4C, 0x49, 0x43, 0x32, 0x18, 0x18, 0x00, 0x00,
    0x00, 0x00, 0x00, 0x00, 0x00, 0x00, 0x00, 0x00, 0x00, 0x00, 0x00, 0x00,
    0x00, 0x00, 0x00, 0x00, 0x00, 0x00, 0x00, 0x00, 0x00, 0x00, 0x00, 0x00,
    0x00, 0x00, 0x00, 0x00, 0x00, 0x00, 0x00, 0x00, 0x00, 0x00, 0x00, 0x00,
    0x00, 0x00, 0x00, 0x00, 0x00, 0x00, 0x00, 0x00, 0x00, 0x00, 0x00, 0x00,
    0x00, 0x00, 0x00, 0x00, 0x00, 0x00, 0x00, 0x00, 0x00, 0x00, 0x00, 0x00,
    0x00, 0x00, 0x00, 0x00, 0x00, 0x00, 0x00, 0x00, 0x00, 0x00, 0x00, 0x00,
    0x00, 0x00, 0x00, 0x00, 0x00, 0x00, 0x00, 0x00, 0x00, 0x00, 0x00, 0x00,
    0x00, 0x00, 0x00, 0x00, 0x00, 0x00, 0x00, 0x00, 0x00, 0x00, 0x00, 0x00,
    0x00, 0x00, 0x00, 0x00, 0x00, 0x00, 0x00, 0x00, 0x00, 0x00, 0x00, 0x00,
    0x00, 0x00, 0x00, 0x00, 0xA4, 0xAD, 0xBE, 0x17, 0xA8, 0xB0, 0xC0, 0x76,
    0xA2, 0xAA, 0xBC, 0x93, 0x96, 0xA0, 0xB4, 0x8C, 0x96, 0xA0, 0xB4, 0x8C,
    0x96, 0xA0, 0xB4, 0x8C, 0x96, 0xA0, 0xB4, 0x8C, 0x96, 0xA0, 0xB4, 0x8C,
    0x96, 0xA0, 0xB4, 0x8C, 0x96, 0xA0, 0xB4, 0x8C, 0x96, 0xA0, 0xB4, 0x8C,
    0x96, 0xA0, 0xB4, 0x8C, 0x96, 0xA0, 0xB4, 0x8C, 0xA2, 0xAA, 0xBC, 0x93,
    0xA8, 0xB0, 0xC0, 0x76, 0xA4, 0xAD, 0xBE, 0x17, 0x00, 0x00, 0x00, 0x00,
    0x00, 0x00, 0x00, 0x00, 0x00, 0x00, 0x00, 0x00, 0x00, 0x00, 0x00, 0x00,
    0x00, 0x00, 0x00, 0x00, 0x00, 0x00, 0x00, 0x00, 0x00, 0x00, 0x00, 0x00,
    0x9C, 0xA4, 0xB6, 0x6C, 0x8E, 0x99, 0xAD, 0xF4, 0x7E, 0x8A, 0xA1, 0xFF,
    0x7C, 0x88, 0xA0, 0xFF, 0x7C, 0x88, 0xA0, 0xFF, 0x7C, 0x88, 0xA0, 0xFF,
    0x7C, 0x88, 0xA0, 0xFF, 0x7C, 0x88, 0xA0, 0xFF, 0x7C, 0x88, 0xA0, 0xFF,
    0x7C, 0x88, 0xA0, 0xFF, 0x7C, 0x88, 0xA0, 0xFF, 0x7C, 0x88, 0xA0, 0xFF,
    0x7C, 0x88, 0xA0, 0xFF, 0x7C, 0x88, 0xA0, 0xFF, 0x7C, 0x88, 0xA0, 0xFF,
    0x7E, 0x8A, 0xA1, 0xFF, 0x8E, 0x99, 0xAD, 0xF4, 0x9C, 0xA4, 0xB6, 0x6C,
    0x00, 0x00, 0x00, 0x00, 0x00, 0x00, 0x00, 0x00, 0x00, 0x00, 0x00, 0x00,
    0x00, 0x00, 0x00, 0x00, 0x00, 0x00, 0x00, 0x00, 0x92, 0x9A, 0xAB, 0x58,
    0x84, 0x8F, 0xA5, 0xFE, 0x7A, 0x85, 0x9D, 0xFF, 0x7A, 0x85, 0x9D, 0xFF,
    0x7A, 0x85, 0x9D, 0xFF, 0x7A, 0x85, 0x9D, 0xFF, 0x7A, 0x85, 0x9D, 0xFF,
    0x7A, 0x85, 0x9D, 0xFF, 0x7A, 0x85, 0x9D, 0xFF, 0x7A, 0x85, 0x9D, 0xFF,
    0x7A, 0x85, 0x9D, 0xFF, 0x7A, 0x85, 0x9D, 0xFF, 0x7A, 0x85, 0x9D, 0xFF,
    0x7A, 0x85, 0x9D, 0xFF, 0x7A, 0x85, 0x9D, 0xFF, 0x7A, 0x85, 0x9D, 0xFF,
    0x7A, 0x85, 0x9D, 0xFF, 0x7A, 0x85, 0x9D, 0xFF, 0x84, 0x8F, 0xA5, 0xFE,
    0x92, 0x9A, 0xAB, 0x58, 0x00, 0x00, 0x00, 0x00, 0x00, 0x00, 0x00, 0x00,
    0x00, 0x00, 0x00, 0x00, 0x00, 0x00, 0x00, 0x04, 0x87, 0x90, 0xA4, 0xD8,
    0x77, 0x83, 0x9B, 0xFF, 0x77, 0x83, 0x9B, 0xFF, 0x77, 0x83, 0x9B, 0xFF,
    0x77, 0x83, 0x9B, 0xFF, 0x77, 0x83, 0x9B, 0xFF, 0x77, 0x83, 0x9B, 0xFF,
    0x77, 0x83, 0x9B, 0xFF, 0x77, 0x83, 0x9B, 0xFF, 0x77, 0x83, 0x9B, 0xFF,
    0x77, 0x83, 0x9B, 0xFF, 0x77, 0x83, 0x9B, 0xFF, 0x77, 0x83, 0x9B, 0xFF,
    0x77, 0x83, 0x9B, 0xFF, 0x77, 0x83, 0x9B, 0xFF, 0x77, 0x83, 0x9B, 0xFF,
    0x77, 0x83, 0x9B, 0xFF, 0x77, 0x83, 0x9B, 0xFF, 0x77, 0x83, 0x9B, 0xFF,
    0x87, 0x90, 0xA4, 0xD8, 0x00, 0x00, 0x00, 0x04, 0x00, 0x00, 0x00, 0x00,
    0x00, 0x00, 0x00, 0x00, 0x4B, 0x50, 0x59, 0x25, 0x80, 0x8B, 0xA1, 0xFF,
    0x74, 0x80, 0x98, 0xFF, 0x74, 0x80, 0x98, 0xFF, 0x74, 0x80, 0x98, 0xFF,
    0x74, 0x80, 0x98, 0xFF, 0x74, 0x80, 0x98, 0xFF, 0x74, 0x80, 0x98, 0xFF,
    0x74, 0x80, 0x98, 0xFF, 0x74, 0x80, 0x98, 0xFF, 0x74, 0x80, 0x98, 0xFF,
    0x74, 0x80, 0x98, 0xFF, 0x74, 0x80, 0x98, 0xFF, 0x74, 0x80, 0x98, 0xFF,
    0x74, 0x80, 0x98, 0xFF, 0x74, 0x80, 0x98, 0xFF, 0x74, 0x80, 0x98, 0xFF,
    0x74, 0x80, 0x98, 0xFF, 0x74, 0x80, 0x98, 0xFF, 0x74, 0x80, 0x98, 0xFF,
    0x80, 0x8B, 0xA1, 0xFF, 0x4B, 0x50, 0x59, 0x25, 0x00, 0x00, 0x00, 0x00,
    0x00, 0x00, 0x00, 0x01, 0x54, 0x59, 0x65, 0x40, 0x7A, 0x85, 0x9B, 0xFF,
    0x72, 0x7D, 0x95, 0xFF, 0x72, 0x7D, 0x95, 0xFF, 0x72, 0x7D, 0x95, 0xFF,
    0x72, 0x7D, 0x95, 0xFF, 0x72, 0x7D, 0x95, 0xFF, 0x72, 0x7D, 0x95, 0xFF,
    0x72, 0x7D, 0x95, 0xFF, 0x72, 0x7D, 0x95, 0xFF, 0x72, 0x7D, 0x95, 0xFF,
    0x72, 0x7D, 0x95, 0xFF, 0x72, 0x7D, 0x95, 0xFF, 0x72, 0x7D, 0x95, 0xFF,
    0x72, 0x7D, 0x95, 0xFF, 0x72, 0x7D, 0x95, 0xFF, 0x72, 0x7D, 0x95, 0xFF,
    0x72, 0x7D, 0x95, 0xFF, 0x72, 0x7D, 0x95, 0xFF, 0x72, 0x7D, 0x95, 0xFF,
    0x7A, 0x85, 0x9B, 0xFF, 0x54, 0x59, 0x65, 0x40, 0x00, 0x00, 0x00, 0x01,
    0x00, 0x00, 0x00, 0x03, 0x4D, 0x53, 0x5E, 0x42, 0x76, 0x81, 0x98, 0xFF,
    0x6F, 0x7A, 0x92, 0xFF, 0x6F, 0x7A, 0x92, 0xFF, 0x6C, 0x76, 0x8C, 0xFF,
    0x5C, 0x64, 0x79, 0xFF, 0x5C, 0x64, 0x79, 0xFF, 0x5C, 0x64, 0x79, 0xFF,
    0x5C, 0x64, 0x79, 0xFF, 0x5C, 0x64, 0x79, 0xFF, 0x5C, 0x64, 0x79, 0xFF,
    0x5C, 0x64, 0x79, 0xFF, 0x5C, 0x64, 0x79, 0xFF, 0x5C, 0x64, 0x79, 0xFF,
    0x5C, 0x64, 0x79, 0xFF, 0x5C, 0x64, 0x79, 0xFF, 0x5C, 0x64, 0x79, 0xFF,
    0x6C, 0x76, 0x8C, 0xFF, 0x6F, 0x7A, 0x92, 0xFF, 0x6F, 0x7A, 0x92, 0xFF,
    0x76, 0x81, 0x98, 0xFF, 0x4D, 0x53, 0x5E, 0x42, 0x00, 0x00, 0x00, 0x03,
    0x00, 0x00, 0x00, 0x04, 0x49, 0x4E, 0x5A, 0x41, 0x73, 0x7D, 0x94, 0xFF,
    0x6C, 0x78, 0x90, 0xFF, 0x6C, 0x78, 0x90, 0xFF, 0x85, 0x8D, 0x9F, 0xFF,
    0x73, 0x7A, 0x8D, 0xFF, 0xCA, 0xCF, 0xD9, 0xFF, 0x84, 0x8B, 0x9C, 0xFF,
    0xB9, 0xBE, 0xCA, 0xFF, 0x96, 0x9C, 0xAB, 0xFF, 0xA7, 0xAD, 0xBB, 0xFF,
    0x5C, 0x64, 0x79, 0xFF, 0x5C, 0x64, 0x79, 0xFF, 0x5C, 0x64, 0x79, 0xFF,
    0x5C, 0x64, 0x79, 0xFF, 0x5C, 0x64, 0x79, 0xFF, 0x5C, 0x64, 0x79, 0xFF,
    0x85, 0x8D, 0x9F, 0xFF, 0x6C, 0x78, 0x90, 0xFF, 0x6C, 0x78, 0x90, 0xFF,
    0x73, 0x7D, 0x94, 0xFF, 0x49, 0x4E, 0x5A, 0x41, 0x00, 0x00, 0x00, 0x04,
    0x00, 0x00, 0x00, 0x04, 0x45, 0x4A, 0x56, 0x40, 0x6F, 0x7A, 0x91, 0xFF,
    0x6A, 0x75, 0x8D, 0xFF, 0x6A, 0x75, 0x8D, 0xFF, 0x90, 0x98, 0xA9, 0xFF,
    0x90, 0x97, 0xA7, 0xFF, 0x90, 0x97, 0xA7, 0xFF, 0x90, 0x97, 0xA7, 0xFF,
    0x90, 0x97, 0xA7, 0xFF, 0x90, 0x97, 0xA7, 0xFF, 0x90, 0x97, 0xA7, 0xFF,
    0x90, 0x97, 0xA7, 0xFF, 0x90, 0x97, 0xA7, 0xFF, 0x90, 0x97, 0xA7, 0xFF,
    0x90, 0x97, 0xA7, 0xFF, 0x90, 0x97, 0xA7, 0xFF, 0x90, 0x97, 0xA7, 0xFF,
    0x90, 0x98, 0xA9, 0xFF, 0x6A, 0x75, 0x8D, 0xFF, 0x6A, 0x75, 0x8D, 0xFF,
    0x6F, 0x7A, 0x91, 0xFF, 0x45, 0x4A, 0x56, 0x40, 0x00, 0x00, 0x00, 0x04,
    0x00, 0x00, 0x00, 0x04, 0x40, 0x46, 0x51, 0x40, 0x6B, 0x76, 0x8D, 0xFF,
    0x67, 0x72, 0x8A, 0xFF, 0x67, 0x72, 0x8A, 0xFF, 0x9F, 0xA6, 0xB6, 0xFF,
    0xE6, 0xEA, 0xEF, 0xFF, 0xE6, 0xEA, 0xEF, 0xFF, 0xE6, 0xEA, 0xEF, 0xFF,
    0xE6, 0xEA, 0xEF, 0xFF, 0xE6, 0xEA, 0xEF, 0xFF, 0xE6, 0xEA, 0xEF, 0xFF,
    0xE6, 0xEA, 0xEF, 0xFF, 0xE6, 0xEA, 0xEF, 0xFF, 0xE6, 0xEA, 0xEF, 0xFF,
    0xE6, 0xEA, 0xEF, 0xFF, 0xE6, 0xEA, 0xEF, 0xFF, 0xE6, 0xEA, 0xEF, 0xFF,
    0x9F, 0xA6, 0xB6, 0xFF, 0x67, 0x72, 0x8A, 0xFF, 0x67, 0x72, 0x8A, 0xFF,
    0x6B, 0x76, 0x8D, 0xFF, 0x40, 0x46, 0x51, 0x40, 0x00, 0x00, 0x00, 0x04,
    0x00, 0x00, 0x00, 0x04, 0x3C, 0x41, 0x4D, 0x3F, 0x67, 0x72, 0x89, 0xFF,
    0x64, 0x6F, 0x87, 0xFF, 0x64, 0x6F, 0x87, 0xFF, 0x99, 0xA1, 0xB2, 0xFF,
    0xF2, 0xF4, 0xF8, 0xFF, 0xF2, 0xF4, 0xF8, 0xFF, 0xF2, 0xF4, 0xF8, 0xFF,
    0xF2, 0xF4, 0xF8, 0xFF, 0xF2, 0xF4, 0xF8, 0xFF, 0xF2, 0xF4, 0xF8, 0xFF,
    0xF2, 0xF4, 0xF8, 0xFF, 0xF2, 0xF4, 0xF8, 0xFF, 0xF2, 0xF4, 0xF8, 0xFF,
    0xF2, 0xF4, 0xF8, 0xFF, 0xF2, 0xF4, 0xF8, 0xFF, 0xF2, 0xF4, 0xF8, 0xFF,
    0x99, 0xA1, 0xB2, 0xFF, 0x64, 0x6F, 0x87, 0xFF, 0x64, 0x6F, 0x87, 0xFF,
    0x67, 0x72, 0x89, 0xFF, 0x3C, 0x41, 0x4D, 0x3F, 0x00, 0x00, 0x00, 0x04,
    0x00, 0x00, 0x00, 0x04, 0x37, 0x3C, 0x49, 0x3E, 0x63, 0x6E, 0x86, 0xFF,
    0x62, 0x6D, 0x85, 0xFF, 0x62, 0x6D, 0x85, 0xFF, 0x97, 0x9F, 0xAF, 0xFF,
    0xEF, 0xF2, 0xF6, 0xFF, 0xEF, 0xF2, 0xF6, 0xFF, 0xEF, 0xF2, 0xF6, 0xFF,
    0xEF, 0xF2, 0xF6, 0xFF, 0xEF, 0xF2, 0xF6, 0xFF, 0xEF, 0xF2, 0xF6, 0xFF,
    0xEF, 0xF2, 0xF6, 0xFF, 0xEF, 0xF2, 0xF6, 0xFF, 0xEF, 0xF2, 0xF6, 0xFF,
    0xEF, 0xF2, 0xF6, 0xFF, 0xEF, 0xF2, 0xF6, 0xFF, 0xEF, 0xF2, 0xF6, 0xFF,
    0x97, 0x9F, 0xAF, 0xFF, 0x62, 0x6D, 0x85, 0xFF, 0x62, 0x6D, 0x85, 0xFF,
    0x63, 0x6E, 0x86, 0xFF, 0x37, 0x3C, 0x49, 0x3E, 0x00, 0x00, 0x00, 0x04,
    0x00, 0x00, 0x00, 0x04, 0x32, 0x38, 0x44, 0x3D, 0x5F, 0x6A, 0x82, 0xFF,
    0x5F, 0x6A, 0x82, 0xFF, 0x5F, 0x6A, 0x82, 0xFF, 0x94, 0x9C, 0xAD, 0xFF,
    0xEC, 0xEF, 0xF5, 0xFF, 0xEC, 0xEF, 0xF5, 0xFF, 0xEC, 0xEF, 0xF5, 0xFF,
    0xEC, 0xEF, 0xF5, 0xFF, 0xEC, 0xEF, 0xF5, 0xFF, 0xEC, 0xEF, 0xF5, 0xFF,
    0xEC, 0xEF, 0xF5, 0xFF, 0xEC, 0xEF, 0xF5, 0xFF, 0xEC, 0xEF, 0xF5, 0xFF,
    0xEC, 0xEF, 0xF5, 0xFF, 0xEC, 0xEF, 0xF5, 0xFF, 0xEC, 0xEF, 0xF5, 0xFF,
    0x94, 0x9C, 0xAD, 0xFF, 0x5F, 0x6A, 0x82, 0xFF, 0x5F, 0x6A, 0x82, 0xFF,
    0x5F, 0x6A, 0x82, 0xFF, 0x32, 0x38, 0x44, 0x3D, 0x00, 0x00, 0x00, 0x04,
    0x00, 0x00, 0x00, 0x04, 0x30, 0x36, 0x42, 0x3D, 0x5C, 0x67, 0x7F, 0xFF,
    0x5C, 0x67, 0x7F, 0xFF, 0x5C, 0x67, 0x7F, 0xFF, 0x91, 0x99, 0xAA, 0xFF,
    0xE9, 0xED, 0xF3, 0xFF, 0xE9, 0xED, 0xF3, 0xFF, 0xE9, 0xED, 0xF3, 0xFF,
    0xE9, 0xED, 0xF3, 0xFF, 0xE9, 0xED, 0xF3, 0xFF, 0xE9, 0xED, 0xF3, 0xFF,
    0xE9, 0xED, 0xF3, 0xFF, 0xE9, 0xED, 0xF3, 0xFF, 0xE9, 0xED, 0xF3, 0xFF,
    0xE9, 0xED, 0xF3, 0xFF, 0xE9, 0xED, 0xF3, 0xFF, 0xE9, 0xED, 0xF3, 0xFF,
    0x91, 0x99, 0xAA, 0xFF, 0x5C, 0x67, 0x7F, 0xFF, 0x5C, 0x67, 0x7F, 0xFF,
    0x5C, 0x67, 0x7F, 0xFF, 0x30, 0x36, 0x42, 0x3D, 0x00, 0x00, 0x00, 0x04,
    0x00, 0x00, 0x00, 0x04, 0x2F, 0x34, 0x41, 0x3D, 0x5A, 0x64, 0x7C, 0xFF,
    0x5A, 0x64, 0x7C, 0xFF, 0x5A, 0x64, 0x7C, 0xFF, 0x8A, 0x93, 0xA5, 0xFF,
    0xE6, 0xEA, 0xF1, 0xFF, 0xE6, 0xEA, 0xF1, 0xFF, 0xE6, 0xEA, 0xF1, 0xFF,
    0xE6, 0xEA, 0xF1, 0xFF, 0xE6, 0xEA, 0xF1, 0xFF, 0xE6, 0xEA, 0xF1, 0xFF,
    0xE6, 0xEA, 0xF1, 0xFF, 0xE6, 0xEA, 0xF1, 0xFF, 0xE6, 0xEA, 0xF1, 0xFF,
    0xE6, 0xEA, 0xF1, 0xFF, 0xE6, 0xEA, 0xF1, 0xFF, 0xE6, 0xEA, 0xF1, 0xFF,
    0x8A, 0x93, 0xA5, 0xFF, 0x5A, 0x64, 0x7C, 0xFF, 0x5A, 0x64, 0x7C, 0xFF,
    0x5A, 0x64, 0x7C, 0xFF, 0x2F, 0x34, 0x41, 0x3D, 0x00, 0x00, 0x00, 0x04,
    0x00, 0x00, 0x00, 0x04, 0x2D, 0x33, 0x3F, 0x3D, 0x57, 0x62, 0x7A, 0xFF,
    0x57, 0x62, 0x7A, 0xFF, 0x57, 0x62, 0x7A, 0xFF, 0x5D, 0x67, 0x7F, 0xFF,
    0xB5, 0xBC, 0xC9, 0xFF, 0xC0, 0xC6, 0xD2, 0xFF, 0xC0, 0xC6, 0xD2, 0xFF,
    0xC0, 0xC6, 0xD2, 0xFF, 0xC0, 0xC6, 0xD2, 0xFF, 0xC0, 0xC6, 0xD2, 0xFF,
    0xC0, 0xC6, 0xD2, 0xFF, 0xC0, 0xC6, 0xD2, 0xFF, 0xC0, 0xC6, 0xD2, 0xFF,
    0xC0, 0xC6, 0xD2, 0xFF, 0xC0, 0xC6, 0xD2, 0xFF, 0xB5, 0xBC, 0xC9, 0xFF,
    0x5D, 0x67, 0x7F, 0xFF, 0x57, 0x62, 0x7A, 0xFF, 0x57, 0x62, 0x7A, 0xFF,
    0x57, 0x62, 0x7A, 0xFF, 0x2D, 0x33, 0x3F, 0x3D, 0x00, 0x00, 0x00, 0x04,
    0x00, 0x00, 0x00, 0x04, 0x24, 0x29, 0x33, 0x35, 0x54, 0x5F, 0x77, 0xFF,
    0x54, 0x5F, 0x77, 0xFF, 0x54, 0x5F, 0x77, 0xFF, 0x54, 0x5F, 0x77, 0xFF,
    0x54, 0x5F, 0x77, 0xFF, 0x54, 0x5F, 0x77, 0xFF, 0x54, 0x5F, 0x77, 0xFF,
    0x54, 0x5F, 0x77, 0xFF, 0x54, 0x5F, 0x77, 0xFF, 0x54, 0x5F, 0x77, 0xFF,
    0x54, 0x5F, 0x77, 0xFF, 0x54, 0x5F, 0x77, 0xFF, 0x54, 0x5F, 0x77, 0xFF,
    0x54, 0x5F, 0x77, 0xFF, 0x54, 0x5F, 0x77, 0xFF, 0x54, 0x5F, 0x77, 0xFF,
    0x54, 0x5F, 0x77, 0xFF, 0x54, 0x5F, 0x77, 0xFF, 0x54, 0x5F, 0x77, 0xFF,
    0x54, 0x5F, 0x77, 0xFF, 0x24, 0x29, 0x33, 0x35, 0x00, 0x00, 0x00, 0x04,
    0x00, 0x00, 0x00, 0x03, 0x00, 0x00, 0x00, 0x20, 0x50, 0x5A, 0x71, 0xE7,
    0x52, 0x5C, 0x74, 0xFF, 0x52, 0x5C, 0x74, 0xFF, 0x52, 0x5C, 0x74, 0xFF,
    0x52, 0x5C, 0x74, 0xFF, 0x52, 0x5C, 0x74, 0xFF, 0x52, 0x5C, 0x74, 0xFF,
    0x52, 0x5C, 0x74, 0xFF, 0x52, 0x5C, 0x74, 0xFF, 0x52, 0x5C, 0x74, 0xFF,
    0x52, 0x5C, 0x74, 0xFF, 0x52, 0x5C, 0x74, 0xFF, 0x52, 0x5C, 0x74, 0xFF,
    0x52, 0x5C, 0x74, 0xFF, 0x52, 0x5C, 0x74, 0xFF, 0x52, 0x5C, 0x74, 0xFF,
    0x52, 0x5C, 0x74, 0xFF, 0x52, 0x5C, 0x74, 0xFF, 0x52, 0x5C, 0x74, 0xFF,
    0x50, 0x5A, 0x71, 0xE7, 0x00, 0x00, 0x00, 0x20, 0x00, 0x00, 0x00, 0x03,
    0x00, 0x00, 0x00, 0x02, 0x00, 0x00, 0x00, 0x1B, 0x3E, 0x46, 0x59, 0x88,
    0x4F, 0x59, 0x71, 0xFF, 0x4F, 0x59, 0x71, 0xFF, 0x4F, 0x59, 0x71, 0xFF,
    0x4F, 0x59, 0x71, 0xFF, 0x4F, 0x59, 0x71, 0xFF, 0x4F, 0x59, 0x71, 0xFF,
    0x4F, 0x59, 0x71, 0xFF, 0x4F, 0x59, 0x71, 0xFF, 0x4F, 0x59, 0x71, 0xFF,
    0x4F, 0x59, 0x71, 0xFF, 0x4F, 0x59, 0x71, 0xFF, 0x4F, 0x59, 0x71, 0xFF,
    0x4F, 0x59, 0x71, 0xFF, 0x4F, 0x59, 0x71, 0xFF, 0x4F, 0x59, 0x71, 0xFF,
    0x4F, 0x59, 0x71, 0xFF, 0x4F, 0x59, 0x71, 0xFF, 0x4F, 0x59, 0x71, 0xFF,
    0x3E, 0x46, 0x59, 0x88, 0x00, 0x00, 0x00, 0x1B, 0x00, 0x00, 0x00, 0x02,
    0x00, 0x00, 0x00, 0x00, 0x00, 0x00, 0x00, 0x13, 0x00, 0x00, 0x00, 0x29,
    0x43, 0x4C, 0x61, 0xAB, 0x4C, 0x56, 0x6E, 0xFF, 0x4C, 0x56, 0x6E, 0xFF,
    0x4C, 0x56, 0x6E, 0xFF, 0x4C, 0x56, 0x6E, 0xFF, 0x4C, 0x56, 0x6E, 0xFF,
    0x4C, 0x56, 0x6E, 0xFF, 0x4C, 0x56, 0x6E, 0xFF, 0x4C, 0x56, 0x6E, 0xFF,
    0x4C, 0x56, 0x6E, 0xFF, 0x4C, 0x56, 0x6E, 0xFF, 0x4C, 0x56, 0x6E, 0xFF,
    0x4C, 0x56, 0x6E, 0xFF, 0x4C, 0x56, 0x6E, 0xFF, 0x4C, 0x56, 0x6E, 0xFF,
    0x4C, 0x56, 0x6E, 0xFF, 0x4C, 0x56, 0x6E, 0xFF, 0x43, 0x4C, 0x61, 0xAB,
    0x00, 0x00, 0x00, 0x29, 0x00, 0x00, 0x00, 0x13, 0x00, 0x00, 0x00, 0x00,
    0x00, 0x00, 0x00, 0x00, 0x00, 0x00, 0x00, 0x07, 0x00, 0x00, 0x00, 0x1C,
    0x00, 0x00, 0x00, 0x2B, 0x2F, 0x35, 0x45, 0x68, 0x42, 0x4A, 0x60, 0xB2,
    0x45, 0x4E, 0x65, 0xCC, 0x45, 0x4E, 0x65, 0xCC, 0x45, 0x4E, 0x65, 0xCC,
    0x45, 0x4E, 0x65, 0xCC, 0x45, 0x4E, 0x65, 0xCC, 0x45, 0x4E, 0x65, 0xCC,
    0x45, 0x4E, 0x65, 0xCC, 0x45, 0x4E, 0x65, 0xCC, 0x45, 0x4E, 0x65, 0xCC,
    0x45, 0x4E, 0x65, 0xCC, 0x45, 0x4E, 0x65, 0xCC, 0x45, 0x4E, 0x65, 0xCC,
    0x42, 0x4A, 0x60, 0xB2, 0x2F, 0x35, 0x45, 0x68, 0x00, 0x00, 0x00, 0x2B,
    0x00, 0x00, 0x00, 0x1C, 0x00, 0x00, 0x00, 0x07, 0x00, 0x00, 0x00, 0x00,
    0x00, 0x00, 0x00, 0x00, 0x00, 0x00, 0x00, 0x00, 0x00, 0x00, 0x00, 0x0C,
    0x00, 0x00, 0x00, 0x1B, 0x00, 0x00, 0x00, 0x25, 0x00, 0x00, 0x00, 0x2C,
    0x00, 0x00, 0x00, 0x2E, 0x00, 0x00, 0x00, 0x2E, 0x00, 0x00, 0x00, 0x2E,
    0x00, 0x00, 0x00, 0x2E, 0x00, 0x00, 0x00, 0x2E, 0x00, 0x00, 0x00, 0x2E,
    0x00, 0x00, 0x00, 0x2E, 0x00, 0x00, 0x00, 0x2E, 0x00, 0x00, 0x00, 0x2E,
    0x00, 0x00, 0x00, 0x2E, 0x00, 0x00, 0x00, 0x2E, 0x00, 0x00, 0x00, 0x2E,
    0x00, 0x00, 0x00, 0x2C, 0x00, 0x00, 0x00, 0x25, 0x00, 0x00, 0x00, 0x1B,
    0x00, 0x00, 0x00, 0x0C, 0x00, 0x00, 0x00, 0x00, 0x00, 0x00, 0x00, 0x00,
    0x00, 0x00, 0x00, 0x00, 0x00, 0x00, 0x00, 0x00, 0x00, 0x00, 0x00, 0x00,
    0x00, 0x00, 0x00, 0x08, 0x00, 0x00, 0x00, 0x13, 0x00, 0x00, 0x00, 0x17,
    0x00, 0x00, 0x00, 0x1B, 0x00, 0x00, 0x00, 0x1B, 0x00, 0x00, 0x00, 0x1B,
    0x00, 0x00, 0x00, 0x1B, 0x00, 0x00, 0x00, 0x1B, 0x00, 0x00, 0x00, 0x1B,
    0x00, 0x00, 0x00, 0x1B, 0x00, 0x00, 0x00, 0x1B, 0x00, 0x00, 0x00, 0x1B,
    0x00, 0x00, 0x00, 0x1B, 0x00, 0x00, 0x00, 0x1B, 0x00, 0x00, 0x00, 0x1B,
    0x00, 0x00, 0x00, 0x17, 0x00, 0x00, 0x00, 0x13, 0x00, 0x00, 0x00, 0x08,
    0x00, 0x00, 0x00, 0x00, 0x00, 0x00, 0x00, 0x00, 0x00, 0x00, 0x00, 0x00,
};

